patient_id,full_name,gender,date_of_birth,phone,email,national_id,city,primary_hospital_id,last_updated
P000001,Yash Joshi,M,1974-10-09,+91 86953 31324,yash.joshi408@example.net,523126635034,Chennai,H05,2025-12-28 17:08:30
P000002,Siddharth Desai,M,1952-03-20,7922489613,siddharth.desai135@example.net,678503099958,Mumbai,H02,2025-01-12 21:01:39
P000003,Aarti Shah,f,1946-05-26,8956080684,aarti.shah474@example.net,222995988455,Delhi,H03,2025-09-27 11:47:25
P000004,Mansi Gupta,F,1939-08-22,831 631 2083,mansi.gupta848@example.net,230520467224,Chandigarh,H04,2025-08-05 14:39:49
P000005,Pooja Mehta,F,2023-01-26,816 117 4484,pooja.mehta633@example.net,556877656170,Pune,H04,2025-12-30 15:13:39
P000006,Mohit Malhotra,M,19/09/1997,+91 95066 46202,mohit.malhotra68@example.com,750889457195,chennai,H03,2025-05-09 18:25:32
P000007,Sanjay Joshi,male,1991-09-30,8573087404,sanjay.joshi668@mail.example.com,615231972290, Pune,H01,2025-03-02 08:28:27
P000008,Sanjay Verma,MALE,06/03/1998,7325423548,sanjay.verma999@example.net,926185884191,delhi,H03,2025-06-17 13:18:32
P000009,Komal Iyer,F,07/03/2011,07085504923,komal.iyer419@mail.example.com,772518123075,Mumbai,H02,2025-01-25 11:19:44
P000010,Shweta Nair,Female,1952-09-08,89738-65089,shweta.nair301@example.org,434952053360,Bangalore,H04,2025-07-19 13:39:36
P000011,Bhavna Thakur,F,23/05/1965,905 517 1176,,878462995912,bengaluru,H06,2025-10-31 14:55:16
P000012,Prakash Mishra,m,24-Feb-1956,65246-17542,prakash.mishra47@example.org,487769388245,mumbai,H02,2025-07-23 10:31:45
P000013,Anil Singh,MALE,1946-03-29,+91 92281 89692,anil.singh832@mail.example.com,645494532495,PUNE ,H01,2025-04-10 08:53:59
P000014,Pallavi Malhotra,F,2002-05-16,+91-6543598712,pallavi.malhotra618@example.net,641484791384,Delhi,H03,2025-04-14 16:42:37
P000015,Nikhil Shah,m,2005-06-08,08636183795,nikhil.shah51@mail.example.com,250816121812,CHENNAI,H05,2025-02-07 15:28:36
P000016,  Anil Singh ,MALE,1936-01-22,+91 65398 90628,anil.singh183@example.net,844928010368,pune,H05,2025-04-10 17:35:44
P000017,Divya Gowda,F,2011-03-31,73819-63688,divya.gowda294@mail.example.com,477534166178,New Delhi,H03,2025-11-24 13:36:47
P000018,Sanjay Kapoor,M,16/12/1985,+91-9302658768,sanjay.kapoor991@mail.example.com,253165966671,Bengaluru,H06,2025-03-28 21:16:51
P000019,Pooja Malhotra,F,20/02/1946,82507-97862,pooja.malhotra781@example.net,996780126441,Mumbai,H01,2025-10-31 07:04:27
P000020,Radhika Thakur,F,1970-12-19,+91 63912 71272,,516825439199,DELHI,H02,2025-04-23 09:57:36
P000021,Deepak Malhotra,M,1945-01-15,8629584035,deepak.malhotra351@example.net,351401883552,Pune,H01,2025-10-11 13:57:11
P000022,Sunita Deshmukh,FEMALE,1954-02-06,728 453 5878,sunita.deshmukh973@example.org,305469565915,Bengaluru,H06,2025-01-21 09:33:04
P000023,Anil Menon,Male,1980-08-07,85386-73422,anil.menon281@example.org,910200388807,Pune,H01,2025-01-19 20:58:20
P000024,Kunal Pillai,M,05/02/1969,727 111 8680,kunal.pillai869@mail.example.com,626261804094,Delhi,H03,2025-06-01 16:39:49
P000025,Suresh Deshmukh,M,1982-11-27,68834-59702,suresh.deshmukh286.example.org,759181593670,PUNE ,H01,2025-11-18 16:17:33
P000026,Jyoti Joshi,F,1966-11-10,+91 85295 78758,jyoti.joshi642@example.net,920821010269,Chennai,H05,2025-11-11 14:45:59
P000027,Aditya Nair,,24/11/2013,+91-6310813532,aditya.nair856@example.com,871458816420,Chandigarh,H04,2025-12-01 08:04:17
P000028,Radhika Chopra,F,03/01/1974,756 451 6213,radhika.chopra800@example.com,295125817466,Delhi,H03,2025-11-27 10:15:39
P000029,Tushar Jain,M,17-Jan-2010,7658885068,tushar.jain901@example.org,960059216636,Chandigarh,H04,2025-01-02 17:30:37
P000030,Pallavi Naik,F,13-Jun-1974,67003-50466,pallavi.naik547@example.org,493453968009,Bengaluru,H06,2025-09-25 09:05:46
P000031,Nikhil Jain,male,17/11/2018,8284516019,nikhil.jain979@example.org,330458188642,Pune,H01,2025-05-10 19:23:32
P000032,Rajesh Agarwal,M,22/09/1960,+91 81612 24227,rajesh.agarwal296@example.net,873075424287,Bombay,H02,2025-12-25 12:06:22
P000033,Swati Sharma,f,27-Jun-2002,678 173 8424,swati sharma777@example.com,729939866726,Pune,H01,2025-07-15 14:37:13
P000034,Radhika Nair,FEMALE,1982-08-23,95188-16167,radhika.nair424@example.org,758372011759,Chandigarh,H06,2025-03-27 12:17:29
P000035,Kunal Pandey,M,1970-07-30,75262-55995,kunal.pandey879@,543193758889,Chandigarh ,H04,2025-08-27 16:11:55
P000036,Mohit Kulkarni,Male,1981-10-23,+91-7283766785,mohit.kulkarni675@example.com,722245598915,Chennai,H02,2025-08-29 14:14:16
P000037,Siddharth Mishra,M,2012-04-22,+91 83191 03381,siddharth.mishra565@example.org,303015807402,Chandigarh ,H02,2025-05-07 12:26:47
P000038,Mansi Menon,F,27/12/2005,+91-6247313237,mansi.menon745@example.com,830686282292,MUMBAI ,H02,2025-11-15 19:46:58
P000039,Aarti Joshi,F,1993-02-18,07614251183,aarti.joshi478@example.com,461508532995,Chandigarh,H04,2025-09-11 07:10:37
P000040,Rahul Sharma,MALE,19/03/1947,+91 78824 58556,rahul.sharma680@example.org,579510043743,Mumbai,H02,2025-11-22 19:24:35
P000041,Priya Verma,female,2017-04-18,627 784 4176,priya.verma342@mail.example.com,349925185237,Pune,H01,2025-09-01 13:50:25
P000042,Isha Deshmukh,female,1939-01-01,838 032 7291,isha.deshmukh598@mail.example.com,470194043436,Delhi,H02,2025-06-30 10:41:30
P000043,Rajesh Bhatt,,1977-03-19,975 925 0094,rajesh.bhatt474@mail.example.com,914318181940,Bangalore,H06,2025-09-06 20:22:34
P000044,Gaurav Malhotra,Male,28/02/1988,88539-58414,gaurav.malhotra177@example.org,902084931610,Pune,H01,2025-06-02 17:26:21
P000045,Pallavi Shah,female,2014-09-02,957 757 8745,pallavi.shah160@example.org,502978318144,Pune,H01,2025-03-13 08:31:32
P000046,Yash Gowda,male,1989-09-12,87689-39224,yash.gowda788@example.org,561927653310,Chandigarh,H04,2025-04-14 07:22:14
P000047,Nisha Pillai,F,20-Nov-1961,89311-5095,nisha.pillai380@mail.example.com,423675275755,Delhi,H03,2025-09-14 20:49:28
P000048,Meera Mehta,Female,31/08/2021,8755761379,meera.mehta509@example.net,525847459489,Delhi,H03,2025-09-09 16:26:32
P000049,Ananya Nair,F,1981-01-04,90898-31488,ananya.nair551@mail.example.com,720456829720,Chandigarh,H04,2025-01-12 08:51:34
P000050,Tanvi Mishra,female,1967-01-02,94802-82528,tanvi.mishra765@mail.example.com,916532027188,Chandigarh,H01,2025-10-24 10:50:16
P000051,Arjun Naik,M,2003-07-11,+91-9791417063,arjun.naik792@mail.example.com,758467192688,Mumbai,H02,2025-08-05 21:09:28
P000052,Meera Pandey,female,1958-02-05,9541454743,meera.pandey302@example.com,555626538957,Bengaluru,H06,2025-04-08 10:02:00
P000053,Tushar Iyer,M,1994-11-06,68609-64466,tushar.iyer755@example.com,478125512053,Bengaluru,H06,2025-02-17 07:11:55
P000054,Harsh Jain,M,01/06/1967,9372275965,harsh.jain44@example.com,443429993928,Chandigarh,H04,2025-05-28 15:11:10
P000055,Vikram Iyer,Male,1990-05-11,+91 63498 51570,vikram.iyer688@example.com,622535904976,Pune,H01,2025-09-08 13:24:05
P000056,Sanjay Mehta,M,06-Sep-1995,09486999750,sanjay.mehta189@example.com,627815924866,Chennai,H05,2025-10-23 08:37:19
P000057,Varun Naik,M,11-Jan-1980,8340975430,varun.naik856@example.net,432263941690,Delhi,H03,2025-04-29 08:41:45
P000058,Priya Pandey,F,23/04/1968,+91 76039 49806,priya.pandey173@example.org,866207462313,Delhi,H03,2025-10-17 20:47:48
P000059,Priya Desai,Female,12/11/1939,09841227228,priya.desai331@mail.example.com,448761700551,New Delhi,H03,2025-06-02 09:35:04
P000060,Isha Bhatt,F,1984-05-12,+91-8816965140,isha.bhatt690@mail.example.com,848691344556,Mumbai,H02,2025-12-13 11:41:30
P000061,Anil Malhotra,male,08/07/1973,+91-6073267087,anil.malhotra925@mail.example.com,619901172259,Chennai,H03,2025-12-23 11:35:18
P000062,Anil Sharma,M,2025-12-30,6268835116,anil.sharma36@,593606563595,Bengaluru,H06,2025-07-11 14:33:19
P000063,Radhika Patil,F,1992-11-10,08797304735,radhika.patil354@mail.example.com,799233631349,Bengaluru,H03,2025-07-13 07:47:54
P000064,Manish Jain,M,1975-08-12,912 970 4066,manish.jain794@example.net,732486354312,Bengaluru,H06,2025-01-20 08:15:11
P000065,Anil Gupta,male,1945-01-20,+91 77248 47810,anil.gupta310@example.com,535670298547,Madras,H05,2025-04-06 17:56:09
P000066,Priya Pandey,F,1998-04-16,652 727 3562,priya.pandey558@example.org,522933330801,Mumbai,H02,2025-12-29 19:29:47
P000067,Divya Menon,F,1970-01-02,7035632672,divya menon342@example.com,292816354204,Pune,H01,2025-06-17 13:38:27
P000068,  Isha Pillai ,FEMALE,1961-12-25,685 422 4110,isha.pillai818@example.org,541636690376, Pune,H01,2025-02-09 17:53:58
P000069,Harsh Agarwal,m,1994-12-08,06803653230,harsh.agarwal537@example.org,778794605702,Chennai,H05,2025-02-16 11:17:13
P000070,Prakash Verma,M,1963-03-14,+91-8012753036,prakash.verma440@example.org,651069684191,Pune,H01,2025-11-24 18:53:51
P000071,Jyoti Yadav,Female,20/11/1993,+91-9458964040,jyoti.yadav708@example.net,616092832261,Mumbai,H02,2025-02-07 13:29:13
P000072,  Anil Pandey ,MALE,1971-10-13,995 113 2010,anil.pandey956@example.org,258268286551,CHANDIGARH,H04,2025-10-19 13:26:49
P000073,Shruti Nair,F,1942-06-27,650 739 9173,shruti.nair599@example.com,549370425308,Delhi,H03,2025-11-26 13:21:36
P000074,Ritu Bose,female,29/10/2010,9749001418,ritu.bose469@mail.example.com,767474297702,New Delhi,H03,2025-05-25 09:57:10
P000075,Rajesh Sharma,male,21/04/1942,99034-56520,rajesh.sharma591@example.com,268314687993,MUMBAI ,H02,2025-08-17 20:58:33
P000076,  Pallavi Kulkarni ,FEMALE,2004-03-14,933 554 3228,pallavi.kulkarni589@mail.example.com,248168534314,Chandigarh,H04,2025-05-30 10:59:40
P000077,Tushar Rao,Male,1950-09-10,793 930 9595,tushar.rao722@example.org,682260406099,Bengaluru,H06,2025-03-25 17:04:33
P000078,Rahul Nair,male,01/03/1975,98252-63945,rahul.nair642@example.com,257442205515,bengaluru,H06,2025-12-04 08:57:09
P000079,  Priya Shah ,,14/02/2003,09313064491,priya.shah49@example.org,280364133752,delhi,H03,2025-02-02 13:26:26
P000080,Divya Menon,F,1965-07-05,673 217 3185,divya.menon577@example.com,985193932740,Mumbai,H02,2025-06-21 15:23:56
P000081,Prakash Bhatt,MALE,1989-10-02,09738878664,prakash.bhatt438@mail.example.com,762652955543,Bengaluru,H06,2025-11-05 14:46:59
P000082,Nikhil Kapoor,male,1969-04-20,998 375 6096,nikhil.kapoor264@example.net,769571870041,Pune,H01,2025-09-13 20:25:14
P000083,Anil Bose,O,14-Dec-1993,+91 93529 21519,,846502697424,Bengaluru,H06,2025-04-08 12:40:19
P000084,Harsh Agarwal,Male,1978-09-09,8560826110,harsh.agarwal513@mail.example.com,774008432941,PUNE ,H01,2025-01-20 18:01:16
P000085,Pallavi Singh,f,02/07/1937,08288648371,pallavi.singh65@example.org,947914698964, Pune,H05,2025-06-22 15:57:27
P000086,Sandeep Shah,male,04-Nov-2001,+91-9316935455,sandeep.shah538@example.org,271387673288,Mumbai,H02,2025-07-20 11:54:28
P000087,Aarti Mishra,f,1997-12-06,09939725739,aarti.mishra944@example.net,656370844159,Delhi,H06,2025-08-28 19:17:34
P000088,Rekha Nair,F,1949-08-13,6821170249,rekha.nair559@example.net,475503553477,Bengaluru,H06,2025-01-27 18:34:50
P000089,Jyoti Gowda,FEMALE,18/08/1957,80185-07521,jyoti.gowda536@mail.example.com,910327862733,pune,H01,2025-01-01 16:50:35
P000090,Rekha Jain,F,12/06/2005,9164352795,rekha.jain174@example.org,834264620771,Mumbai,H02,2025-10-25 18:25:41
P000091,Shweta Gowda,f,1972-05-25,+91-6555512454,shweta.gowda238@example.net,737577199339,Mumbai,H02,2025-09-26 08:04:34
P000092,Varun Nair,,1987-05-12,8465364848,varun.nair175@example.com,352658493014,Pune,H01,2025-09-15 21:42:58
P000093,Rahul Menon,MALE,30/03/1948,6566506675,rahul.menon474@mail.example.com,754207498110,Chennai,H05,2025-07-11 17:13:48
P000094,Siddharth Naik,M,2009-05-18,09808163083,siddharth.naik313@example.org,409572112726,Pune,H01,2025-06-30 21:27:19
P000095,Manish Desai,Male,1958-06-18,+91-8960597594,manish.desai850@example.org,292745443255,Bengaluru,H06,2025-01-09 08:41:18
P000096,Harsh Gowda,M,30-Sep-2011,911 567 2258,harsh.gowda906@example.org,946693236964,Delhi,H03,2025-06-10 14:59:39
P000097,Ritu Gupta,F,1937-02-01,980 909 7159,ritu.gupta289@example.com,774579656746,Chennai,H05,2025-04-20 08:33:52
P000098,Tanvi Kulkarni,F,20/04/1974,06813502219,tanvi.kulkarni886@mail.example.com,825542098999,Delhi,H03,2025-11-18 20:43:04
P000099,Mansi Verma,f,2001-12-31,06880147112,mansi.verma368@example.org,213860575881,MUMBAI ,H02,2025-05-31 11:04:26
P000100,Arjun Mehta,M,1953-06-06,08525119401,arjun.mehta493@example.net,577804998768,Bombay,H02,2025-12-14 21:15:41
P000101,Arjun Nair,Male,1986-11-08,65991-55287,arjun.nair656@example.org,891083409148,Pune,H01,2025-05-13 10:39:25
P000102,Kunal Naik,Male,13-Oct-1966,9765177782,kunal.naik454@mail.example.com,528984060990,Pune,H01,2025-01-13 21:50:24
P000103,Yash Mehta,Male,1961-07-28,+91 67497 68584,yash.mehta836@example.com,343273102508,CHENNAI,H05,2025-07-25 19:28:32
P000104,Varun Thakur,M,2010-05-04,06423774007,,696955423931,Pune,H01,2025-11-18 14:38:48
P000105,Bhavna Kapoor,f,1949-03-17,+91 70473 57643,bhavna.kapoor325@example.net,888964779453,Delhi,H02,2025-04-12 16:45:13
P000106,Rekha Bhatt,F,08/03/1936,06187867288,rekha.bhatt327@example.com,392029510202,Chennai,H05,2025-04-05 12:42:11
P000107,Shruti Mishra,FEMALE,1971-08-02,+91 62790 60672,shruti.mishra953@example.com,424636747419,Delhi,H03,2025-07-29 08:20:59
P000108,Varun Verma,m,16-Oct-1977,+91-6991502727,varun.verma89@example.com,511673463394,Mumbai,H02,2025-12-12 12:58:42
P000109,Anil Kulkarni,M,19-Nov-1997,7643085780,anil.kulkarni634@example.net,432112659669,CHENNAI,H05,2025-11-30 10:49:13
P000110,Amit Reddy,M,1951-08-02,65923-39215,amit.reddy960@example.org,731014155194,Bengaluru,H06,2025-06-10 09:19:04
P000111,Ananya Nair,F,27/04/1982,86200-30328,ananya.nair456@example.net,247268538945,Bengaluru,H06,2025-09-22 10:23:38
P000112,Rajesh Bose,M,2015-12-21,06365120424,rajesh.bose265@mail.example.com,719357785293,Bengaluru,H06,2025-07-13 21:51:51
P000113,Deepak Naik,Male,1977-06-03,7973123050,deepak.naik887@example.org,881473557728,DELHI,H03,2025-11-14 20:21:25
P000114,Mohit Mehta,Male,25-May-1999,+91 65681 18975,mohit.mehta624@example.com,922303688295,Bengaluru,H02,2025-04-10 09:28:42
P000115,Ritu Pandey,F,1989-03-15,7978178527,ritu.pandey53@example.net,621353994708,Mumbai,H02,2025-12-29 16:03:17
P000116,Nisha Kapoor,F,1962-10-09,+91-8219485544,nisha.kapoor523@example.net,728279162822,CHENNAI,H05,2025-04-18 12:13:14
P000117,Pallavi Nair,f,31/07/1987,+91 69907 34205,pallavi.nair436@example.org,438113090864,Delhi,H03,2025-05-11 12:20:30
P000118,Manish Reddy,MALE,26/10/1963,09529805514,,493619774644,bengaluru,H06,2025-01-10 17:08:40
P000119,Sandeep Mehta,M,2004-03-27,06413761938,sandeep.mehta793@mail.example.com,492736255781,chennai,H05,2025-08-29 09:45:22
P000120,Nisha Mishra,F,08/09/2007,7458087815,nisha.mishra732@mail.example.com,415451117080,Bengaluru,H06,2025-07-26 20:27:57
P000121,Vikram Bhatt,M,1952-07-31,+91 85368 41975,vikram.bhatt948@mail.example.com,262575452564,Bengaluru,H06,2025-12-12 21:12:58
P000122,Arjun Yadav,M,1975-09-24,729 704 3979,arjun yadav337@example.net,530723726697,delhi,H03,2025-08-05 09:26:23
P000123,Varun Malhotra,MALE,1980-12-21,09214582239,varun.malhotra117@example.net,843865185809,bengaluru,H06,2025-07-29 09:18:30
P000124,Anjali Desai,other,1965-12-14,68225-10248,anjali.desai97@mail.example.com,730733791716,Delhi,H03,2025-12-23 08:54:44
P000125,Suresh Kulkarni,M,2001-05-01,09893377237,suresh.kulkarni386@mail.example.com,257821313334,Chennai,H05,2025-04-01 21:41:38
P000126,  Anil Kulkarni ,M,2019-03-30,6152083239,anil.kulkarni331@example.com,599327330378,Pune,H01,2025-10-22 20:21:33
P000127,Prakash Bhatt,MALE,1988-06-17,92062-15588,prakash.bhatt399@mail.example.com,675981418443,Pune,H03,2025-01-02 16:42:20
P000128,Kavita Rao,f,16/02/1973,82290-33135,kavita.rao389@example.org,435606817628,Chandigarh,H04,2025-12-12 19:29:12
P000129,Pallavi Menon,F,1966-01-23,+91 95255 40904,pallavi.menon599@mail.example.com,238136273729,CHENNAI,H05,2025-07-18 12:14:09
P000130,Arjun Pandey,M,18/09/1984,84642-17862,arjun.pandey601@example.net,657744360252,Bombay,H02,2025-05-26 08:34:14
P000131,Gaurav Joshi,male,25-Sep-1937,7580178689,gaurav.joshi258@example.net,320247685298,DELHI,H03,2025-08-05 17:09:55
P000132,Divya Thakur,f,1976-02-23,833 520 8309,divya.thakur225@mail.example.com,937714839555,Chennai,H05,2025-04-26 15:13:51
P000133,Swati Gowda,F,1939-06-14,+91-9957831462,swati.gowda886@example.net,540127630861,Pune,H01,2025-06-08 14:06:31
P000134,Sneha Rao,F,04-Aug-2015,6661709990,sneha.rao969@example.com,615625543092,Delhi,H03,2025-07-12 12:04:42
P000135,Yash Menon,M,2003-06-24,+91-9668968690,yash.menon939@mail.example.com,482892543201,DELHI,H03,2025-12-13 14:13:39
P000136,Rahul Mishra,Male,1952-02-16,06618521939,rahul.mishra542@mail.example.com,261825885621,Bombay,H02,2025-02-19 21:16:33
P000137,Sanjay Pandey,MALE,1958-08-31,813 537 5736,sanjay.pandey464@mail.example.com,743988015032,Delhi,H03,2025-03-23 21:17:10
P000138,Shweta Agarwal,f,2016-10-14,79650-54048,shweta.agarwal855@example.org,249445752921,Pune,H01,2025-01-07 09:07:37
P000139,Kunal Gowda,MALE,1975-06-24,72143-00385,kunal.gowda521@mail.example.com,728740356284,Delhi,H03,2025-03-01 13:10:54
P000140,Tanvi Iyer,female,1943-06-04,754 781 3387,tanvi.iyer222@example.com,852018322979,Chennai,H05,2025-12-27 12:58:30
P000141,Jyoti Gowda,F,16/10/1935,+91-7195294779,jyoti.gowda397.mail.example.com,649687395685,Chennai,H05,2025-02-15 20:05:10
P000142,Suresh Jain,male,03-Oct-1940,8368042043,,728318417554,Delhi,H03,2025-09-19 17:06:41
P000143,Rajesh Joshi,m,1952-05-04,07671821030,rajesh.joshi629@mail.example.com,995193366596,Delhi,H03,2025-02-26 13:42:19
P000144,Anjali Jain,F,1975-10-08,631 403 2410,anjali.jain89@mail.example.com,310504183537,Chennai,H05,2025-04-28 16:40:52
P000145,Swati Sharma,other,2008-06-29,7072809896,swati.sharma729@example.com,526467594499,Mumbai,H02,2025-07-05 07:20:07
P000146,Pranav Kapoor,M,1984-07-08,+91 87524 80846,pranav.kapoor382@example.com,350708584942,Mumbai,H05,2025-03-28 19:00:08
P000147,Harsh Mishra,male,14/09/1971,936 390 3070,harsh.mishra282@example.com,586458140984,Pune,H01,2025-04-20 08:16:45
P000148,Aarti Naik,F,27-Jun-1948,+91 81689 32667,aarti.naik761@example.com,549252959505,Bengaluru,H06,2025-03-18 12:13:24
P000149,Gaurav Sharma,male,1956-12-27,73896-49193,gaurav.sharma486@mail.example.com,753317612128,Bengaluru,H06,2025-07-04 20:19:21
P000150,Nisha Jain,F,20/06/2001,+91 84415 51317,nisha.jain968@example.com,340182412501,Chennai,H05,2025-11-30 13:36:03
P000151,Mohit Gupta,M,1935-02-12,+91 67352 90135,mohit.gupta59@example.com,518513302972,Bengaluru,H06,2025-06-08 16:04:02
P000152,Kavita Naik,FEMALE,12/08/2002,9135120395,kavita.naik564@example.com,809794517467,Pune,H01,2025-11-06 11:32:23
P000153,  Varun Agarwal ,M,24/02/1953,+91 62859 29778,varun.agarwal65@example.net,515681577698,Bengaluru,H06,2025-07-16 20:22:15
P000154,Harsh Singh,M,1996-08-07,73349-44968,harsh.singh242@example.org,975388535711,DELHI,H03,2025-06-19 17:20:46
P000155,Meera Thakur,F,16/04/2003,8351205403,meera.thakur874@example.org,349773785758,Delhi,H03,2025-03-22 21:48:11
P000156,Karan Mehta,M,1958-01-23,+91 81227 15929,karan.mehta938@example.net,905352044030,Pune,H01,2025-06-10 21:20:49
P000157,Nisha Kulkarni,O,1957-04-18,07442359721,nisha.kulkarni298@example.org,880431898605,chennai,H05,2025-01-21 14:00:17
P000158,Tanvi Iyer,female,11/01/1983,+91 76660 04305,tanvi.iyer383@mail.example.com,591446184866,Bengaluru,H06,2025-06-15 10:12:56
P000159,Tushar Chopra,MALE,12-May-2001,76978-6059,tushar.chopra233@mail.example.com,919454751548,Chandigarh,H01,2025-11-26 08:18:29
P000160,Varun Gupta,m,2002-11-25,73291-48198,varun.gupta980@mail.example.com,689147547713,Chandigarh,H02,2025-11-25 18:01:12
P000161,Deepak Bose,M,2020-06-22,7040318217,deepak.bose30@mail.example.com,751758488419,Mumbai,H02,2025-12-15 12:16:36
P000162,Ananya Patil,f,05/10/1965,848 692 7428,ananya.patil926@example.net,683709739484,Delhi,H03,2025-01-07 17:12:00
P000163,Swati Kapoor,F,21/09/1999,+91-6072602655,swati.kapoor939@mail.example.com,343670441812,Chennai,H05,2025-12-24 15:15:35
P000164,Prakash Deshmukh,M,1971-10-14,07545252045,prakash.deshmukh782@example.com,450535462765,Chennai,H05,2025-12-26 15:21:50
P000165,Sanjay Shah,M,1944-03-02,08950344970,sanjay.shah798@example.net,652297953650,Bengaluru,H06,2025-09-13 09:50:16
P000166,Shweta Naik,F,1990-01-09,+91 70392 29069,shweta.naik43@mail.example.com,704688316932,Chennai,H03,2025-01-12 19:33:06
P000167,Shweta Patil,F,1971-07-15,+91-7908043358,shweta.patil140@example.com,782310278421,Chandigarh,H04,2025-09-12 10:32:21
P000168,Neha Gowda,FEMALE,30/06/1973,7822965636,neha.gowda490@example.com,986692561110,Bengaluru,H03,2025-06-17 18:49:38
P000169,Komal Yadav,F,26-Apr-1969,+91-8344205629,komal.yadav100@example.org,354746837510,Pune,H01,2025-06-17 17:41:18
P000170,Priya Pandey,female,1983-08-20,+91 87782 30335,priya.pandey28@example.net,427381103411,Mumbai,H02,2025-02-20 20:57:21
P000171,Sanjay Thakur,m,02/06/1979,7033170462,sanjay.thakur624@example.net,886554820363,Bombay,H02,2025-10-20 21:05:38
P000172,Pallavi Gupta,F,10/11/1956,07794244296,pallavi.gupta545@example.com,277444085393,Mumbai,H02,2025-06-17 12:18:43
P000173,Tanvi Deshmukh,Female,1944-01-22,678 848 9116,tanvi.deshmukh241@example.com,293379122699, Pune,H01,2025-10-31 08:32:21
P000174,Priya Singh,F,12/11/1965,8208835704,priya.singh428@mail.example.com,909570597546,Pune,H01,2025-05-09 18:48:06
P000175,Sunita Mehta,F,1985-04-23,09075341518,sunita.mehta264@example.org,663770468762,Chandigarh,H04,2025-07-22 17:23:15
P000176,Tushar Verma,M,1942-02-25,+91-7202477629,tushar.verma636@mail.example.com,800166472754,Mumbai,H02,2025-06-08 17:27:57
P000177,Jyoti Yadav,O,14/02/1980,91896-53800,jyoti.yadav114@example.net,457244975363,Bengaluru,H06,2025-11-11 20:44:56
P000178,Yash Malhotra,M,2015-08-20,0833983526,yash.malhotra298@example.org,578681244209,Bombay,H02,2025-02-04 18:21:16
P000179,Priya Shah,F,08/04/1961,+91-8815437663,priya.shah203@mail.example.com,839510288440,Mumbai,H02,2025-05-20 19:59:44
P000180,Bhavna Pillai,F,30/08/1979,98431-79738,bhavna.pillai397@example.com,677848463410,Chennai,H05,2025-01-19 15:10:10
P000181,Kavita Kapoor,FEMALE,2005-03-03,8017364286,kavita.kapoor456@example.net,312487770013,Chandigarh,H04,2025-04-03 13:53:19
P000182,Sneha Shah,F,1943-10-15,+91-6100483311,sneha.shah805@example.com,407378522749,Chandigarh,H04,2025-05-09 21:57:12
P000183,Tanvi Nair,F,1996-04-07,+91 67757 79860,tanvi.nair990@example.net,740929560955,Chandigarh,H04,2025-07-23 11:58:16
P000184,Aarti Singh,F,1996-11-26,989 736 2906,aarti.singh95@mail.example.com,513256849676,Delhi,H03,2025-11-09 17:38:57
P000185,Deepak Gupta,Male,2021-06-09,+91 88754 72192,deepak.gupta317@example.net,261142852360,Chandigarh,H04,2025-09-21 19:17:56
P000186,Kunal Iyer,M,1962-06-16,+91 91193 71378,kunal.iyer312@example.com,715591470981,Pune,H05,2025-01-31 10:21:43
P000187,Pallavi Verma,F,1982-09-15,+91-7350420138,pallavi.verma212@example.com,433710716738,Pune,H01,2025-10-19 15:01:56
P000188,Ritu Pandey,F,1968-04-23,+91 69807 04683,ritu.pandey161@example.net,936870396905,Chandigarh,H04,2025-09-03 18:22:05
P000189,Komal Menon,F,08/05/1949,9488499117,komal.menon81@example.org,961008008408,bengaluru,H06,2025-06-20 07:40:44
P000190,Komal Thakur,f,10/12/2004,+91-7741970902,komal.thakur268@example.org,324076463487,Bengaluru,H06,2025-11-10 10:28:39
P000191,Aditya Gowda,M,27/01/1985,+91-9250751667,aditya.gowda809@example.com,989891600137,Delhi,H03,2025-10-21 21:18:22
P000192,Sneha Kapoor,female,1997-02-25,06365556045,sneha.kapoor600@example.net,416498794651,Delhi,H03,2025-04-15 11:13:21
P000193,Deepak Malhotra,O,16-Apr-1965,695 067 1063,deepak.malhotra232@example.net,960064527576, Pune,H06,2025-03-02 20:12:27
P000194,Suresh Sharma,M,2018-08-01,0927736707,suresh.sharma55@example.net,898808500308,Chandigarh ,H06,2025-04-20 12:40:55
P000195,Prakash Reddy,MALE,2025-10-23,8358892218,prakash.reddy687@mail.example.com,600954665638,chennai,H05,2025-01-29 17:14:45
P000196,Vikram Pillai,Male,15/10/1944,06715582319,vikram.pillai918@mail.example.com,767167250348,BANGALORE ,H06,2025-06-13 19:14:15
P000197,Gaurav Thakur,M,02-Oct-1995,09500147507,gaurav.thakur504@example.net,641773229519,chennai,H05,2025-05-25 09:42:03
P000198,Divya Thakur,FEMALE,2016-10-16,81929-9580,divya.thakur68@example.net,860685927357,Chennai,H05,2025-11-13 16:41:12
P000199,Neha Joshi,F,31/05/1992,8439733059,neha joshi728@example.net,935034510032,delhi,H03,2025-06-25 19:56:24
P000200,Neha Shah,F,2011-07-15,707 405 7982,neha.shah439@example.com,758526797881,Bombay,H02,2025-03-26 12:38:27
P000201,Jyoti Pandey,Other,1937-12-20,761 642 8830,jyoti.pandey703@example.org,375858951818,Delhi,H01,2025-04-26 13:29:05
P000202,Nisha Desai,FEMALE,11/05/1962,97001-10495,nisha.desai149@example.net,301832416264,MUMBAI ,H02,2025-06-08 12:35:29
P000203,Priya Desai,female,05-Dec-1992,667 362 0494,priya.desai809@example.net,840833490857,CHENNAI,H05,2025-06-28 19:47:38
P000204,Arjun Iyer,MALE,2010-11-08,626 570 1256,arjun.iyer103@example.org,228810885177,Mumbai,H02,2025-07-11 14:23:42
P000205,Rajesh Pillai,M,1956-12-22,73162-92522,rajesh.pillai616@example.net,367830396710,Bengaluru,H06,2025-10-30 12:58:06
P000206,Amit Thakur,M,03-Dec-1940,+91 66682 62841,amit.thakur128@example.org,242805978764,Mumbai,H02,2025-09-05 20:40:52
P000207,Sneha Mishra,F,24-Oct-1960,+91-8118716258,sneha.mishra746@example.org,344414149554,Mumbai,H02,2025-02-24 12:58:15
P000208,Amit Shah,m,1956-10-08,95893-36637,amit.shah999@example.com,908530522514,Madras,H01,2025-09-02 17:08:41
P000209,Nisha Naik,f,1940-01-31,7144604307,nisha.naik17@mail.example.com,252187809190,Mumbai,H02,2025-09-21 14:00:19
P000210,Anil Menon,M,07-Apr-1985,6781230989,anil.menon856@example.com,486113104866,Pune,H06,2025-06-17 15:33:44
P000211,Siddharth Mehta,M,1937-04-04,749 105 3319,siddharth.mehta322@example.com,660064592439,Mumbai,H02,2025-10-17 08:59:52
P000212,Nikhil Kulkarni,M,03-Mar-2010,858 670 3479,nikhil.kulkarni579@example.com,867363861484,Bengaluru,H06,2025-10-18 09:35:33
P000213,Anil Verma,male,1984-09-10,07438761503,anil.verma584@example.net,340613298617,New Delhi,H03,2025-07-19 11:00:39
P000214,Vikram Patil,MALE,19/02/1955,942105571,vikram.patil329@example.net,366283393441,Chandigarh ,H04,2025-06-23 11:24:25
P000215,Nisha Rao,F,10/06/1981,97353-08235,nisha.rao982@example.net,609943843915,Pune,H01,2025-03-26 17:47:07
P000216,Mansi Shah,FEMALE,08-Aug-1980,6141082930,mansi.shah623@example.org,483124909992,MUMBAI ,H04,2025-01-11 19:05:29
P000217,Rekha Iyer,FEMALE,22/11/1956,+91-733155163,rekha.iyer273@example.org,722347246983,Pune,H01,2025-11-29 15:11:37
P000218,Sunita Jain,female,09/10/1972,+91-6703087402,sunita.jain845@example.com,833048388117,Bengaluru,H06,2025-12-05 21:17:48
P000219,Aarti Menon,F,1999-07-18,818 265 1161,aarti.menon674@example.net,659193586634,Pune,H01,2025-03-01 21:21:32
P000220,Rekha Gowda,F,2025-08-08,+91 76540 11084,rekha.gowda590@example.net,879655663793,Mumbai,H02,2025-10-20 10:57:45
P000221,Rajesh Bose,male,1987-01-16,95438-58977,rajesh.bose554@example.com,285489737659, Pune,H01,2025-09-06 09:00:33
P000222,Sandeep Gowda,M,17/05/1960,69339-3807,sandeep.gowda522@example.com,733139162804,mumbai,H06,2025-01-14 09:37:43
P000223,Nikhil Jain,m,1988-04-25,6915541174,nikhil.jain914@example.com,251168726789,Pune,H03,2025-01-26 15:56:05
P000224,Sunita Gupta,F,10-Dec-2019,741 004 5711,sunita.gupta510@mail.example.com,424454058833,Mumbai,H02,2025-03-07 14:24:21
P000225,Sandeep Malhotra,M,1981-08-05,+91 66897 42415,sandeep.malhotra774@example.com,960618027422,Mumbai,H02,2025-04-09 20:11:26
P000226,Rekha Yadav,FEMALE,1938-04-26,9192254669,rekha.yadav362@example.com,875955032463,Mumbai,H02,2025-11-07 21:12:34
P000227,Rajesh Patil,M,2002-07-18,06165382618,rajesh.patil608@example.net,947285831322,Delhi,H03,2025-02-19 08:12:54
P000228,Siddharth Pandey,m,23/05/1964,+91 63018 03882,siddharth.pandey72@example.org,374803341670,Chandigarh,H04,2025-02-19 11:30:43
P000229,Prakash Yadav,m,1953-03-01,+91 96003 26794,,458800106687,DELHI,H03,2025-09-23 07:30:49
P000230,Sneha Menon,F,17/09/2007,+91-9738788767,sneha.menon600@example.org,216700593250,Chennai,H05,2025-01-29 07:29:23
P000231,Tanvi Agarwal,F,16-May-1965,+91-9647283340,,889598121852,bengaluru,H05,2025-10-06 19:13:12
P000232,Aarti Rao,F,1984-07-28,+91-7700195608,aarti.rao169@example.com,246193357358,Chandigarh,H04,2025-07-25 15:01:37
P000233,Kavita Pillai,F,08-Jul-1980,734 767 6895,kavita.pillai795@example.com,697246858250,Madras,H05,2025-03-09 08:18:09
P000234,Aditya Mehta,m,15-Feb-2008,0607010202,aditya.mehta681@example.com,374816862779,Mumbai,H02,2025-05-10 08:34:17
P000235,Harsh Pillai,MALE,1969-10-26,+91 84603 32837,harsh.pillai930@example.org,997283961253,Delhi,H03,2025-12-08 08:32:19
P000236,  Ritu Malhotra ,FEMALE,06-Feb-2006,+91 63214 22198,ritu.malhotra395@example.net,909810116042,Bangalore,H06,2025-12-20 08:15:15
P000237,Vikram Deshmukh,Male,1990-07-22,933 378 2638,vikram.deshmukh380@example.net,390759372627,Mumbai,H02,2025-12-29 20:35:04
P000238,Pooja Deshmukh,F,27-Oct-1984,+91 63850 59832,pooja.deshmukh919@example.org,740592748930,Bengaluru,H02,2025-11-05 12:17:12
P000239,Mohit Rao,M,1994-08-27,60594-91940,mohit.rao757@example.net,401693907811,Bombay,H02,2025-01-25 15:53:29
P000240,Rohan Reddy,M,1980-01-09,+91-8033357657,rohan.reddy531@mail.example.com,500246933286,Bengaluru,H06,2025-04-13 18:23:22
P000241,Rajesh Patil,M,29/05/1988,936 821 2627,rajesh.patil604@example.com,505755157529,Delhi,H03,2025-07-14 08:38:58
P000242,Harsh Shah,M,1987-04-25,604 087 1383,harsh.shah606@example.com,925086699276,Bengaluru,H06,2025-12-31 14:14:19
P000243,Ritu Bhatt,F,14-Nov-2000,+91-9766558274,ritu.bhatt832@example.net,277083135913,PUNE ,H01,2025-04-24 13:02:39
P000244,Isha Gowda,F,06/06/1996,7685694228,isha.gowda928@example.com,511473329631,Chandigarh,H04,2025-01-30 11:32:03
P000245,  Isha Menon ,Female,1995-09-16,+91 68723 01489,isha.menon235@example.com,486091507356,bengaluru,H06,2025-01-21 12:12:13
P000246,Sunita Reddy,FEMALE,24/02/1973,6030915404,sunita.reddy511@example.net,851222729799,Bombay,H02,2025-03-28 11:09:37
P000247,Gaurav Reddy,M,24/02/2017,+91 68553 1593,gaurav.reddy703@example.net,447505521483,Chandigarh,H04,2025-10-01 07:29:48
P000248,Karan Rao,M,17/07/1943,852 629 0708,karan.rao50@mail.example.com,360887253982,pune,H01,2025-01-26 19:49:27
P000249,Divya Iyer,female,28/10/2020,872 727 9584,divya.iyer897@example.org,733540216731,Pune,H01,2025-12-19 14:04:06
P000250,Rahul Bhatt,male,07-Jul-1992,08209845537,rahul.bhatt569@example.net,242962789810,Chennai,H06,2025-03-17 12:19:42
P000251,Shruti Pandey,FEMALE,10/08/2018,8868685263,shruti.pandey675@example.com,765509024030,chandigarh,H03,2025-03-02 21:26:12
P000252,Vikram Singh,Male,2014-06-30,75714-16755,vikram.singh321@example.net,816719969971,Chennai,H05,2025-07-31 15:44:59
P000253,Priya Bose,Female,1961-06-22,+91-8918423215,priya.bose36@example.com,449028718230,Bengaluru,H03,2025-04-19 19:41:04
P000254,Gaurav Sharma,Male,16/09/1997,939 088 4799,gaurav.sharma578@mail.example.com,729572193765,delhi,H03,2025-03-02 14:55:14
P000255,Manish Kapoor,m,24-Jun-1997,07866949045,manish.kapoor660@mail.example.com,850653058444,Pune,H01,2025-09-18 15:08:13
P000256,Amit Kapoor,male,08-Mar-1999,970 529 1213,amit.kapoor73@mail.example.com,382993092692,Delhi,H05,2025-08-14 08:07:10
P000257,Kunal Jain,M,2025-06-30,7523958715,kunal.jain135@mail.example.com,348802753416,CHENNAI,H05,2025-03-04 10:37:19
P000258,Isha Joshi,F,2018-08-20,7587601320,isha.joshi775@mail.example.com,873187965104,CHENNAI,H05,2025-09-01 08:55:59
P000259,Sunita Pandey,Female,25-Apr-2008,949 416 1405,sunita.pandey231@example.net,528836873612,Bangalore,H03,2025-09-02 16:10:18
P000260,Tanvi Desai,f,1955-09-20,67284-25548,tanvi.desai115@mail.example.com,913397697168, Pune,H01,2025-08-30 13:08:08
P000261,Sneha Iyer,f,1997-09-20,06849488314,sneha iyer795@example.net,714866011556,Chandigarh,H04,2025-05-23 21:58:04
P000262,Neha Thakur,F,31/08/2008,08782543999,neha.thakur919@example.org,472382961219,Chandigarh,H04,2025-12-17 10:29:07
P000263,Tushar Bhatt,m,1978-03-21,09996506794,tushar.bhatt245@example.org,515753986428,Delhi,H03,2025-04-23 17:32:03
P000264,  Isha Desai ,F,30/09/1974,944 060 7221,isha.desai215@mail.example.com,296655365607,Chennai,H05,2025-03-27 14:46:47
P000265,Anil Kapoor,m,31/08/1984,6437092252,anil.kapoor937@example.net,697406526926,Bengaluru,H06,2025-09-12 11:33:00
P000266,Pooja Patil,female,1963-01-29,97913-26404,pooja.patil881@example.org,634939312444,Chennai,H05,2025-07-29 19:25:16
P000267,Shweta Kapoor,f,22-Sep-2024,0642070664,shweta.kapoor964@example.net,878308490101,Mumbai,H02,2025-11-20 07:17:34
P000268,Jyoti Reddy,F,2006-08-29,68824-72514,jyoti.reddy126@example.org,479779696804,Delhi,H03,2025-03-18 16:31:55
P000269,Shruti Thakur,F,1944-09-07,8823187116,shruti.thakur584@example.org,543167484797,MUMBAI ,H02,2025-08-16 14:58:51
P000270,Tushar Pandey,M,1944-08-07,74269-71293,tushar.pandey343@example.org,709896014832,chandigarh,H04,2025-12-28 15:50:26
P000271,Isha Naik,f,1966-05-07,950 067 2914,isha.naik58@example.com,272810273555,Mumbai,H02,2025-07-21 18:01:42
P000272,Karan Nair,Male,1966-12-25,+91 93759 29228,karan.nair525@mail.example.com,479946364786,Chandigarh,H04,2025-01-23 19:18:24
P000273,Nisha Mishra,F,1949-08-03,647 903 538,nisha.mishra505@example.org,620633460744,BANGALORE ,H03,2025-09-11 07:36:19
P000274,Deepak Agarwal,M,05/06/2020,+91 68760 75328,deepak.agarwal991@example.org,783698540771,Mumbai,H02,2025-03-09 09:09:34
P000275,Swati Verma,other,1968-07-23,750 538 4314,swati.verma760.example.com,609956048826,Chandigarh,H06,2025-06-10 15:35:42
P000276,Karan Pandey,M,1972-02-07,0812279794,karan.pandey519@example.net,308358850243,Bengaluru,H06,2025-10-15 13:01:32
P000277,Neha Mishra,female,1965-12-04,+91 69918 76389,neha.mishra723@mail.example.com,617468575426,Chennai,H05,2025-02-16 14:09:40
P000278,Isha Jain,FEMALE,1941-11-21,882 630 0381,isha.jain708@example.net,563935299472,Bengaluru,H06,2025-01-13 09:58:50
P000279,Jyoti Singh,F,1996-12-18,998 606 6521,jyoti.singh908@mail.example.com,935432186035,Mumbai,H02,2025-12-22 14:56:00
P000280,Amit Desai,Male,19-Jun-1961,+91 60799 02576,amit.desai864@example.org,859690331785,CHANDIGARH,H04,2025-10-03 10:13:38
P000281,Rahul Pandey,MALE,21/01/1966,899 072 0512,rahul.pandey411@mail.example.com,732442430374,Mumbai,H02,2025-07-13 11:29:32
P000282,Isha Yadav,f,1998-12-21,943 743 5249,isha.yadav35@example.org,226507705924,Delhi,H03,2025-02-11 09:50:48
P000283,Anjali Desai,F,1981-11-20,971 001 6749,anjali.desai656@example.org,891311488213,Mumbai,H01,2025-11-15 19:20:24
P000284,Kunal Joshi,M,26-May-1967,8339218919,kunal.joshi748@mail.example.com,294565476766,Bengaluru,H06,2025-11-20 11:46:40
P000285,Aditya Agarwal,male,1943-06-24,771 322 4490,aditya.agarwal117@example.org,454319012396,Chandigarh ,H04,2025-11-17 20:35:36
P000286,Tushar Shah,MALE,25/06/1975,915582154,tushar.shah179@example.org,716924650026,Pune,H01,2025-03-13 10:04:59
P000287,Meera Pandey,F,04/09/1985,95808-24318,meera.pandey596@example.com,905532651604,Pune,H01,2025-02-17 09:25:05
P000288,Sandeep Jain,M,05-Feb-1937,+91-7000756507,sandeep.jain314@mail.example.com,412209869193,Chandigarh,H04,2025-11-22 09:30:29
P000289,Meera Gupta,F,1999-11-30,74455-48799,meera.gupta987@example.net,615840008301,chandigarh,H04,2025-03-27 14:00:56
P000290,Anjali Menon,F,1990-05-10,+91 97000 32092,anjali.menon496@example.org,682664726616,Chennai,H05,2025-09-09 21:24:49
P000291,Meera Chopra,f,08-Oct-1950,+91 92073 5459,meera.chopra563@example.org,475721305210,Chandigarh,H04,2025-09-03 07:50:57
P000292,Sunita Kulkarni,female,1991-06-18,+91-7496906831,sunita.kulkarni821@mail.example.com,771706703784,Chennai,H05,2025-10-22 11:27:48
P000293,Komal Kapoor,FEMALE,1942-10-27,+91-8063121840,komal kapoor61@example.net,467689266271,Delhi,H03,2025-06-20 20:27:59
P000294,Arjun Mishra,M,2025-02-19,09276221021,arjun.mishra761@example.net,680136834389,Delhi,H03,2025-03-06 08:47:00
P000295,Ananya Rao,F,1990-08-22,+91-6932012426,ananya.rao704@mail.example.com,895636192625,pune,H01,2025-08-28 14:26:11
P000296,Mansi Singh,female,31/01/1939,9980114779,mansi.singh671@example.net,594998464447,Chennai,H05,2025-09-18 18:13:17
P000297,Bhavna Kulkarni,F,1997-09-04,06616372745,bhavna.kulkarni765@example.net,630464058646,Pune,H01,2025-08-19 10:07:21
P000298,  Siddharth Patil ,M,22/07/1989,08996031568,siddharth.patil896@,693789722125,delhi,H03,2025-11-10 17:39:20
P000299,Rajesh Mehta,M,1998-03-28,+91 84888 1961,rajesh.mehta798@example.net,533919919630,Delhi,H03,2025-08-16 21:27:13
P000300,Anjali Yadav,f,1954-02-11,08852078793,anjali.yadav560@example.net,287758938731,Delhi,H03,2025-10-10 15:10:02
P000301,Aarti Agarwal,f,1994-08-29,+91-7299798349,aarti.agarwal66@example.net,942986911823,Madras,H05,2025-12-10 12:52:33
P000302,  Meera Deshmukh ,O,26-Jun-2004,638 086 8871,meera.deshmukh830@example.org,363799073716,Mumbai,H05,2025-05-23 20:41:24
P000303,Aarti Bose,FEMALE,1985-05-31,+91-9051000709,aarti.bose815@mail.example.com,492930217581,Delhi,H03,2025-12-11 19:42:18
P000304,Amit Jain,M,19/11/2007,+91 62479 67144,amit.jain394@example.org,296521935057,CHANDIGARH,H04,2025-01-08 18:58:06
P000305,Harsh Singh,Male,1952-04-27,+91 86494 19694,harsh.singh652@example.com,277149924153,Mumbai,H02,2025-03-23 10:07:17
P000306,Rohan Mishra,Male,2024-10-09,07614633510,rohan.mishra613@mail.example.com,629351401447,Bengaluru,H06,2025-07-14 12:22:47
P000307,Gaurav Bose,M,1942-08-09,+91 87943 69848,gaurav.bose306@example.net,370718470828,Bombay,H01,2025-11-18 14:36:34
P000308,Aditya Singh,MALE,28-May-1992,+91 96784 88464,aditya.singh856@example.net,621238212674,New Delhi,H03,2025-06-23 14:25:51
P000309,Tanvi Jain,F,2022-11-05,+91 87175 65179,tanvi.jain84@mail.example.com,657926027250,Madras,H05,2025-01-09 08:27:30
P000310,Priya Bose,F,01-Mar-1995,66821-75530,,268329540631,Chennai,H05,2025-08-29 08:00:26
P000311,Suresh Naik,O,1941-12-04,860 302 7697,suresh.naik625@example.org,577458534413,Chennai,H05,2025-01-26 19:19:57
P000312,Manish Desai,Male,04/03/2021,+91 64918 73350,manish.desai769@mail.example.com,676046051722,DELHI,H03,2025-07-13 08:23:35
P000313,Vikram Yadav,M,1983-10-09,787 585 0139,vikram.yadav518@example.com,915185944949,Delhi,H03,2025-06-25 17:35:53
P000314,Sandeep Sharma,M,2021-04-06,08145695004,sandeep.sharma156@mail.example.com,745411163114,Pune,H06,2025-05-24 10:30:57
P000315,Ritu Rao,female,1942-08-30,+91 93660 08028,ritu.rao445@example.org,433139155799,Chennai,H05,2025-04-09 07:35:42
P000316,Ritu Thakur,F,23/08/1935,928 901 1106,ritu.thakur747@example.org,700513052263,Delhi,H01,2025-03-20 16:48:52
P000317,Bhavna Thakur,F,03/01/1979,91528-8075,bhavna.thakur103@example.org,805712390405,Mumbai,H02,2025-03-19 11:03:29
P000318,Vikram Patil,Male,24-Sep-1943,716 928 3828,vikram.patil182@example.net,573410968557,bengaluru,H06,2025-04-28 15:18:06
P000319,Ritu Mishra,F,19/03/1941,09416963745,ritu.mishra56@mail.example.com,848235816928,CHENNAI,H02,2025-09-14 21:57:38
P000320,Manish Desai,Male,05-Jun-1997,88220-13889,manish.desai136@mail.example.com,744614314014,Mumbai,H02,2025-04-28 08:14:15
P000321,Nisha Chopra,F,1937-09-03,+91-7038987003,nisha.chopra950@example.com,895121951029,delhi,H03,2025-08-04 16:11:18
P000322,Mansi Nair,f,1957-06-30,+91 94635 37979,mansi.nair38@mail.example.com,995097058860,Chennai,H05,2025-08-03 08:00:20
P000323,Sandeep Deshmukh,m,2020-06-23,79698-57300,sandeep.deshmukh165@mail.example.com,344096033318,Mumbai,H02,2025-12-30 19:02:47
P000324,Manish Gowda,M,1948-12-26,6386909591,manish.gowda232@mail.example.com,801261090820,Madras,H05,2025-04-15 19:58:14
P000325,Kavita Bhatt,f,1956-11-19,8229041131,kavita.bhatt553@example.net,522753110433,Bombay,H02,2025-09-06 09:02:24
P000326,Sunita Deshmukh,FEMALE,1949-05-23,+91-9387594517,sunita.deshmukh393@example.net,300367249578,Chandigarh,H04,2025-12-19 16:59:42
P000327,Vikram Verma,M,1984-07-10,+91-8080104177,vikram.verma380@example.org,800191586074,Chandigarh,H04,2025-11-18 18:16:06
P000328,Manish Shah,MALE,08-Mar-1964,+91-6788054687,manish.shah939@example.net,250770455339,Chandigarh,H04,2025-08-09 20:58:36
P000329,Rekha Desai,female,2019-12-28,06985248050,rekha.desai633@example.com,310435691021,Chandigarh,H04,2025-09-13 11:45:16
P000330,Pallavi Desai,female,31/03/1980,06636600353,pallavi.desai378@mail.example.com,616946078202,Bombay,H02,2025-06-10 11:27:05
P000331,Sandeep Reddy,M,2012-01-10,+91 70984 90408,sandeep.reddy544@example.org,912626719726,Mumbai,H06,2025-12-15 14:54:35
P000332,Rahul Jain,M,1938-12-23,7062486419,rahul.jain773@mail.example.com,514871919170,Delhi,H03,2025-05-27 13:43:10
P000333,Neha Bose,f,1978-09-28,771 231 1413,neha.bose584@example.net,910279811365,Mumbai,H02,2025-08-18 17:25:38
P000334,Sneha Kulkarni,FEMALE,2008-11-12,7370707981,sneha.kulkarni456@example.net,743422664071,Chennai,H05,2025-02-25 10:32:49
P000335,Sanjay Joshi,M,23/10/2008,+91 72371 83821,sanjay.joshi663@example.net,702259491158,Pune,H01,2025-05-08 20:10:32
P000336,Shweta Patil,Female,1969-09-16,+91 76711 89055,shweta.patil101@example.com,272893005310,Pune,H01,2025-01-18 16:36:58
P000337,Sneha Gupta,Female,1984-09-30,+91-6610553005,sneha.gupta344@mail.example.com,303534082343,CHANDIGARH,H04,2025-04-23 13:33:46
P000338,Anil Naik,male,13/12/1984,7442380368,anil.naik473@example.org,679325450967,Chandigarh ,H04,2025-03-19 12:53:55
P000339,Pranav Shah,M,1996-04-14,+91 62138 37695,pranav.shah982@example.org,439016096988,New Delhi,H03,2025-04-21 19:21:15
P000340,Karan Naik,m,1992-06-23,76340-6523,karan.naik200@example.com,423166258794,Chandigarh,H04,2025-06-26 15:33:26
P000341,Aditya Rao,m,09-Jun-1988,98637-24427,aditya.rao22@example.org,592938241857,Chennai,H05,2025-04-24 15:59:38
P000342,Aditya Bhatt,M,1969-06-01,07757874794,aditya.bhatt402@mail.example.com,648484671728,Mumbai,H02,2025-09-02 19:19:24
P000343,Gaurav Desai,M,1959-05-16,893 793 2657,gaurav.desai349@mail.example.com,811110210549,Delhi,H03,2025-04-29 07:43:30
P000344,  Swati Mishra ,FEMALE,1985-02-01,06327660410,swati.mishra282@example.net,458084171929,New Delhi,H03,2025-03-02 11:14:46
P000345,Sanjay Mehta,M,1964-02-23,07147295753,sanjay.mehta44@mail.example.com,446345872561,Delhi,H03,2025-05-23 17:00:29
P000346,Pallavi Gupta,F,13/03/1983,91185-07434,pallavi.gupta85@example.net,841656132107,mumbai,H02,2025-11-27 07:50:07
P000347,Komal Kapoor,F,1984-11-01,781 086 5760,komal.kapoor121@example.net,475299891692,Chennai,H05,2025-01-12 16:33:00
P000348,Amit Iyer,M,2003-06-17,87585-44039,amit.iyer859@,838631087598,Chandigarh,H04,2025-02-19 15:25:09
P000349,Rekha Kulkarni,Female,1939-04-17,08977918664,rekha.kulkarni77@mail.example.com,325941541223,DELHI,H06,2025-01-16 21:07:15
P000350,Vikram Mehta,MALE,1940-08-21,6748135265,vikram.mehta91@,783886864388,Pune,H01,2025-12-01 17:44:12
P000351,Sanjay Chopra,m,04/09/1972,835 465 1244,sanjay.chopra834@example.net,580165797439,Chennai,H05,2025-07-18 15:40:33
P000352,Kunal Nair,M,31/10/1946,+91 94146 44583,kunal.nair884@mail.example.com,879957515172, Pune,H01,2025-08-01 18:01:19
P000353,Rekha Jain,F,30/12/1937,803 877 0075,rekha.jain857@example.com,421914510974,Delhi,H03,2025-03-30 10:36:12
P000354,Sneha Naik,female,1962-07-17,+91-7981424081,sneha.naik306@example.com,467668751699,delhi,H03,2025-05-10 10:29:43
P000355,Shweta Bhatt,F,1979-09-24,761 011 3155,shweta.bhatt551@example.net,856321711933,Pune,H01,2025-12-31 11:06:10
P000356,Mohit Patil,M,1954-12-17,+91-9049727630,mohit.patil758@example.com,897853149369,Mumbai,H02,2025-03-01 10:53:43
P000357,Aditya Gupta,M,28-May-1993,+91-9239301528,aditya.gupta192@mail.example.com,494847507736,Chennai,H05,2025-11-13 17:50:55
P000358,Shruti Shah,Female,15/08/1997,61450-67949,shruti.shah362@example.org,481696815293,Pune,H01,2025-01-23 16:22:16
P000359,Siddharth Kulkarni,M,2024-06-17,+91-9109696884,siddharth.kulkarni712@example.org,553466617123,Mumbai,H02,2025-11-26 20:26:34
P000360,Harsh Agarwal,male,18/04/2000,07879158394,harsh.agarwal890@example.net,703272912955,delhi,H03,2025-10-23 17:05:26
P000361,Ananya Agarwal,f,23-Jun-1941,+91-8591792539,ananya.agarwal345@example.com,959766205138,Chennai,H05,2025-10-22 16:16:45
P000362,Shruti Gowda,F,1995-01-01,78164-88036,shruti.gowda650@mail.example.com,396635040320,Mumbai,H02,2025-06-15 09:14:10
P000363,Tushar Agarwal,M,1994-09-16,6081365128,tushar.agarwal343@mail.example.com,715855907111,Pune,H01,2025-09-09 15:50:44
P000364,Amit Gowda,M,2004-05-18,6035946990,amit.gowda829@example.org,826905804709,Chandigarh,H03,2025-08-09 09:47:23
P000365,Pallavi Singh,other,1999-09-10,07386453344,pallavi.singh150@example.org,450798261027,New Delhi,H03,2025-07-28 18:26:14
P000366,Sanjay Jain,M,1965-03-19,858 357 4089,sanjay.jain652@example.net,335447380282,Delhi,H03,2025-12-06 08:16:03
P000367,Divya Jain,F,2016-01-07,+91-7924146620,divya.jain116@example.net,483037740846,Pune,H01,2025-10-08 21:58:00
P000368,Deepak Rao,M,1974-07-11,756 289 4891,deepak.rao682@example.net,844646987572,PUNE ,H01,2025-09-08 20:36:02
P000369,Rajesh Malhotra,M,1941-05-08,+91-8817057693,rajesh.malhotra15@mail.example.com,931493907574,Chennai,H05,2025-05-17 21:27:28
P000370,Radhika Mishra,F,1974-09-17,+91-8562890163,radhika.mishra949@mail.example.com,941389231189,mumbai,H02,2025-04-23 21:41:41
P000371,Amit Deshmukh,M,05/10/1939,09492707492,amit.deshmukh237@mail.example.com,949220687282,Chandigarh,H04,2025-01-02 19:45:35
P000372,Anjali Joshi,F,24-Oct-2015,882 619 1430,anjali.joshi192@example.org,492909117555,Chandigarh,H04,2025-08-05 09:27:18
P000373,  Rahul Yadav ,M,04-Jul-1961,767 225 2173,rahul.yadav811@example.org,530929732762,Mumbai,H01,2025-07-03 10:32:48
P000374,Komal Kulkarni,f,20-Jul-1989,85402-61096,komal.kulkarni137@example.net,445894460662,Bengaluru,H06,2025-12-22 21:20:51
P000375,Yash Pillai,M,03-Apr-2005,+91-6481451432,yash.pillai575@example.com,424487294668,DELHI,H03,2025-10-09 13:01:46
P000376,Varun Kulkarni,MALE,16/04/2016,+91 64545 56172,varun.kulkarni244@example.net,771608297935,Bengaluru,H02,2025-01-07 16:01:46
P000377,Siddharth Malhotra,MALE,1944-05-03,07443125169,siddharth.malhotra275@mail.example.com,332407917327,Pune,H01,2025-07-28 12:05:07
P000378,Mohit Pillai,M,29-May-1975,+91 85583 71566,mohit.pillai857@,449843516152,Chandigarh,H04,2025-06-10 16:54:32
P000379,Yash Mishra,M,1980-07-19,+91 75487 28053,yash.mishra441@example.net,993180795515,New Delhi,H03,2025-03-31 07:59:01
P000380,Anjali Malhotra,F,1976-07-21,+91-9138331312,anjali.malhotra53@example.com,828473637357,Bengaluru,H06,2025-03-20 09:36:31
P000381,Sanjay Pillai,M,30-Oct-1992,09187191856,sanjay.pillai870@example.org,572700818705,Bombay,H02,2025-05-01 09:44:59
P000382,Priya Singh,FEMALE,22/07/2004,68940-67534,priya.singh968@example.com,995007480527,chandigarh,H04,2025-04-11 09:27:09
P000383,Manish Reddy,M,2001-04-29,83024-59619,manish.reddy852@mail.example.com,432860251694,Bengaluru,H06,2025-10-24 21:28:56
P000384,Sunita Sharma,F,15/07/1954,08992504618,sunita.sharma42@mail.example.com,328793923821,Mumbai,H02,2025-12-06 17:39:34
P000385,Anil Mehta,M,22/12/1987,6693742609,anil.mehta733@example.org,922197252151,Delhi,H04,2025-10-29 11:26:04
P000386,Pooja Chopra,F,05/03/1997,+91-7507581232,pooja.chopra767@example.com,434829082315,Chennai,H05,2025-07-17 17:21:54
P000387,Komal Joshi,F,01/03/1972,+91 65256 20003,komal.joshi69@example.com,504690303305,Bengaluru,H06,2025-12-23 10:54:08
P000388,Bhavna Gowda,F,1993-04-27,934 113 8257,bhavna.gowda95@example.net,620927212931,Pune,H01,2025-04-02 11:14:29
P000389,Gaurav Patil,M,20/09/1953,6648897940,gaurav.patil510@example.org,360435182226,Mumbai,H01,2025-08-02 14:55:54
P000390,Pallavi Thakur,F,14/11/1974,641 593 6350,pallavi.thakur571@example.org,308118051531,Chennai,H05,2025-02-19 13:53:45
P000391,Sandeep Kulkarni,M,2001-10-19,+91 87849 29635,sandeep.kulkarni709@example.net,442925192009,Bengaluru,H06,2025-05-24 10:37:36
P000392,Komal Verma,F,1961-11-06,+91 61290 07895,komal.verma286@example.com,551772540743,Pune,H01,2025-10-02 14:54:58
P000393,Rekha Deshmukh,F,04-Mar-1992,06823155749,rekha.deshmukh791@mail.example.com,784786478531,Madras,H05,2025-02-20 11:37:42
P000394,Tanvi Mehta,F,1963-11-10,+91-6932470162,tanvi.mehta212@mail.example.com,600408781434,Chandigarh,H03,2025-12-19 18:13:09
P000395,Amit Gupta,MALE,06-Jun-1963,09437225104,amit.gupta68@mail.example.com,438507614749,Delhi,H03,2025-07-12 09:48:39
P000396,Nikhil Bhatt,,2019-08-20,86051-24503,nikhil.bhatt506@example.com,783840878804,Chandigarh,H04,2025-05-21 14:57:09
P000397,Priya Patil,F,1972-09-25,954 360 7982,priya.patil392@example.org,803038261212,Pune,H01,2025-06-18 16:23:21
P000398,Gaurav Malhotra,MALE,2007-11-12,+91 88417 54480,gaurav.malhotra470@example.com,274955126939,Bengaluru,H06,2025-08-06 19:31:51
P000399,Radhika Mehta,F,1998-04-27,85688-67095,radhika.mehta773@mail.example.com,297879340506,Delhi,H03,2025-04-06 15:30:59
P000400,Karan Gupta,MALE,26/06/1990,+91 86348 18666,karan.gupta225@,566583104488,chandigarh,H03,2025-08-29 08:06:31
P000401,Anil Desai,m,31-Jan-1977,99747-58612,anil.desai633@example.com,488026279865,Mumbai,H02,2025-10-10 21:11:58
P000402,Meera Rao,FEMALE,04-Jun-1991,+91-9795179443,meera.rao740@example.net,551795230377,Chandigarh,H03,2025-12-12 13:21:32
P000403,Vikram Verma,MALE,11/07/2022,+91-7799405281,vikram.verma862@example.net,251695842954,Pune,H03,2025-10-02 19:38:45
P000404,Tanvi Kulkarni,F,1989-05-13,78368-71877,tanvi.kulkarni400@,230998852593,Bengaluru,H06,2025-09-23 17:10:28
P000405,Aditya Pandey,M,24/06/1948,6161585841,aditya.pandey709@mail.example.com,676198484617,Delhi,H03,2025-06-09 20:26:31
P000406,Prakash Rao,m,1976-09-03,893 185 0915,prakash.rao872.example.org,969457198680,Delhi,H03,2025-12-30 07:26:15
P000407,Kavita Bhatt,F,1991-11-28,+91-6405350038,kavita.bhatt117@example.net,538398424618,Delhi,H03,2025-05-30 09:53:09
P000408,Pranav Kapoor,male,2001-10-18,+91-6886687143,pranav.kapoor364@example.com,786474637832,Bangalore,H06,2025-09-18 12:36:53
P000409,Bhavna Bhatt,F,1967-08-10,08859204420,bhavna.bhatt580@example.org,363848174071,Mumbai,H02,2025-05-18 14:39:47
P000410,Rekha Kulkarni,F,2024-03-24,+91 93501 69577,rekha.kulkarni863@mail.example.com,586748373878,Bengaluru,H06,2025-08-11 08:09:18
P000411,Rekha Nair,F,1967-08-31,795 242 4542,rekha.nair575@example.org,765188631053,Delhi,H03,2025-05-29 09:26:50
P000412,Deepak Nair,Male,1996-11-14,8565829500,deepak.nair91@example.net,898764789198,Pune,H03,2025-09-08 15:54:34
P000413,Meera Shah,F,2017-03-30,82881-60149,meera.shah201@example.net,398184403035,Chandigarh,H02,2025-11-04 18:02:25
P000414,Rohan Agarwal,MALE,1958-04-02,+91-7871681391,rohan.agarwal824@example.com,201278236204,Pune,H01,2025-12-17 10:37:15
P000415,Jyoti Gowda,F,1954-10-18,7693019498,jyoti.gowda335@example.net,381159564983,Delhi,H03,2025-09-14 15:09:47
P000416,Sunita Shah,female,1973-12-20,9725361138,sunita.shah71@example.com,385075478364,Mumbai,H02,2025-02-16 16:43:23
P000417,Divya Reddy,FEMALE,1994-02-16,84515-24775,divya.reddy837@example.com,536709149597,Madras,H05,2025-06-08 12:18:54
P000418,Aarti Shah,female,2021-07-17,06622342105,aarti.shah51@example.net,904248373928,Chandigarh ,H04,2025-08-22 12:40:20
P000419,  Anjali Singh ,F,21/10/1965,+91-633553845,anjali.singh724@mail.example.com,380312899778,Bengaluru,H06,2025-08-27 19:44:51
P000420,Anil Reddy,male,1986-10-10,653 375 4496,anil.reddy912@mail.example.com,544333852513, Pune,H01,2025-09-03 19:38:23
P000421,Sunita Agarwal,FEMALE,2018-11-02,+91-9912598386,sunita.agarwal664@example.net,623750739835,Mumbai,H06,2025-05-24 07:14:51
P000422,Shruti Singh,F,1991-10-18,895 302 5933,shruti.singh876@example.com,349217086854,Delhi,H03,2025-01-21 20:52:34
P000423,Arjun Nair,O,21/04/1962,+91 91456 08362,,666700978791,Pune,H01,2025-05-24 11:45:11
P000424,Isha Joshi,female,1997-09-26,653 132 7465,isha.joshi558@example.org,616331844528,Pune,H01,2025-08-12 09:43:30
P000425,Anil Rao,male,1976-09-03,79546-39715,anil.rao262@mail.example.com,512836435983,Chandigarh,H04,2025-01-24 17:22:14
P000426,Mansi Desai,FEMALE,2024-09-27,+91 61256 56827,mansi.desai640@mail.example.com,687710861420,Chandigarh,H04,2025-09-09 16:21:51
P000427,Varun Pandey,M,18/12/2018,693 802 7903,varun.pandey733@example.com,970054372444,Mumbai,H02,2025-11-27 08:40:34
P000428,Arjun Gowda,M,27/05/1985,64704-38495,arjun.gowda121@example.org,596284707693,Chennai,H05,2025-11-15 10:23:05
P000429,Tushar Desai,MALE,09/04/1944,+91 65419 3441,tushar.desai869@mail.example.com,744070357284,Mumbai,H02,2025-09-26 09:26:09
P000430,Anil Gupta,Male,1965-04-15,06250903621,,634884548886,BANGALORE ,H06,2025-08-18 21:48:44
P000431,Prakash Reddy,MALE,29-Jul-1936,+91 96764 04463,prakash.reddy915@example.com,233732676314,Mumbai,H02,2025-02-09 08:46:50
P000432,Prakash Mishra,Male,26/07/2013,8745014508,prakash.mishra327@mail.example.com,215339864752,Bengaluru,H06,2025-09-14 17:01:44
P000433,Sandeep Menon,M,1988-10-07,+91-8019018968,sandeep.menon133@mail.example.com,313744519709,Chennai,H05,2025-12-23 11:22:43
P000434,Vikram Mehta,M,25/05/2022,65600-52631,vikram.mehta862@example.net,520142982558,chennai,H05,2025-03-09 20:38:12
P000435,Kavita Malhotra,,1964-07-23,792 318 0578,kavita.malhotra954@mail.example.com,316756072730,Bengaluru,H06,2025-07-31 10:49:29
P000436,Mansi Joshi,female,1961-04-28,+91 82891 80211,mansi.joshi932@example.com,965627502759,chandigarh,H04,2025-04-25 15:43:18
P000437,Kavita Pillai,female,1989-07-06,07550093436,kavita.pillai192@example.org,548407802715,Chandigarh,H04,2025-12-20 15:07:38
P000438,Isha Rao,F,06-Dec-1975,+91 85872 80389,isha.rao128@example.org,721593518220,Mumbai,H02,2025-10-12 11:10:44
P000439,Divya Malhotra,F,12/10/2012,+91-8216178601,divya.malhotra304@example.org,492968695453,Bangalore,H06,2025-03-07 17:32:34
P000440,Priya Menon,,1963-10-14,92707-01074,priya.menon261@mail.example.com,324145020409,Chandigarh,H04,2025-12-02 09:54:56
P000441,Shruti Gupta,f,22/11/1974,0956126057,shruti.gupta536@example.net,653295310786,MUMBAI ,H02,2025-07-23 09:05:32
P000442,Aditya Kapoor,MALE,07/11/1959,72430-36677,aditya.kapoor555@mail.example.com,626473663840,Bengaluru,H06,2025-02-22 17:31:13
P000443,Vikram Nair,MALE,18-Jan-2010,06013574862,vikram.nair187@mail.example.com,961895057315,Chennai,H03,2025-11-14 08:53:28
P000444,Shruti Reddy,F,06-Nov-1980,+91 69646 42936,shruti.reddy652@example.org,378851259202,Pune,H01,2025-07-30 20:00:40
P000445,  Aarti Bose ,F,1943-03-17,714 071 6863,aarti.bose4@example.net,854529154690,bengaluru,H06,2025-12-11 12:15:46
P000446,Rajesh Chopra,M,1970-03-12,+91-9882996419,rajesh.chopra945@example.com,639267202888,Delhi,H03,2025-08-27 09:34:54
P000447,Rohan Reddy,M,2022-01-15,+91-9434679306,rohan.reddy977@example.com,755503597723,Chandigarh ,H04,2025-01-18 19:08:31
P000448,  Amit Reddy ,M,30/07/1959,+91 88456 52108,amit.reddy361@mail.example.com,757207593631,Madras,H05,2025-12-23 19:32:30
P000449,Swati Mehta,F,1948-11-18,+91-9332997864,swati.mehta588@example.org,270792770972,Bengaluru,H06,2025-12-12 16:46:12
P000450,Kavita Chopra,Female,1980-01-26,94270-51611,kavita.chopra851@example.com,770951910956,Madras,H04,2025-04-07 17:53:24
P000451,Suresh Yadav,M,22/01/1983,696 861 4395,suresh.yadav246@example.org,276247206314,Chandigarh,H04,2025-04-16 12:31:13
P000452,Anil Desai,Other,02/08/1996,92388-39844,anil.desai569@example.com,699672335297,Mumbai,H02,2025-04-08 21:06:57
P000453,Mansi Mishra,F,1960-06-21,+91 82636 66063,mansi.mishra439@example.com,357292628419,Chennai,H05,2025-03-14 07:05:47
P000454,  Sunita Menon ,F,1974-05-25,09550711827,sunita.menon891@,441990460837,Bangalore,H06,2025-05-01 20:19:10
P000455,Aarti Desai,F,1958-06-27,809 680 7477,aarti.desai502@mail.example.com,554338867979,CHENNAI,H05,2025-06-10 14:43:14
P000456,Harsh Iyer,M,15/09/1970,8335909269,harsh.iyer127@example.com,731786147382,Mumbai,H02,2025-11-10 21:33:36
P000457,Pooja Kulkarni,O,1959-04-25,66883-45836,pooja.kulkarni169@example.com,460987897150,MUMBAI ,H02,2025-07-01 11:20:51
P000458,Nikhil Deshmukh,,08/07/2009,+91 85832 05500,nikhil.deshmukh366@example.org,364397015888,New Delhi,H03,2025-02-23 13:46:25
P000459,Swati Joshi,F,2005-08-02,+91-9110879943,,890687584361,Bengaluru,H06,2025-08-01 12:51:43
P000460,Pallavi Mishra,F,1995-01-10,+91-8259089009,pallavi.mishra27@mail.example.com,433712924054,Pune,H01,2025-10-17 08:29:50
P000461,Karan Mehta,m,1971-04-09,752 244 6940,karan.mehta341@mail.example.com,638814926170,Chandigarh,H04,2025-12-23 10:10:02
P000462,Rajesh Chopra,M,16/12/1981,759 367 6344,rajesh chopra91@mail.example.com,975167102027,Mumbai,H02,2025-08-02 08:41:54
P000463,Nisha Verma,FEMALE,1994-09-05,9288104635,nisha.verma607@mail.example.com,970571739651,Bengaluru,H06,2025-04-22 21:59:12
P000464,Harsh Pillai,m,1959-06-05,+91 64436 47694,harsh.pillai164@mail.example.com,398379867966,Bengaluru,H06,2025-12-06 19:02:14
P000465,Rekha Pillai,FEMALE,1968-04-25,+91 82072 47244,rekha.pillai339@example.net,648010959465,Pune,H02,2025-12-16 11:15:39
P000466,Aarti Bhatt,F,1961-10-28,75852-7125,aarti.bhatt507@example.net,827484557420,PUNE ,H01,2025-06-17 16:09:27
P000467,Radhika Bhatt,F,2001-10-28,66725-16505,radhika.bhatt806@example.com,259258775184,Mumbai,H02,2025-04-11 21:09:48
P000468,Priya Jain,f,1993-12-21,09865074738,priya.jain766@example.net,690004238230,Chennai,H05,2025-03-19 13:14:28
P000469,Varun Shah,M,12/10/1939,+91-6659907399,varun.shah626@example.com,771027931834,Bengaluru,H06,2025-07-05 10:21:38
P000470,Aditya Nair,M,2010-12-24,7675065281,aditya.nair237@example.net,439535478014,Chandigarh,H02,2025-04-10 15:05:58
P000471,Vikram Yadav,,1999-08-30,07998324081,,267492606640,Chandigarh ,H04,2025-08-26 09:01:46
P000472,Amit Yadav,m,01-Jul-1993,+91-6794790066,amit.yadav401@example.net,603930102884,Pune,H01,2025-08-28 15:25:49
P000473,Varun Shah,M,2003-11-19,08520954498,varun.shah577@mail.example.com,287373682351,Pune,H01,2025-08-08 17:52:05
P000474,Siddharth Bhatt,M,2018-11-13,71208-97347,siddharth.bhatt595@mail.example.com,992180056484,Bangalore,H06,2025-04-19 14:26:14
P000475,Pranav Desai,male,1974-03-21,71994-70447,pranav desai821@example.org,533912043053,Chennai,H05,2025-01-14 11:32:47
P000476,Sneha Deshmukh,FEMALE,11-Jun-1974,06895218839,sneha.deshmukh77@mail.example.com,393293295140,Delhi,H03,2025-04-08 10:40:07
P000477,Bhavna Pillai,Female,26/07/1990,722 578 0483,bhavna.pillai132@example.org,510090977437,DELHI,H03,2025-05-04 18:14:42
P000478,Nisha Kapoor,F,1994-03-12,+91 83409 80201,nisha.kapoor387@example.org,894327625814,Bengaluru,H06,2025-03-01 09:49:43
P000479,Rekha Patil,female,1970-01-16,834 035 4148,rekha.patil778@example.org,350125680224,Pune,H01,2025-01-05 18:37:27
P000480,Gaurav Patil,M,1951-01-21,728 711 4911,gaurav.patil738@example.com,993588426306,Mumbai,H02,2025-09-04 16:09:46
P000481,Rekha Singh,F,1979-05-21,+91-9577329596,rekha singh101@mail.example.com,833332229946,Delhi,H03,2025-04-21 10:44:02
P000482,  Nikhil Mishra ,m,1949-09-01,88308-04452,nikhil.mishra434@example.org,321096572420,Bombay,H02,2025-06-28 09:22:50
P000483,Aditya Mishra,M,2021-02-14,655 153 9538,aditya.mishra12@example.org,974109222097,Bombay,H02,2025-12-27 09:01:56
P000484,Gaurav Reddy,M,03/03/1994,70978-44800,gaurav.reddy655@mail.example.com,997637981335,Mumbai,H02,2025-01-12 07:21:47
P000485,Radhika Mehta,Female,2014-02-13,+91-7312550321,radhika.mehta831@example.org,593053698035,MUMBAI ,H02,2025-10-04 10:52:57
P000486,Aditya Kulkarni,M,2007-07-22,94819-33847,aditya.kulkarni143@example.com,798896612780,Delhi,H03,2025-11-04 21:04:35
P000487,Radhika Naik,f,28/07/2003,09452088297,radhika.naik80@mail.example.com,984394285736,DELHI,H06,2025-05-02 18:46:00
P000488,Vikram Menon,M,1968-10-20,+91 88092 98045,vikram.menon702@mail.example.com,465896775053,MUMBAI ,H02,2025-06-15 13:58:37
P000489,Vikram Chopra,male,1989-06-17,8052438406,vikram.chopra425@mail.example.com,939124671753,Bengaluru,H06,2025-05-08 21:20:31
P000490,Anil Kapoor,M,1949-05-03,06550215166,anil.kapoor823@example.com,675906687694,Mumbai,H02,2025-02-24 15:59:59
P000491,Isha Rao,F,26/08/1972,650 003 0080,isha.rao593@example.net,502376104959,mumbai,H04,2025-10-04 07:07:06
P000492,Yash Chopra,M,17-Oct-1968,08470386949,yash.chopra615@example.net,547483773697,Pune,H06,2025-06-25 21:41:19
P000493,Meera Yadav,Female,1967-07-25,719 123 9383,meera.yadav355@mail.example.com,301568901819,Delhi,H02,2025-01-23 18:42:48
P000494,Karan Mehta,M,03/05/1951,9294500918,karan mehta137@example.org,395957876136,Chandigarh,H04,2025-04-13 16:16:33
P000495,Ritu Mehta,FEMALE,1958-05-24,+91-9705205010,ritu.mehta31@example.org,611724387412,Bangalore,H06,2025-01-18 17:16:41
P000496,Prakash Agarwal,male,09/01/1964,772 408 1790,prakash.agarwal529@example.net,826582455804,Mumbai,H02,2025-04-11 17:44:30
P000497,Sanjay Menon,M,2011-07-15,860 883 6539,sanjay.menon348.example.org,637109964468,Mumbai,H02,2025-09-08 21:39:01
P000498,Sandeep Desai,MALE,2010-04-05,851 517 9065,sandeep.desai789@example.com,324489322496,DELHI,H03,2025-03-11 19:47:36
P000499,Tushar Kulkarni,M,28-Mar-2013,946 217 6832,tushar.kulkarni875@example.net,489615113472,Mumbai,H02,2025-09-29 21:04:15
P000500,Ritu Sharma,FEMALE,1969-06-22,0830407267,ritu.sharma42@mail.example.com,572633143675,Mumbai,H02,2025-12-23 12:26:34
P000501,Sandeep Naik,M,1992-10-06,+91-7951141433,sandeep.naik147@mail.example.com,707863451298,Chennai,H05,2025-04-23 15:06:50
P000502,Anjali Bose,Female,1991-03-07,07340504430,anjali.bose543@mail.example.com,886674788778,Delhi,H03,2025-08-28 08:24:15
P000503,Rohan Chopra,M,1984-12-07,+91-9792994717,rohan.chopra646@example.com,728556920433,New Delhi,H03,2025-12-25 13:57:21
P000504,Prakash Iyer,MALE,01/11/2000,742 474 0751,prakash.iyer528@example.com,613116965714,PUNE ,H01,2025-12-28 17:51:54
P000505,Ananya Pandey,F,1937-02-19,+91-608732956,ananya.pandey752@example.com,998735667781,delhi,H03,2025-07-22 16:03:43
P000506,Sneha Chopra,F,1994-01-04,6071048052,sneha.chopra440@mail.example.com,481513970499,Bengaluru,H06,2025-10-14 14:49:07
P000507,Harsh Pandey,male,19-May-1985,+91 73062 16399,harsh.pandey52@example.net,493095150141,chandigarh,H04,2025-03-11 21:20:13
P000508,Priya Rao,F,16-Oct-1936,+91-8125009302,priya.rao760@example.com,498748606341,Chandigarh,H04,2025-06-24 14:04:23
P000509,Suresh Thakur,MALE,2024-01-13,6507767844,suresh.thakur517@example.com,322024879929,Bengaluru,H06,2025-08-03 09:31:00
P000510,Siddharth Mishra,M,28/04/1987,+91 60745 1636,siddharth.mishra762@mail.example.com,455200392391,Delhi,H03,2025-07-09 13:50:09
P000511,Ananya Menon,FEMALE,1993-04-30,+91-7318055970,ananya.menon824@example.net,508916222093,Bengaluru,H06,2025-02-15 10:00:27
P000512,Rohan Bose,M,1947-08-07,+91-7279567774,rohan.bose593@example.net,400733547118,Chennai,H05,2025-12-15 20:12:02
P000513,Karan Gupta,m,1975-06-01,06194250612,karan.gupta154@mail.example.com,245089592084,Chandigarh,H04,2025-11-05 12:50:56
P000514,Meera Shah,FEMALE,01-Jan-1976,+91-8677360673,meera.shah326@example.com,844954529923,Bengaluru,H06,2025-03-04 19:51:51
P000515,Kavita Thakur,F,19-Jun-2019,+91 82162 91520,kavita.thakur80@,835435496657,Mumbai,H02,2025-06-06 15:35:14
P000516,Karan Iyer,male,28/08/1974,8536769686,karan.iyer687@mail.example.com,495540773131,Bombay,H02,2025-03-24 12:34:39
P000517,Sneha Deshmukh,F,1977-10-14,+91 62776 81978,sneha.deshmukh758@example.net,887614403480,Chennai,H06,2025-10-01 13:58:41
P000518,Komal Reddy,F,2005-01-15,702 563 8942,komal.reddy994@example.net,309870674210,delhi,H03,2025-12-10 14:00:53
P000519,Divya Agarwal,f,02/01/2019,06297738591,divya.agarwal864@example.com,799944010075,Chennai,H05,2025-05-22 19:59:13
P000520,Radhika Sharma,female,23/03/1997,749 082 3294,radhika.sharma914@mail.example.com,448789009705,Chandigarh,H04,2025-01-25 18:59:57
P000521,Arjun Naik,M,23/04/1937,80324-93123,arjun.naik832@example.net,550059642506,Chennai,H05,2025-07-26 08:38:36
P000522,Rahul Bose,MALE,25/05/1996,+91 93789 52123,rahul.bose275@example.org,213893858102,Chandigarh,H06,2025-12-05 09:23:08
P000523,Vikram Malhotra,MALE,1942-06-14,+91 85742 12002,vikram.malhotra919@example.org,361733075326,New Delhi,H03,2025-01-24 16:45:14
P000524,Karan Sharma,Other,2025-04-22,9410801620,karan.sharma300@example.org,331964579834,Delhi,H03,2025-07-29 10:50:18
P000525,Amit Bhatt,M,1966-12-29,+91-9511304610,amit.bhatt404@,774247158084,Pune,H01,2025-05-02 21:49:15
P000526,Pooja Bose,FEMALE,1939-06-19,+91 80535 21476,pooja.bose859@example.com,509819645457,Chandigarh,H04,2025-05-28 09:36:46
P000527,Pooja Jain,Female,21-Mar-2015,+91-7738793781,pooja.jain246@,409807743987,Bengaluru,H06,2025-05-08 21:41:10
P000528,Shweta Kapoor,F,25/11/2014,+91-8068511349,shweta.kapoor243@mail.example.com,297389586234,Mumbai,H03,2025-04-16 09:52:15
P000529,Sandeep Chopra,M,1975-02-06,+91 77284 06561,sandeep.chopra751@example.com,829984951837,CHENNAI,H05,2025-09-04 19:42:04
P000530,Rohan Bose,Male,2003-09-04,+91 69523 76421,rohan.bose943@example.org,403286774687,Chennai,H05,2025-12-05 18:40:09
P000531,Rajesh Pillai,,11-Oct-2000,+91 91287 2983,rajesh.pillai371@mail.example.com,596824550381,Pune,H01,2025-08-04 17:15:27
P000532,Mohit Rao,male,1983-06-09,0881921043,mohit.rao535@example.net,674662134400,Delhi,H06,2025-04-18 18:32:14
P000533,Rekha Chopra,f,12/03/1986,91376-5515,rekha.chopra996@example.org,929257087833,Chennai,H05,2025-02-09 11:43:34
P000534,Tanvi Mehta,Female,1946-09-27,66611-12457,tanvi.mehta324@example.net,357252384185,chennai,H05,2025-02-15 08:20:37
P000535,Mansi Menon,FEMALE,27/11/1977,65480-86432,mansi.menon794@example.com,333154854275,Delhi,H03,2025-07-20 12:12:25
P000536,Swati Rao,F,05/10/1968,+91-9180746578,swati.rao443@example.com,482479989897,Chandigarh,H04,2025-06-25 09:56:49
P000537,Sandeep Joshi,MALE,1968-10-10,+91-9062189308,sandeep.joshi52@example.net,304298606330,delhi,H03,2025-10-10 18:19:43
P000538,Gaurav Kulkarni,M,1975-09-11,0841000693,gaurav.kulkarni637@example.org,208959401773,Chandigarh,H04,2025-04-19 17:02:49
P000539,Sanjay Shah,MALE,1983-02-24,89959-32509,sanjay.shah838@example.com,757456610187,Mumbai,H02,2025-11-06 11:04:57
P000540,Kunal Yadav,Male,25/03/1954,842612490,kunal.yadav699@example.net,862339476610,Bengaluru,H06,2025-06-20 20:01:50
P000541,  Shruti Thakur ,F,2007-07-30,6197451987,shruti thakur892@example.com,646603770985,Bombay,H02,2025-04-28 08:07:01
P000542,Mansi Joshi,F,19-Mar-1968,+91-7181422933,mansi.joshi31@mail.example.com,478113812475,Mumbai,H02,2025-12-11 17:39:02
P000543,Amit Nair,,29/10/1949,+91-7469750570,amit.nair693@example.net,925686410869,Delhi,H03,2025-05-20 16:15:26
P000544,Meera Chopra,F,01/02/1974,+91 76131 61786,meera.chopra942@example.org,628389524910,chandigarh,H03,2025-11-20 12:30:46
P000545,Isha Gowda,FEMALE,1996-02-28,6649989596,isha.gowda704@example.com,538991030060,Chandigarh,H05,2025-05-03 12:31:24
P000546,Anil Bose,M,2018-07-13,6812076672,anil.bose788@example.org,676189546564,chennai,H05,2025-11-11 18:04:25
P000547,Rekha Pandey,F,08-Feb-1999,06485844214,rekha.pandey810@mail.example.com,789014489598,delhi,H03,2025-04-06 09:27:54
P000548,Aarti Iyer,F,1975-10-18,06335578138,aarti.iyer364@mail.example.com,557857615790,Chennai,H05,2025-08-30 20:43:20
P000549,Mansi Pillai,f,2017-09-17,+91-6943269350,mansi.pillai952@mail.example.com,420576318022,Delhi,H03,2025-02-28 08:12:06
P000550,Nikhil Sharma,Male,09/07/2003,08681940659,nikhil.sharma975@example.net,918845791842,Delhi,H03,2025-05-20 07:06:28
P000551,Pallavi Pandey,F,16-Feb-1983,74331-08779,pallavi.pandey133@mail.example.com,515478457230,mumbai,H02,2025-02-22 19:00:19
P000552,Suresh Thakur,O,2002-12-26,7754471094,suresh.thakur194.example.net,667862198817,Delhi,H03,2025-06-10 11:09:39
P000553,Isha Desai,FEMALE,1990-05-24,+91 95135 27014,isha.desai990@example.com,957404980476,Bangalore,H06,2025-06-01 18:21:41
P000554,Mohit Pillai,male,24/02/1964,08285376900,mohit.pillai700@example.org,979083308109,Bengaluru,H06,2025-05-10 12:20:05
P000555,Rekha Joshi,F,1993-10-03,61813-6173,rekha.joshi743@example.com,425787872153,New Delhi,H03,2025-07-07 11:25:54
P000556,Divya Iyer,f,16-Jan-1964,+91 75253 03525,divya.iyer634@example.org,613271290811,Chennai,H05,2025-11-23 21:07:06
P000557,Ananya Sharma,f,1976-08-16,+91 61216 31037,ananya.sharma456@example.org,616897106416,Madras,H05,2025-04-11 20:09:09
P000558,Meera Pandey,FEMALE,14/02/1989,08417274922,meera.pandey69@example.net,406613281615,CHANDIGARH,H04,2025-09-17 18:46:00
P000559,  Siddharth Mishra ,M,14/01/2005,6713258110,siddharth.mishra921@example.net,916367576184,Mumbai,H02,2025-06-23 13:16:13
P000560,Karan Sharma,MALE,16-Oct-2014,+91 70342 6440,karan.sharma176.example.org,213249277576,chandigarh,H04,2025-04-07 20:57:36
P000561,Harsh Rao,male,1940-02-29,955 732 9519,harsh.rao922@example.net,754491595173,Chandigarh,H04,2025-10-17 14:42:08
P000562,Arjun Desai,M,1997-06-14,+91-9565443824,arjun.desai96@example.com,844976038680,delhi,H03,2025-12-06 12:23:18
P000563,Mansi Verma,female,19/07/2002,+91-773778835,mansi.verma397@example.org,968499440752,Bengaluru,H06,2025-08-15 12:27:56
P000564,Isha Thakur,f,1951-12-17,07613274527,isha.thakur114@example.net,622216747573,BANGALORE ,H06,2025-03-27 11:48:58
P000565,Priya Gowda,FEMALE,16-Jun-1981,9811157858,priya.gowda311@mail.example.com,730668539978,pune,H01,2025-03-04 09:48:55
P000566,Ananya Reddy,F,1986-03-25,09319328744,ananya.reddy420@example.org,543708131354,delhi,H03,2025-02-14 08:44:01
P000567,Anjali Naik,F,1939-07-11,+91 81461 78885,anjali.naik486@example.org,696068686534,Delhi,H03,2025-05-29 11:59:33
P000568,Arjun Joshi,M,1973-02-23,668 777 861,arjun.joshi444@mail.example.com,381538791164,Chandigarh,H04,2025-08-14 18:30:48
P000569,Harsh Naik,male,1974-10-12,724239035,harsh.naik987.mail.example.com,715040718847,Chennai,H05,2025-06-10 12:00:52
P000570,Siddharth Shah,M,22-Oct-1979,+91-8622216852,siddharth.shah882@example.org,941396732609,Mumbai,H02,2025-06-28 20:02:31
P000571,Aditya Deshmukh,MALE,1955-03-07,857 305 5781,aditya.deshmukh366@example.net,404328232004,chandigarh,H04,2025-12-17 15:50:09
P000572,Pooja Deshmukh,F,26/08/1999,6941075727,,543068811908,chennai,H05,2025-07-19 09:47:42
P000573,Ritu Pillai,female,1944-10-09,694 472 8456,ritu.pillai533@example.net,525436430999,Chandigarh,H04,2025-09-14 09:18:53
P000574,Aarti Kapoor,F,25-Nov-2002,82631-99536,aarti.kapoor347@example.net,392899042727,Delhi,H03,2025-10-07 15:30:38
P000575,Shruti Agarwal,F,2021-03-07,9747672184,shruti.agarwal813@example.net,251833045270,Chennai,H05,2025-07-31 12:49:47
P000576,Nisha Thakur,F,12-Mar-1955,+91-7217460477,nisha.thakur556@example.net,613678943789,CHANDIGARH,H04,2025-05-08 09:30:58
P000577,Shweta Kapoor,F,2004-12-07,+91-6217130366,shweta.kapoor285@example.net,750829960352,chennai,H05,2025-01-03 08:04:43
P000578,Aarti Malhotra,F,1974-12-11,+91 89758 26977,aarti.malhotra52@example.org,648510119057,Chennai,H05,2025-09-15 13:45:21
P000579,Prakash Verma,M,2001-12-11,6927731636,prakash.verma455@example.org,526782455069,Pune,H01,2025-01-07 11:29:15
P000580,Gaurav Verma,male,1997-01-13,+91 91570 04464,gaurav.verma813@example.com,299164696205,Mumbai,H02,2025-04-28 21:20:41
P000581,Isha Patil,f,10-Feb-2004,+91-6333110329,isha.patil323@mail.example.com,370030363346,Pune,H01,2025-02-08 08:51:05
P000582,Rohan Shah,M,22/01/2005,605 535 5512,rohan.shah44@example.com,408661270700,MUMBAI ,H02,2025-07-17 20:22:22
P000583,Rekha Iyer,FEMALE,2010-09-28,9664725134,rekha.iyer172@example.net,518118188734,Mumbai,H02,2025-10-02 08:00:05
P000584,Shweta Patil,F,1997-03-01,97186-36863,shweta.patil171@example.org,939439715037,Delhi,H03,2025-04-28 16:30:12
P000585,  Karan Yadav ,M,1965-05-02,+91-8263335845,karan.yadav528@example.org,403632013003,Bengaluru,H06,2025-01-27 10:17:13
P000586,Yash Gowda,M,1967-12-19,+91-7857264925,yash.gowda728@mail.example.com,214442655824,Bangalore,H06,2025-12-17 21:36:29
P000587,Tanvi Naik,F,2009-02-23,+91 92171 04908,tanvi.naik39@mail.example.com,219339293412,chennai,H05,2025-03-17 21:07:48
P000588,Shruti Bhatt,F,1992-09-12,0783735496,,712119066692,Pune,H01,2025-11-09 09:27:23
P000589,Mansi Nair,female,22/07/2022,7994339071,mansi.nair346@example.com,788636759794,Mumbai,H02,2025-08-14 16:06:35
P000590,Varun Mishra,m,2001-05-19,61441-01414,,964786919978,Chandigarh,H04,2025-10-21 15:43:09
P000591,Aditya Verma,Male,2022-05-18,71183-99436,aditya.verma219@mail.example.com,531432429047,Pune,H01,2025-10-23 10:28:12
P000592,Arjun Deshmukh,Male,1991-06-02,0989666458,arjun.deshmukh336@example.org,318116600477,New Delhi,H03,2025-04-30 20:13:10
P000593,Komal Iyer,F,09-May-1988,+91-7453130481,komal.iyer49@example.org,486385074961,Mumbai,H01,2025-01-13 20:09:13
P000594,Swati Verma,female,19-Jan-1947,+91 99123 72646,swati.verma468@example.net,228373361573,Delhi,H03,2025-03-05 10:21:09
P000595,Karan Deshmukh,MALE,1943-03-05,+91 71828 87674,karan.deshmukh974@example.net,752636104688,Bengaluru,H06,2025-05-16 13:53:55
P000596,Arjun Singh,M,16/05/1971,+91-7189870473,arjun.singh67@example.com,321906054545,Pune,H01,2025-10-17 18:28:03
P000597,Nisha Joshi,Female,1965-08-03,866 399 0073,nisha.joshi96@example.org,613972016481,Chandigarh,H06,2025-05-14 11:11:44
P000598,Vikram Shah,M,1967-11-10,+91-6845364694,vikram.shah917@example.net,353035197596,Chandigarh,H06,2025-01-25 08:26:45
P000599,Rahul Shah,M,28/11/1988,+91 71553 33895,rahul.shah468@example.net,455442453959,Chandigarh,H04,2025-04-16 21:58:37
P000600,Gaurav Singh,M,1974-02-19,7135677690,gaurav.singh522@example.net,410091391050,DELHI,H03,2025-10-10 14:05:39
P000601,Isha Pillai,F,1971-05-18,9685437392,isha.pillai906@example.org,799179462294,Bengaluru,H06,2025-01-19 12:32:28
P000602,Kavita Pandey,FEMALE,31/10/1975,99084-88941,kavita.pandey112@example.net,812214311307,delhi,H03,2025-01-11 13:01:54
P000603,Arjun Pillai,M,2025-04-30,+91-8873210628,arjun.pillai220@example.net,768934784689,Chennai,H05,2025-07-15 09:30:16
P000604,Shruti Yadav,FEMALE,15/06/1976,7801790478,shruti.yadav612@example.org,722972614906,Chandigarh,H04,2025-10-30 12:26:44
P000605,Anil Verma,M,1987-05-24,+91-7935603686,anil.verma356@example.com,523995682651,Bangalore,H06,2025-05-22 15:21:19
P000606,Prakash Malhotra,MALE,1954-02-12,+91-6048174097,prakash.malhotra302@example.com,320218703483,Mumbai,H02,2025-04-17 11:50:56
P000607,Kavita Desai,F,1970-12-27,711 530 7331,kavita.desai849@mail.example.com,856488108706,Delhi,H05,2025-10-13 18:38:37
P000608,Siddharth Verma,M,2004-03-19,+91-8828267229,siddharth.verma651@example.net,263362294482,New Delhi,H03,2025-10-18 09:19:51
P000609,Pooja Desai,F,27/05/1976,931 404 0476,pooja.desai775@example.com,402060947613,Bengaluru,H06,2025-08-03 14:41:39
P000610,Ananya Kulkarni,F,1977-10-16,83239-84560,ananya.kulkarni189@example.net,408816693346,PUNE ,H01,2025-05-14 16:01:18
P000611,Siddharth Agarwal,MALE,1984-07-08,6848671318,siddharth.agarwal753@mail.example.com,911015755965,Delhi,H03,2025-08-12 16:08:25
P000612,Ananya Chopra,FEMALE,1935-12-30,+91 83505 23419,ananya.chopra638@example.org,496492809098,Delhi,H03,2025-12-03 20:11:00
P000613,Varun Iyer,M,1989-09-08,+91 99667 92210,varun.iyer873@example.net,595924768868,CHANDIGARH,H04,2025-07-29 08:40:23
P000614,Rohan Mishra,M,18-Jan-2005,6834173608,rohan.mishra330@example.org,717515297455,Bengaluru,H06,2025-03-21 10:08:41
P000615,Karan Sharma,,25/08/2020,07518094931,karan.sharma913@example.net,777048313987,Mumbai,H02,2025-05-27 18:28:53
P000616,Deepak Pandey,M,27/04/1998,712 760 3644,deepak.pandey732@example.net,328189067138,MUMBAI ,H04,2025-07-09 08:37:36
P000617,Deepak Mishra,M,1974-05-29,+91-7992338439,deepak.mishra49@mail.example.com,554169351237,Bengaluru,H06,2025-12-18 18:23:25
P000618,  Aditya Mehta ,M,1947-04-02,+91 68855 30411,aditya.mehta196@example.net,600958076775,Delhi,H03,2025-04-21 12:40:06
P000619,Ananya Jain,F,1999-10-04,+91-7453224493,ananya.jain794@example.net,282197821755,Bombay,H02,2025-01-14 16:55:58
P000620,Aditya Agarwal,m,1937-10-27,933 116 0255,aditya.agarwal285@example.net,822743319361,Bengaluru,H06,2025-03-04 07:39:37
P000621,Anil Gupta,m,1956-02-08,677 723 918,anil.gupta219@example.net,371473324557,Delhi,H03,2025-06-13 09:39:30
P000622,Radhika Deshmukh,F,23/01/2013,84430-69787,radhika.deshmukh272@example.net,872796806192,Delhi,H03,2025-12-31 20:02:31
P000623,Mohit Iyer,m,1974-06-02,+91-9475751421,mohit.iyer9@example.com,250330332135,Delhi,H03,2025-11-09 11:16:28
P000624,Mansi Deshmukh,F,1971-11-18,+91 87993 41628,mansi.deshmukh639@mail.example.com,905340321888,Mumbai,H02,2025-11-03 07:51:17
P000625,Divya Reddy,O,11/03/1943,676 035 5618,divya.reddy222@example.com,978133911907,Delhi,H03,2025-06-09 09:42:37
P000626,Amit Chopra,M,07-Aug-1987,75144-03303,amit.chopra311@example.org,677260247924,Mumbai,H02,2025-07-19 20:47:53
P000627,Tanvi Sharma,O,2011-10-03,08553437485,tanvi.sharma446@example.com,363755279749,Pune,H01,2025-03-13 20:02:39
P000628,Rohan Yadav,MALE,1972-01-23,08124302025,rohan.yadav290@example.org,303965723558,Bengaluru,H06,2025-08-30 21:46:45
P000629,Komal Malhotra,F,17/10/1987,+91 62167 8273,komal.malhotra837@example.org,415162741288,Delhi,H03,2025-09-24 07:03:38
P000630,Mohit Desai,M,10/07/1955,769 414 1155,mohit.desai645@example.com,488338187198,Chandigarh,H01,2025-12-08 21:51:04
P000631,Anil Thakur,M,2025-05-23,+91-6013025729,anil.thakur679@mail.example.com,236470268418,Bengaluru,H06,2025-08-10 09:25:46
P000632,Komal Yadav,Female,2009-08-10,+91-6133895578,,449632486011,Chennai,H05,2025-12-10 20:52:17
P000633,Meera Desai,F,2013-02-09,09597558453,meera.desai297@mail.example.com,511489997272,Mumbai,H02,2025-04-09 10:39:44
P000634,Amit Menon,M,1957-11-12,08834681160,amit.menon466@example.org,907142018874,DELHI,H03,2025-01-31 13:29:22
P000635,Komal Menon,F,2011-07-31,+91 89272 83985,komal.menon860@example.net,478261267286,DELHI,H03,2025-11-03 07:01:55
P000636,Swati Kapoor,F,23/03/1955,+91 81825 89107,swati.kapoor919@example.org,991853961718,DELHI,H03,2025-11-19 12:38:52
P000637,Rohan Thakur,MALE,11-Apr-1987,+91-8235825456,rohan.thakur54@example.net,562099362624,pune,H01,2025-02-17 19:58:17
P000638,Rahul Pandey,M,1942-11-02,07772590757,rahul.pandey663@example.com,681311079322,Chennai,H05,2025-01-12 15:16:49
P000639,Kavita Pillai,F,1964-05-20,7658806143,kavita.pillai824@example.com,499938423976,Pune,H01,2025-03-30 20:23:12
P000640,Deepak Joshi,Male,19-Jan-1942,72176-12201,deepak.joshi673@example.org,647240772979,Chandigarh,H04,2025-10-17 20:10:12
P000641,Ananya Shah,F,1972-10-10,7448591908,ananya.shah967@mail.example.com,201891338378,Delhi,H05,2025-07-10 14:47:58
P000642,Ritu Shah,F,1962-08-05,875 764 846,ritu shah875@example.net,433262040195,Bengaluru,H06,2025-09-27 11:10:15
P000643,Swati Kapoor,F,18/04/1999,+91 97134 50094,swati.kapoor224@example.net,490529095339,Bengaluru,H06,2025-08-08 20:36:26
P000644,Anjali Nair,F,1951-03-23,+91 97253 73826,anjali.nair508.mail.example.com,819489136234,CHANDIGARH,H04,2025-11-21 17:46:39
P000645,Sunita Joshi,Female,27/08/1966,9055468607,sunita.joshi557@example.com,414463930473,Bengaluru,H06,2025-04-13 21:30:19
P000646,Ananya Kapoor,F,1993-04-25,+91 82532 85079,ananya.kapoor929@example.org,827751747446,New Delhi,H03,2025-01-29 17:29:10
P000647,Pallavi Menon,O,29-Jul-1991,9602086428,pallavi.menon735@example.org,456581205502,Delhi,H03,2025-08-12 14:10:00
P000648,Suresh Patil,male,29-Aug-2023,958 068 2875,suresh.patil295@example.org,630824038486,Mumbai,H02,2025-12-20 15:39:48
P000649,Pooja Jain,F,1970-05-07,8868093420,pooja.jain723@mail.example.com,793837615421,Delhi,H03,2025-09-16 18:45:31
P000650,Jyoti Shah,F,1995-12-30,68933-66144,jyoti.shah993@example.net,883121245653,Chandigarh ,H04,2025-03-07 12:41:17
P000651,Shruti Gowda,F,1961-02-28,+91 97327 06893,shruti.gowda169@mail.example.com,873425915197,Madras,H05,2025-09-18 19:51:39
P000652,Sunita Gupta,F,1997-03-09,78184-43938,sunita.gupta308@example.com,233907068964, Pune,H01,2025-01-13 11:24:16
P000653,Mohit Iyer,Male,1984-07-12,+91 85679 42655,mohit.iyer805@mail.example.com,750111947783,Delhi,H03,2025-12-22 10:34:42
P000654,Karan Naik,M,28-Oct-1941,09315098792,karan.naik189@example.net,903361266253,Pune,H01,2025-10-24 09:16:00
P000655,Pallavi Chopra,F,1939-03-10,87349-45960,pallavi.chopra150@example.org,885894729490,Delhi,H03,2025-01-22 18:17:48
P000656,Pallavi Kulkarni,F,2020-10-28,9156286667,pallavi.kulkarni979@mail.example.com,501453619870,Delhi,H03,2025-12-09 20:18:25
P000657,  Shweta Sharma ,F,2011-01-18,742 113 5770,shweta.sharma505@example.org,727183407718,Pune,H01,2025-05-16 17:46:21
P000658,Kunal Pillai,male,1963-07-31,903 778 4102,kunal.pillai398@example.org,902578140413,Bengaluru,H06,2025-04-25 09:30:05
P000659,Nisha Rao,F,1996-08-27,09087782490,nisha.rao976@example.com,823283823906,Chandigarh,H04,2025-06-06 11:58:18
P000660,Prakash Sharma,M,1969-02-05,8364868735,prakash.sharma963@example.net,862039100645,Mumbai,H02,2025-12-26 15:41:14
P000661,Shweta Mehta,f,1991-01-17,+91-8414094059,shweta.mehta359@example.com,685645818491,Mumbai,H05,2025-10-03 16:35:56
P000662,Rohan Agarwal,M,29-Oct-1954,+91-9702617082,rohan.agarwal892@example.org,614820861163,Mumbai,H02,2025-02-07 19:01:24
P000663,Sanjay Mishra,m,1960-02-12,08300434839,sanjay.mishra20@example.com,816588301921,Chandigarh,H04,2025-07-22 07:32:24
P000664,Siddharth Chopra,MALE,1950-10-09,665 227 5902,siddharth.chopra661@example.org,400054239597,Pune,H02,2025-10-30 15:21:25
P000665,Harsh Pandey,M,2006-10-05,08040991973,harsh.pandey380@mail.example.com,585010094839,Bengaluru,H06,2025-02-20 13:27:32
P000666,Anil Malhotra,M,1950-06-27,8973875571,anil.malhotra129@mail.example.com,676480038269,Chennai,H05,2025-02-02 12:07:56
P000667,Aarti Pandey,FEMALE,1960-04-28,71742-79549,aarti.pandey298@,667609861182,MUMBAI ,H02,2025-03-02 17:59:02
P000668,Neha Patil,F,1944-05-31,+91-9864516625,neha.patil651@example.net,421298780182,bengaluru,H03,2025-09-06 11:04:39
P000669,  Aditya Bose ,M,15/05/1981,77392-34905,aditya.bose851@example.com,303354385865,Delhi,H03,2025-02-17 19:21:11
P000670,Ananya Kulkarni,f,10-Nov-1949,750 067 6133,ananya.kulkarni432@example.net,426996593204,Chandigarh,H04,2025-11-30 16:54:09
P000671,Divya Malhotra,F,1977-09-25,701 646 7377,divya.malhotra463@example.org,427722428809,Chandigarh,H04,2025-11-11 10:25:50
P000672,Bhavna Malhotra,Female,16-May-2018,+91-7901345138,bhavna.malhotra157@example.com,665515857421,BANGALORE ,H06,2025-09-23 07:02:02
P000673,Gaurav Yadav,M,18/10/1953,+91-9654689154,gaurav.yadav408@example.org,895224586670,New Delhi,H03,2025-05-27 19:39:04
P000674,Priya Mehta,F,05/11/1996,+91-9645536428,priya.mehta857@example.com,481089447335,Chandigarh,H04,2025-12-11 09:48:12
P000675,Pooja Patil,F,1996-08-16,08732934342,pooja.patil545@example.net,305876718408,Chandigarh,H01,2025-11-26 12:14:32
P000676,Tushar Nair,M,1965-06-26,68606-27249,tushar.nair687@example.com,423078595371,Pune,H02,2025-12-25 18:30:53
P000677,Priya Malhotra,F,2019-12-10,+91 65554 6451,priya.malhotra798@mail.example.com,857934987329,Bengaluru,H06,2025-09-24 13:09:59
P000678,Rahul Reddy,M,1948-03-28,893 899 0296,rahul.reddy969@example.net,206205312377,Bengaluru,H06,2025-01-17 17:33:02
P000679,Mohit Naik,Male,1972-11-03,06792899962,mohit.naik741@example.org,581741808802,PUNE ,H02,2025-12-12 14:26:31
P000680,Rohan Shah,M,1943-03-02,966 256 9856,rohan.shah672@example.com,408663249334,Delhi,H05,2025-03-26 10:23:28
P000681,Komal Kulkarni,female,26/08/1968,+91-6799973916,komal.kulkarni229@example.net,646386944263,Delhi,H03,2025-08-29 19:37:03
P000682,Amit Deshmukh,Male,2005-11-04,908 094 2477,amit.deshmukh934@example.net,367988793937,bengaluru,H06,2025-12-03 17:23:24
P000683,Isha Desai,female,2021-03-08,8213915213,isha.desai634@example.org,728262282541,Chennai,H05,2025-01-21 19:20:41
P000684,Harsh Chopra,M,1969-01-22,06189385675,harsh.chopra7@example.org,445518058613,Delhi,H03,2025-02-07 08:29:12
P000685,Vikram Yadav,M,1944-11-28,63313-68268,vikram.yadav88@example.com,218135120891,Chandigarh,H04,2025-04-19 19:14:56
P000686,Mansi Gowda,F,28-Jun-1961,+91-9021964239,mansi.gowda519@mail.example.com,747446093680,DELHI,H03,2025-02-17 21:15:48
P000687,Rajesh Verma,M,12-Aug-1965,8530832646,rajesh.verma785@mail.example.com,717581947755,chandigarh,H04,2025-02-08 14:15:18
P000688,Suresh Jain,MALE,05-Jul-1959,67075-99632,suresh.jain542@example.com,351507087820,Delhi,H03,2025-04-19 19:01:28
P000689,Shweta Naik,F,1988-12-28,+91 64652 89422,shweta.naik705@example.net,232194109559,Pune,H01,2025-08-09 19:07:32
P000690,Shruti Kulkarni,F,27/03/2018,9566829481,shruti.kulkarni193@mail.example.com,308783868200,Bengaluru,H06,2025-06-09 14:43:42
P000691,Karan Chopra,male,15-Oct-1945,+91-886431887,karan.chopra246@example.org,621097541878,PUNE ,H01,2025-12-22 13:36:20
P000692,Rahul Gupta,M,1962-11-20,09804404189,rahul.gupta902@example.net,291311952044,Delhi,H03,2025-06-26 11:56:29
P000693,Rekha Rao,FEMALE,1935-10-20,+91-9393899764,rekha.rao351@example.net,781263030019,PUNE ,H01,2025-12-21 18:31:18
P000694,Tanvi Reddy,F,14/05/1968,865 326 0957,tanvi.reddy43@example.net,887705701332,Mumbai,H02,2025-04-14 16:44:47
P000695,Arjun Naik,MALE,07/12/2020,+91 66425 91139,arjun.naik668@mail.example.com,745552108370,Delhi,H03,2025-10-11 19:17:28
P000696,Harsh Bhatt,M,1956-01-23,07280946814,harsh.bhatt48@example.org,443073117338,Chennai,H05,2025-10-19 09:16:56
P000697,Divya Chopra,F,13-Jan-1959,7716711114,divya.chopra532@,509826903212,Bengaluru,H06,2025-12-30 10:31:25
P000698,Shruti Verma,female,22/04/1988,920 404 9281,shruti.verma985@example.net,724487116272,Mumbai,H02,2025-07-29 10:17:12
P000699,Harsh Kapoor,M,14/02/2019,89146-30143,harsh.kapoor483@example.net,805613779132,Pune,H01,2025-12-11 09:37:42
P000700,Ananya Thakur,F,1990-02-10,07083737523,ananya.thakur424@mail.example.com,380214270615,Mumbai,H02,2025-12-11 16:44:20
P000701,Pranav Shah,MALE,1949-11-06,65412-14339,pranav.shah310@example.net,898241998592,delhi,H03,2025-06-17 20:59:45
P000702,Swati Shah,F,2015-01-27,+91-8412777398,swati.shah239@mail.example.com,447649545698,Delhi,H03,2025-06-20 18:27:06
P000703,Harsh Pillai,Male,30-Mar-2008,6658680806,harsh.pillai768@mail.example.com,736905974683,Delhi,H03,2025-09-03 14:11:25
P000704,Arjun Mishra,m,28/08/1974,793 575 9219,arjun.mishra498@example.net,385128016304,Chandigarh,H02,2025-03-21 14:05:17
P000705,Nisha Bose,F,2024-06-23,96237-19224,nisha.bose328@example.com,801527090136,Mumbai,H02,2025-09-07 13:24:00
P000706,  Nisha Desai ,female,1949-01-19,+91-8789940551,nisha.desai777@example.org,327414822275,Mumbai,H02,2025-09-07 18:06:55
P000707,Ritu Joshi,F,1947-02-17,06366331796,ritu.joshi666@mail.example.com,596033329397,Bombay,H02,2025-12-16 11:18:24
P000708,  Shruti Malhotra ,F,1989-02-06,7824677512,shruti.malhotra484@mail.example.com,500869537504,delhi,H03,2025-08-26 10:47:00
P000709,Tushar Yadav,M,2000-10-30,9117830869,tushar.yadav511@example.net,708068040597,Delhi,H03,2025-07-09 08:59:17
P000710,Mansi Naik,Female,20-Feb-2018,0685062036,mansi.naik911@example.org,483616614887,Delhi,H03,2025-02-21 14:54:24
P000711,Kavita Bhatt,Female,07-Jan-1986,78147-12313,kavita.bhatt222@example.net,471440791440,Pune,H01,2025-01-08 18:27:06
P000712,Radhika Yadav,F,1966-12-01,695 642 4252,radhika.yadav982@example.org,663997412455,Bengaluru,H06,2025-01-03 09:52:08
P000713,Mansi Kulkarni,FEMALE,1993-10-06,6472519907,mansi.kulkarni61@mail.example.com,310150135959,Bengaluru,H06,2025-06-04 21:36:52
P000714,Pranav Bose,MALE,30/10/2009,+91 73826 85249,pranav.bose904@example.org,814827402288,Pune,H01,2025-02-24 08:05:41
P000715,Sanjay Mishra,M,22/04/1948,91318-55890,sanjay.mishra376@example.org,994731681307,Pune,H01,2025-04-14 07:42:40
P000716,Mansi Verma,F,1979-05-28,+91 88202 16062,mansi.verma646@mail.example.com,613736772737,Delhi,H03,2025-02-27 21:46:32
P000717,Priya Sharma,F,1995-02-23,980 837 2034,priya.sharma786@example.org,595770065657,Chennai,H05,2025-02-19 21:17:57
P000718,Shruti Pillai,F,1992-03-11,626 727 2524,shruti.pillai174@mail.example.com,926731107360,CHANDIGARH,H03,2025-04-11 13:16:22
P000719,Vikram Pillai,M,21-Apr-1998,677 044 4007,vikram.pillai817@mail.example.com,311492751625,Bengaluru,H06,2025-01-13 14:01:10
P000720,Varun Pandey,MALE,1977-07-19,+91 67496 89517,varun.pandey792@example.net,671686311767,Bombay,H02,2025-04-25 10:05:14
P000721,Priya Reddy,F,14-Jun-1956,06617775502,priya.reddy113@example.com,449444286365,Bengaluru,H06,2025-06-04 16:32:21
P000722,Sanjay Naik,M,1985-08-13,+91-8553335370,sanjay.naik306@mail.example.com,372390229329,chennai,H05,2025-11-12 20:56:27
P000723,Vikram Rao,Male,14/07/2013,6838692935,vikram.rao54@mail.example.com,851373446930,MUMBAI ,H02,2025-07-16 14:24:07
P000724,Aditya Kulkarni,M,2005-10-27,8507165311,,878423951884,Madras,H05,2025-10-20 19:20:15
P000725,Rekha Chopra,FEMALE,2014-04-10,+91-6534142698,rekha.chopra209@example.org,912193273745,Delhi,H03,2025-01-10 15:56:19
P000726,Radhika Pillai,F,31-Aug-2006,905241194,radhika.pillai312@mail.example.com,555469220326,Chennai,H05,2025-06-22 08:50:30
P000727,Gaurav Deshmukh,M,2001-10-21,+91-6965101351,,886379529948,Delhi,H03,2025-11-29 16:24:33
P000728,Amit Shah,MALE,29/06/1954,+91-6816879390,amit.shah826@example.net,271369633162,Delhi,H03,2025-07-23 21:25:39
P000729,Deepak Iyer,M,1949-10-10,75977-08705,deepak.iyer421@mail.example.com,736777177721,DELHI,H03,2025-07-06 12:48:43
P000730,Harsh Jain,M,16/07/1939,09467283909,harsh.jain963@example.net,902750000056,Pune,H01,2025-12-31 07:06:40
P000731,Vikram Singh,Male,1992-01-22,08642084511,vikram.singh587@example.org,886778692484,CHANDIGARH,H03,2025-03-19 20:33:16
P000732,Tushar Agarwal,MALE,12/12/1937,+91-7223718483,tushar.agarwal268@example.net,934866894365,Pune,H01,2025-08-13 18:28:48
P000733,Sandeep Kulkarni,male,2006-12-08,+91-8633626309,sandeep.kulkarni801@example.net,713382390865,Bengaluru,H06,2025-05-15 18:40:32
P000734,  Tushar Joshi ,M,15/11/1936,+91-7148322110,tushar.joshi714@example.net,461823115074,chennai,H05,2025-08-09 10:21:58
P000735,Aarti Pandey,F,2003-03-19,+91 60732 85412,aarti.pandey73@,710545959380,Mumbai,H02,2025-10-23 16:41:13
P000736,Arjun Kapoor,M,05/07/1948,+91-9193455007,,709826152934,Delhi,H03,2025-07-27 07:41:18
P000737,  Mohit Shah ,M,14/06/1958,85819-12255,mohit.shah535@example.com,483657108672,Bengaluru,H06,2025-01-23 07:52:29
P000738,Mohit Pandey,MALE,21/05/1997,8083264286,mohit.pandey220@example.com,767257581422, Pune,H01,2025-04-20 10:06:08
P000739,Pallavi Shah,female,1979-01-15,+91-9470140472,pallavi.shah342@example.org,481243229878,Bengaluru,H02,2025-04-15 17:28:54
P000740,Vikram Gowda,M,1967-12-04,975 791 7779,vikram.gowda453@mail.example.com,444165925278,Mumbai,H02,2025-06-09 17:03:41
P000741,Bhavna Desai,FEMALE,1986-07-06,7107192116,bhavna.desai367@example.com,621852890875,Pune,H01,2025-02-08 16:17:54
P000742,Rajesh Agarwal,M,31-Jul-1949,851 343 1687,rajesh.agarwal724@example.org,350770187929,Delhi,H03,2025-09-19 20:26:00
P000743,Pallavi Mehta,female,1946-06-06,07228072320,pallavi.mehta743@example.org,698816965015,Madras,H05,2025-09-29 11:52:24
P000744,Mansi Mehta,female,27/10/1968,993 133 8476,mansi.mehta859@example.net,695365503496,Pune,H01,2025-05-12 11:44:39
P000745,Karan Singh,M,2018-11-27,+91 96307 51848,karan.singh557@example.com,658232229426,Mumbai,H02,2025-01-01 18:17:11
P000746,Tushar Pandey,M,1997-03-23,06528458693,tushar.pandey205@mail.example.com,621796047407,Delhi,H06,2025-05-23 20:45:03
P000747,Nisha Malhotra,F,1968-06-28,819 060 0112,nisha.malhotra574.mail.example.com,821211666144,Delhi,H03,2025-07-10 16:42:38
P000748,  Nikhil Pandey ,Male,29/08/2007,95954-09704,nikhil.pandey39@example.com,940776830964,Chandigarh,H04,2025-03-27 19:07:31
P000749,Pooja Thakur,F,11/11/1998,96401-05707,pooja.thakur478@example.org,314892107378,Delhi,H03,2025-09-11 09:25:30
P000750,  Kunal Chopra ,M,1993-07-28,0871298495,kunal.chopra798@example.com,926046249961,Delhi,H03,2025-01-20 21:20:28
P000751,Rohan Rao,MALE,17/10/1954,6322329679,,999823076361,Mumbai,H02,2025-09-19 10:08:43
P000752,Isha Kulkarni,F,09-Nov-1998,+91 88218 31892,isha.kulkarni838@example.com,851038343444,Pune,H01,2025-04-02 07:46:42
P000753,Mansi Kulkarni,f,16-Jun-1959,864 064 8064,mansi.kulkarni769@example.com,907570218628,Delhi,H03,2025-07-21 17:54:41
P000754,Manish Mishra,male,23-Aug-1967,+91-9733618440,manish.mishra955@example.com,766591012302,Bengaluru,H06,2025-03-26 19:24:40
P000755,Vikram Desai,m,12-Jan-1974,79742-23081,vikram.desai522@example.org,622321636993,chennai,H05,2025-12-24 13:06:37
P000756,Swati Malhotra,FEMALE,1973-07-07,08493798329,swati.malhotra660@mail.example.com,334775565890,Delhi,H03,2025-11-01 09:30:12
P000757,Harsh Thakur,M,1969-08-31,08920010614,harsh.thakur231@example.net,465782848015,Pune,H01,2025-08-07 20:19:41
P000758,Vikram Mehta,m,03-Jun-1970,7682697373,vikram.mehta782@mail.example.com,230816656064,BANGALORE ,H06,2025-09-05 10:05:02
P000759,Divya Rao,Female,13-Aug-2008,785 663 3621,divya.rao58@example.org,387026361939,Chennai,H05,2025-05-30 20:26:43
P000760,Manish Pandey,male,04-Jan-1939,8368918380,manish.pandey833@example.org,770929108352,bengaluru,H06,2025-07-28 07:05:02
P000761,Karan Yadav,M,1980-07-22,+91 97247 76389,karan.yadav155@mail.example.com,841044073975,Delhi,H03,2025-03-26 07:29:34
P000762,Sandeep Bose,m,06-Dec-2008,82629-97935,sandeep.bose208@example.org,385893108126, Pune,H01,2025-02-17 07:48:55
P000763,Rahul Thakur,other,1995-12-16,+91-7584946881,rahul.thakur56.mail.example.com,210404953632,mumbai,H02,2025-05-13 13:44:11
P000764,Anjali Iyer,Female,1970-08-30,+91 69618 53845,anjali.iyer545@mail.example.com,344496507047,Delhi,H03,2025-06-27 17:42:38
P000765,Bhavna Sharma,F,2017-04-03,06613377758,bhavna.sharma159@example.com,383664689671,Chandigarh,H02,2025-08-29 21:10:10
P000766,Deepak Gowda,M,2015-04-25,8873353047,deepak.gowda625@example.net,809050346326,Pune,H01,2025-12-13 07:53:24
P000767,Kavita Bose,F,1967-05-16,+91 82774 80675,kavita.bose886@mail.example.com,901128694412,delhi,H03,2025-07-21 11:41:56
P000768,Anil Malhotra,male,1973-06-05,08892381211,anil.malhotra970@example.net,216095716949,Delhi,H03,2025-04-30 16:22:25
P000769,Rohan Mehta,Male,05-Jan-1994,6427614348,rohan.mehta20@mail.example.com,343868235305,Bengaluru,H06,2025-09-18 17:24:37
P000770,Bhavna Mehta,F,04/04/2004,66131-72593,bhavna.mehta837@example.org,852153384322,Delhi,H05,2025-12-19 08:31:55
P000771,Pallavi Jain,F,15-Jan-2019,7866713240,pallavi.jain9@example.org,455083307801,bengaluru,H06,2025-03-20 16:25:52
P000772,Karan Jain,m,1946-01-02,07799656228,karan.jain371@mail.example.com,892853425533,DELHI,H05,2025-10-25 11:27:19
P000773,Prakash Singh,M,1937-11-30,71244-00721,prakash.singh529.example.com,229576655059,Pune,H01,2025-08-11 19:35:53
P000774,Pallavi Mehta,FEMALE,1956-06-18,+91 96754 10801,pallavi.mehta153@mail.example.com,780179406453,delhi,H03,2025-10-24 09:00:16
P000775,Mohit Menon,M,23/10/1968,73256-89784,mohit.menon882@mail.example.com,884344060175,delhi,H03,2025-10-18 15:54:25
P000776,Neha Malhotra,F,1989-02-04,70309-16954,neha.malhotra664@example.org,945361816107,Delhi,H03,2025-06-28 17:32:20
P000777,Rahul Malhotra,M,06/05/2024,+91-9912433675,rahul.malhotra496@example.com,884887652452,Chennai,H05,2025-01-31 11:18:26
P000778,Swati Naik,female,2005-12-25,09810215707,swati.naik933@example.net,868870579664,Chandigarh,H04,2025-04-24 17:53:03
P000779,  Ananya Sharma ,F,1994-11-13,09565746210,ananya.sharma590@mail.example.com,407646453203,Mumbai,H02,2025-07-09 07:45:49
P000780,Nikhil Mishra,Male,1976-02-21,70923-49287,nikhil.mishra416@example.com,677716661731,Delhi,H03,2025-09-30 08:04:59
P000781,Kunal Shah,M,25/01/2003,+91 82587 8801,kunal.shah828@example.org,367772762025,Chennai,H05,2025-06-08 15:00:56
P000782,Ananya Sharma,F,1988-02-27,+91 63233 25569,ananya.sharma809@example.net,754675778238,New Delhi,H03,2025-05-10 19:42:07
P000783,Sneha Mishra,female,04/01/1962,9369048222,sneha.mishra383@mail.example.com,567109714393,MUMBAI ,H05,2025-08-13 15:20:56
P000784,Sanjay Singh,M,1940-01-20,+91 99879 4874,sanjay.singh120@mail.example.com,489322373685,CHENNAI,H01,2025-09-22 18:00:49
P000785,Komal Iyer,F,1963-09-11,+91 81455 05241,komal.iyer61@example.com,836793808996,Chandigarh ,H04,2025-12-29 19:56:28
P000786,Pallavi Rao,female,1998-01-10,8240737123,pallavi.rao378@example.org,855542585599,CHENNAI,H05,2025-03-16 14:42:11
P000787,Bhavna Kulkarni,Female,1984-10-01,+91 84527 80327,bhavna.kulkarni83@example.org,985271316621,Delhi,H03,2025-11-12 09:55:42
P000788,Neha Reddy,F,29-Jul-1997,+91 82011 02904,neha.reddy525@example.com,726897988200,Bengaluru,H06,2025-03-04 16:50:47
P000789,Nikhil Malhotra,M,17-Oct-1958,+91-7986207022,nikhil.malhotra283@example.com,711043585140,New Delhi,H03,2025-01-15 21:36:46
P000790,Yash Gowda,m,2022-09-23,07725751091,yash.gowda592@example.com,436412191670,Chennai,H05,2025-05-17 07:33:14
P000791,Suresh Chopra,M,07/06/1954,976 902 8059,suresh.chopra976@mail.example.com,276716052920,Pune,H02,2025-09-29 09:12:44
P000792,Priya Gowda,F,1941-07-27,+91 73121 49117,priya.gowda911@mail.example.com,402592237397,Chennai,H05,2025-09-08 10:18:10
P000793,Gaurav Jain,M,02/05/1949,+91-7074809128,gaurav.jain677@example.org,309989445468,New Delhi,H03,2025-09-24 21:59:36
P000794,Divya Kulkarni,female,27-Nov-2021,64169-44229,divya.kulkarni151@mail.example.com,864482362863,Delhi,H03,2025-10-14 09:29:08
P000795,Tushar Gupta,M,19-Nov-1968,894 173 0549,tushar.gupta867@example.net,997031954430,Chennai,H05,2025-06-08 08:23:58
P000796,Mohit Joshi,MALE,2002-05-10,07604513206,mohit.joshi673@example.com,797730496036,PUNE ,H01,2025-01-21 18:16:42
P000797,Meera Mishra,F,1980-03-26,958 372 6912,meera.mishra298@example.net,209474399833,delhi,H03,2025-03-14 15:19:06
P000798,Prakash Desai,Male,1980-05-14,+91 84823 42673,prakash.desai856@mail.example.com,367696620893,Bengaluru,H03,2025-06-20 09:41:03
P000799,Mohit Naik,M,1989-04-04,+91-7581448295,mohit.naik982@example.net,607264865758,PUNE ,H01,2025-09-23 12:08:23
P000800,Mohit Chopra,male,30/01/1993,+91 62098 95590,mohit.chopra241@example.com,518157265419,Chennai,H03,2025-02-13 07:43:45
P000801,Mansi Kulkarni,f,14-Mar-2013,666 036 2611,mansi.kulkarni888@example.com,946475166895,Chennai,H05,2025-12-08 14:02:27
P000802,Anil Verma,M,16/10/1938,704 614 5972,anil.verma443@example.com,664773342313,Delhi,H03,2025-10-09 11:16:23
P000803,Gaurav Deshmukh,MALE,1958-01-05,786 285 1712,gaurav.deshmukh994@example.net,598498324217,PUNE ,H01,2025-06-11 07:58:33
P000804,  Siddharth Singh ,M,1974-07-06,94959-02370,siddharth.singh213@example.org,867447228131,pune,H01,2025-10-10 08:26:53
P000805,Komal Yadav,Female,1996-09-24,8454121160,komal.yadav510@mail.example.com,334561366670,Chennai,H05,2025-10-18 15:36:19
P000806,Prakash Deshmukh,Male,1987-05-26,+91-9104149213,prakash.deshmukh325@example.org,487579394642,Chandigarh,H04,2025-10-06 19:54:18
P000807,Rajesh Thakur,MALE,02-Dec-1991,+91 80438 88755,rajesh.thakur907@example.net,632353525645,Mumbai,H02,2025-10-02 09:48:45
P000808,Ananya Reddy,F,29-Aug-1975,+91-8780860617,ananya.reddy17@mail.example.com,256651254040,CHENNAI,H01,2025-08-23 10:41:32
P000809,Swati Malhotra,F,04/08/1935,873 455 0560,swati.malhotra429@mail.example.com,813288073432,Mumbai,H02,2025-04-21 20:41:10
P000810,Sanjay Gupta,Male,26/12/1952,+91-9167345065,sanjay.gupta781@example.org,449541346995,Delhi,H03,2025-01-14 17:31:55
P000811,Ananya Patil,female,2023-02-05,08502364143,ananya.patil343@mail.example.com,333673172715,Chennai,H05,2025-08-03 14:30:07
P000812,Anjali Bose,f,18-Apr-1993,7184116203,anjali.bose732@example.org,775708669261,Chandigarh,H04,2025-07-21 21:29:08
P000813,Neha Reddy,Female,1982-07-05,+91 95035 18812,neha.reddy235@example.com,889694344073,Pune,H01,2025-02-12 19:23:28
P000814,Prakash Gupta,male,15/11/1965,+91 77192 02522,prakash.gupta964@example.org,448606234076,Bengaluru,H06,2025-04-15 15:42:46
P000815,Shruti Verma,F,01-Aug-1966,775 589 9002,shruti.verma176@example.org,219256276590,Bengaluru,H06,2025-02-18 21:31:38
P000816,Shruti Mehta,F,1965-11-01,6970124422,shruti.mehta285@example.net,291941882908,Mumbai,H02,2025-12-25 14:03:56
P000817,Rajesh Malhotra,M,1979-01-18,82092-09431,rajesh malhotra646@example.net,934379890755,Pune,H01,2025-08-20 17:38:18
P000818,Shweta Desai,F,1995-08-25,7685284221,shweta.desai929.mail.example.com,718279627384,Chandigarh,H04,2025-10-27 16:15:15
P000819,Sanjay Gowda,M,27/06/1994,07446688170,sanjay.gowda743@mail.example.com,646960111202,CHANDIGARH,H04,2025-04-09 09:22:39
P000820,Suresh Kulkarni,M,1996-07-13,+91-8627142623,suresh.kulkarni602@mail.example.com,281759312335, Pune,H01,2025-09-28 07:46:16
P000821,Aarti Malhotra,FEMALE,1983-04-09,+91 84944 24147,aarti.malhotra578@example.net,418887170902,Delhi,H03,2025-03-14 14:07:06
P000822,Shruti Gupta,F,1959-10-09,08233240714,shruti.gupta707@example.org,964176973855,Chandigarh,H04,2025-08-18 09:30:22
P000823,Tanvi Iyer,F,12-Oct-1982,+91-9791770031,tanvi.iyer495@example.com,875884452315,Chandigarh,H04,2025-01-12 11:02:52
P000824,Isha Mehta,F,1971-10-01,80803-30509,isha.mehta787@example.com,841332949908,Delhi,H03,2025-07-12 15:54:20
P000825,Sneha Chopra,Female,12/08/1978,6406747349,sneha.chopra213@mail.example.com,606657786001,Bengaluru,H06,2025-04-14 09:00:06
P000826,Swati Kulkarni,,1945-10-17,8857641513,swati.kulkarni25@example.org,269669632733,Bengaluru,H06,2025-05-10 07:47:41
P000827,Aarti Malhotra,f,2010-04-19,+91 72915 86538,aarti.malhotra419@example.org,933960176946,Pune,H01,2025-03-30 15:55:37
P000828,Siddharth Patil,M,06-Jan-1962,742 288 3480,siddharth.patil664@example.net,381545671532,Mumbai,H04,2025-07-09 13:49:58
P000829,Deepak Mishra,MALE,18-Jul-2003,+91 70026 45879,deepak.mishra772@mail.example.com,248598588551,Mumbai,H02,2025-04-29 12:06:27
P000830,Anil Iyer,male,1968-09-30,+91 79990 75873,anil.iyer796@example.net,895553082292,Pune,H01,2025-04-17 10:01:49
P000831,Deepak Joshi,M,1962-03-17,+91-7857300485,deepak.joshi243@example.org,801621107333,Pune,H01,2025-03-26 15:40:47
P000832,Manish Bhatt,M,29/09/1949,+91 60756 65151,manish.bhatt569@mail.example.com,666268265002,Delhi,H03,2025-08-19 19:08:50
P000833,Rahul Agarwal,M,1968-11-10,+91 88401 02530,rahul.agarwal8.mail.example.com,309974140591,Pune,H01,2025-02-26 12:34:33
P000834,Pooja Chopra,F,2008-12-04,7827570183,pooja.chopra793@example.com,945012920484,Chandigarh,H04,2025-10-10 08:19:38
P000835,Nikhil Thakur,male,03/10/1977,85998-43390,nikhil.thakur373@example.org,970508785110,Pune,H01,2025-05-22 09:11:11
P000836,Amit Rao,O,2000-09-23,96523-24722,amit.rao386@example.com,387166161096,Mumbai,H02,2025-10-29 18:26:36
P000837,Pranav Naik,M,05/04/1965,90219-44147,pranav.naik873@example.com,742189301828,Chennai,H05,2025-09-02 20:14:55
P000838,Anjali Deshmukh,F,2000-11-23,+91-6090126996,anjali.deshmukh169@example.org,253768434832,Mumbai,H02,2025-02-13 14:52:28
P000839,Radhika Patil,female,30-Mar-1939,871 642 1966,radhika.patil393@mail.example.com,265173510196,PUNE ,H01,2025-06-13 09:10:02
P000840,Manish Mishra,Male,15-Jun-2009,+91 70610 72371,manish.mishra349@mail.example.com,406102852446,Pune,H01,2025-01-03 17:08:23
P000841,Aditya Sharma,MALE,1965-07-12,97393-26453,aditya.sharma833@example.com,409720156569,Bangalore,H06,2025-11-24 20:48:50
P000842,Swati Yadav,F,1939-09-13,6928994036,swati.yadav634@mail.example.com,611336596806,delhi,H03,2025-12-02 13:27:19
P000843,Sandeep Agarwal,O,2013-06-24,+91-6664583039,sandeep.agarwal798@example.org,955933306243,Bombay,H02,2025-05-21 15:53:11
P000844,Pallavi Thakur,F,29/04/1977,+91-873995205,pallavi.thakur7@example.com,202667289965,Pune,H01,2025-06-24 11:26:11
P000845,Ananya Bhatt,FEMALE,1998-06-18,918 287 2329,ananya.bhatt245@mail.example.com,893879888793,New Delhi,H03,2025-08-22 13:17:25
P000846,Sneha Chopra,F,31/08/1993,856 127 9522,sneha.chopra852@example.net,348994318302,Mumbai,H02,2025-12-25 08:48:51
P000847,Mohit Nair,M,28/06/1950,+91-9264840577,mohit.nair259@example.org,414322651045,Bangalore,H06,2025-09-03 18:22:32
P000848,Nikhil Bhatt,O,1989-07-27,948 783 2322,nikhil.bhatt546@example.com,584034316486,delhi,H03,2025-08-20 08:48:11
P000849,Anjali Kulkarni,Female,28/08/1944,6822768739,anjali.kulkarni944@mail.example.com,602010192617,New Delhi,H03,2025-01-12 07:20:29
P000850,Radhika Kapoor,F,23/03/1964,90770-86746,radhika.kapoor653@example.com,790007385618,Bengaluru,H06,2025-12-29 16:32:59
P000851,Varun Reddy,m,04/05/2009,884 421 2038,varun.reddy691@example.com,292745855463,Madras,H05,2025-12-09 10:16:55
P000852,Arjun Mehta,M,1998-03-27,+91 99669 92744,arjun.mehta672@example.org,220048510022,mumbai,H02,2025-08-15 18:02:34
P000853,Manish Sharma,M,1981-05-20,97164-2268,manish.sharma501@,313363223148,Delhi,H03,2025-11-15 17:41:13
P000854,Shruti Pillai,female,1989-02-07,642 903 7118,shruti.pillai225@example.com,767591966485,Chandigarh,H04,2025-09-26 10:21:10
P000855,Anjali Thakur,FEMALE,2006-05-10,7862655367,anjali.thakur101@example.net,512645966204,Chandigarh,H04,2025-09-09 08:48:55
P000856,Sunita Joshi,F,03/02/1958,613 516 2827,sunita.joshi710@example.org,899962483398,Chennai,H05,2025-01-27 18:14:47
P000857,Rekha Naik,Female,02/04/1943,+91-7106932396,rekha.naik63@example.net,702044593988,delhi,H03,2025-08-02 21:24:55
P000858,Priya Mishra,Female,07/09/2017,+91 93445 53859,priya.mishra857@example.net,573020119035,MUMBAI ,H02,2025-01-02 08:41:08
P000859,Neha Menon,F,1950-07-10,786 223 6507,neha.menon164@example.com,260465112864,Bengaluru,H06,2025-08-31 12:55:17
P000860,Pooja Deshmukh,Female,1976-05-23,+91-9236928535,pooja.deshmukh289@example.org,516455170959,Mumbai,H02,2025-01-18 19:32:46
P000861,Pranav Deshmukh,m,08-Sep-1946,09729508885,pranav.deshmukh45@mail.example.com,845211343862,CHENNAI,H05,2025-01-27 16:16:18
P000862,Isha Sharma,O,2007-10-08,+91-7235605027,isha.sharma379@example.com,993552456302,Chennai,H05,2025-03-14 07:42:52
P000863,Amit Pillai,M,1969-10-10,805 927 2782,amit.pillai614@example.org,246114241654,Mumbai,H02,2025-09-18 11:19:12
P000864,Aarti Pillai,F,1993-12-18,8706811987,,265798444418,Delhi,H03,2025-06-05 21:24:01
P000865,Rahul Gupta,M,08/05/1987,95434-2559,rahul.gupta761.example.com,944712494930,Delhi,H03,2025-11-19 09:37:22
P000866,Jyoti Kulkarni,F,28/08/1991,691 312 2491,jyoti.kulkarni999@example.org,721923284806,Chennai,H05,2025-12-13 20:17:06
P000867,Mohit Deshmukh,M,1960-10-20,08667096899,mohit.deshmukh680@example.com,415279661624,Chandigarh,H04,2025-03-26 10:56:58
P000868,Sandeep Rao,M,05-Oct-1969,+91 94209 44941,sandeep.rao252@example.org,626776236098,Delhi,H03,2025-02-25 13:29:13
P000869,Deepak Pillai,M,2008-07-12,+91 67872 3718,deepak.pillai128@example.net,994356373712,New Delhi,H03,2025-06-28 18:19:09
P000870,Rekha Kapoor,Female,25/03/1984,6024295647,rekha.kapoor17@example.com,348137698535,Chandigarh,H04,2025-04-16 18:01:13
P000871,Bhavna Thakur,F,2013-02-22,+91-7625257005,bhavna.thakur96@,936666590503,Mumbai,H02,2025-12-11 15:28:10
P000872,Kavita Thakur,F,1963-03-02,604 894 7669,kavita.thakur301@example.net,819341867974,Chandigarh,H04,2025-01-03 12:38:30
P000873,Kavita Jain,,2023-04-05,09276712470,kavita.jain69@example.org,421524953918,Mumbai,H02,2025-07-12 18:27:28
P000874,Rohan Pandey,,25/08/1970,7954486330,rohan.pandey266@example.org,407991990353,BANGALORE ,H06,2025-02-05 14:40:12
P000875,Tanvi Malhotra,FEMALE,24/05/1962,722 270 3190,tanvi.malhotra795@example.org,596579872711,Pune,H01,2025-12-13 11:56:00
P000876,Mohit Sharma,M,25-Jan-1939,856 166 4064,mohit.sharma293@,372868625623,Mumbai,H06,2025-11-17 08:36:42
P000877,Sunita Kulkarni,F,1989-10-03,09078397564,sunita.kulkarni789@example.net,443066921432,Bengaluru,H06,2025-10-16 20:00:56
P000878,Tushar Desai,M,1983-08-13,06461076726,tushar.desai182@mail.example.com,434082074927,Mumbai,H02,2025-11-13 08:49:50
P000879,Suresh Thakur,M,14-Sep-1952,60152-12657,suresh.thakur527@mail.example.com,275731445304,MUMBAI ,H02,2025-06-09 18:27:42
P000880,Harsh Patil,,06-Jan-1975,81506-37045,harsh.patil31@example.net,700271468142,Pune,H01,2025-02-23 13:37:56
P000881,Tanvi Singh,F,07-Jan-1977,72671-85007,tanvi.singh473@example.com,319830819201,Chandigarh,H04,2025-10-14 14:16:00
P000882,Shruti Menon,F,2002-12-17,09903248946,shruti.menon134@example.org,316723915725,CHANDIGARH,H06,2025-05-23 10:13:43
P000883,Pooja Thakur,FEMALE,1978-05-29,+91 91528 75831,pooja.thakur478@example.net,326651341233,New Delhi,H03,2025-12-10 21:06:07
P000884,Neha Verma,F,1998-08-20,9196220044,neha.verma971@example.com,942731108686,Pune,H01,2025-07-20 07:23:11
P000885,Rahul Naik,M,15/12/1983,937 113 347,rahul.naik36@example.net,899012853729,Bengaluru,H06,2025-06-07 07:13:25
P000886,Sunita Rao,F,1962-03-17,855 288 8521,sunita.rao569@mail.example.com,927932005645,pune,H01,2025-01-28 15:57:36
P000887,Sneha Singh,female,1977-05-23,913 717 6471,,470393332613,Pune,H06,2025-04-24 11:10:20
P000888,Pooja Rao,f,1964-06-01,9684150344,pooja.rao111@example.org,788845718002,Mumbai,H02,2025-12-26 15:05:08
P000889,Kunal Chopra,M,1997-04-25,650 610 9984,kunal.chopra65@example.net,534746721909,Delhi,H03,2025-08-16 19:57:44
P000890,Nikhil Bhatt,M,1961-04-28,+91-8508367487,nikhil.bhatt769@example.com,560954260669,Bengaluru,H06,2025-10-06 10:48:04
P000891,Radhika Mehta,F,1977-10-21,09881496726,radhika.mehta679@mail.example.com,608873963083,Mumbai,H02,2025-02-10 15:35:30
P000892,Siddharth Nair,M,06-May-1984,07082405766,siddharth.nair335@example.org,394608374649,Chandigarh ,H04,2025-01-18 10:27:28
P000893,Vikram Chopra,MALE,19/02/1973,81774-67303,vikram.chopra162@example.com,780513511219,New Delhi,H03,2025-10-31 21:08:35
P000894,Tushar Verma,m,1969-04-04,6574339463,tushar verma196@example.org,848885986899,Delhi,H03,2025-11-21 09:04:18
P000895,Kavita Nair,f,1978-01-13,+91-6669471371,kavita.nair336@example.org,558250475409,Delhi,H02,2025-06-02 20:13:09
P000896,Sneha Pillai,F,25-Apr-1982,+91-7185430259,sneha.pillai434@example.org,453252831811,Chennai,H05,2025-02-17 21:59:09
P000897,Harsh Desai,male,15/08/1995,649050558,harsh.desai290@example.org,838172942409,Mumbai,H02,2025-03-17 17:21:49
P000898,Ananya Menon,Female,03-Aug-1985,82749-50301,ananya.menon206@mail.example.com,805530736259,Chennai,H05,2025-11-03 18:02:47
P000899,Pranav Bose,M,1957-03-08,+91-7554533180,pranav.bose5@example.net,232046694426,Pune,H01,2025-04-04 07:47:26
P000900,Siddharth Desai,M,2003-02-03,+91 65260 24107,siddharth.desai973@mail.example.com,693196668803,New Delhi,H03,2025-11-17 19:01:39
P000901,Aarti Mishra,Female,1984-07-06,96479-17203,aarti.mishra96@example.org,460936749000,Pune,H01,2025-06-16 13:33:35
P000902,Manish Yadav,m,2009-10-16,+91 98426 46616,manish.yadav796@example.org,267016635777,Pune,H01,2025-02-13 12:15:00
P000903,Ritu Nair,female,2010-01-16,879 003 1026,ritu.nair470@example.com,601496619799,Bombay,H02,2025-04-30 18:36:33
P000904,Rahul Chopra,M,2009-11-21,73608-67290,rahul.chopra547@mail.example.com,410913810490,Bengaluru,H06,2025-12-17 09:44:13
P000905,Rahul Singh,M,2017-04-04,9515059832,rahul.singh861@mail.example.com,403787092161,Mumbai,H02,2025-05-08 07:15:11
P000906,Nikhil Chopra,male,1981-04-08,+91-6512163904,nikhil.chopra505@example.net,262160777279,Chandigarh ,H04,2025-04-06 15:02:17
P000907,Jyoti Mishra,F,04/02/1959,974 326 0713,jyoti.mishra748@example.com,557956643541,Delhi,H03,2025-02-01 11:43:31
P000908,Sneha Agarwal,F,09-Nov-1959,+91-9648616272,sneha.agarwal833@mail.example.com,905487487015,New Delhi,H03,2025-09-12 12:36:29
P000909,Jyoti Sharma,F,1947-02-28,+91 68963 59177,jyoti.sharma827@example.com,351972293445,Bengaluru,H06,2025-10-16 11:31:12
P000910,Rekha Verma,F,1966-08-05,950 665 8833,rekha.verma706@mail.example.com,874575623589,mumbai,H02,2025-03-07 08:06:24
P000911,Rohan Shah,M,08-Apr-2006,+91-9440571635,rohan.shah194@example.org,523056454472,Pune,H01,2025-06-25 17:03:29
P000912,Pranav Gowda,M,1954-03-16,677000120,pranav.gowda185@mail.example.com,228388866585,Pune,H01,2025-01-29 18:38:00
P000913,Swati Agarwal,F,15-Aug-2004,06195511244,swati.agarwal281@example.com,454985387825,Delhi,H03,2025-05-10 20:48:53
P000914,Anjali Chopra,f,10/11/1984,09939847796,anjali.chopra399@example.net,277776426892,chennai,H05,2025-07-10 14:01:26
P000915,Kavita Singh,F,21/08/1975,92233-53147,kavita.singh970@mail.example.com,873831064610,Mumbai,H02,2025-04-05 20:04:04
P000916,Vikram Joshi,M,28/03/1950,75377-35215,vikram.joshi382@example.net,942139636002,Mumbai,H02,2025-08-17 18:52:23
P000917,Komal Pandey,F,1975-06-17,8971669428,komal.pandey110@example.org,644891460942,Chennai,H05,2025-12-02 09:12:36
P000918,Anil Gupta,M,1982-03-14,63270-68969,anil.gupta915@mail.example.com,354250829585,Pune,H01,2025-11-21 18:46:51
P000919,Ananya Pandey,F,1947-05-02,+91-6050418886,ananya.pandey833@example.com,835678502341,Pune,H01,2025-03-15 14:47:42
P000920,Sanjay Pandey,M,1972-11-01,+91 88084 06562,sanjay.pandey95@example.net,225621314254,Chennai,H05,2025-08-07 10:23:28
P000921,Pallavi Rao,F,1985-03-04,758 439 2012,pallavi.rao533@example.org,429308973051,bengaluru,H06,2025-03-05 08:28:40
P000922,Shruti Desai,FEMALE,19/12/1940,9187963694,shruti.desai267@,370020101255,Bengaluru,H06,2025-06-27 14:56:14
P000923,Divya Agarwal,F,04/04/2007,+91-7816313841,divya.agarwal939@mail.example.com,797585634375,Pune,H03,2025-07-16 16:37:44
P000924,Radhika Desai,female,20/12/1967,+91 89900 2434,radhika.desai466@example.net,603532198310,Delhi,H03,2025-08-08 10:25:24
P000925,Jyoti Mishra,,1949-03-05,66702-69006,jyoti.mishra144@example.net,289591602517,Delhi,H03,2025-10-21 18:37:19
P000926,Karan Kapoor,M,08-Jun-1997,926 455 6192,,749670087848,Mumbai,H02,2025-01-05 08:09:23
P000927,Anjali Mishra,F,06/01/2010,69150-36440,anjali.mishra60@mail.example.com,350953340167,Chennai,H05,2025-02-27 20:12:22
P000928,Sneha Bhatt,F,1987-03-11,92204-21285,sneha.bhatt921@example.net,652598550331,bengaluru,H06,2025-05-21 17:50:27
P000929,Jyoti Gowda,Female,16/02/1966,95181-84147,jyoti.gowda326@example.com,699718022758,Bangalore,H05,2025-07-05 11:37:56
P000930,Meera Chopra,female,1985-03-10,+91 99985 79591,meera.chopra640@mail.example.com,435913410317,Mumbai,H02,2025-02-20 21:08:13
P000931,  Pranav Nair ,M,1984-04-07,953 425 4425,pranav.nair520@example.net,729689115311,CHANDIGARH,H04,2025-04-13 14:02:08
P000932,Rekha Gupta,F,25-Aug-1976,615 181 544,rekha.gupta616@mail.example.com,655208621699,Bengaluru,H06,2025-11-20 13:23:47
P000933,Bhavna Deshmukh,F,2018-12-02,08221672467,bhavna.deshmukh505@example.net,406881285403,New Delhi,H03,2025-09-10 13:27:37
P000934,Aditya Gowda,M,2011-07-15,07034676501,aditya.gowda797@example.com,586909843253,Mumbai,H02,2025-03-02 20:16:02
P000935,Sandeep Iyer,Male,06/11/1953,854 259 6687,sandeep.iyer264@example.net,571816778651,chennai,H05,2025-12-27 15:02:32
P000936,Varun Yadav,M,2012-07-19,06038080821,varun.yadav157@example.org,414296339460,Chandigarh,H01,2025-06-27 13:59:46
P000937,Anjali Rao,F,22/01/1960,75555-21247,anjali.rao399@example.net,446539993826,DELHI,H03,2025-12-24 17:23:21
P000938,Nisha Menon,F,2006-09-26,+91 63007 89467,nisha menon5@example.org,386475730002,Bengaluru,H06,2025-08-25 20:11:57
P000939,Rohan Gowda,M,17-Aug-1975,624 878 4815,rohan.gowda554@mail.example.com,421513537619,Pune,H01,2025-05-16 12:16:46
P000940,Swati Malhotra,Female,15/01/2025,67378-83207,swati.malhotra926@mail.example.com,802936942962,Delhi,H03,2025-12-05 20:57:14
P000941,Radhika Desai,F,1958-07-07,860 114 6345,radhika.desai321.mail.example.com,740964080780,Chandigarh,H04,2025-04-06 19:17:58
P000942,Isha Pandey,F,03-Oct-1973,822 170 6672,isha.pandey823@example.com,549211588716,Chennai,H05,2025-12-15 08:32:53
P000943,Anil Desai,m,1948-07-15,778 691 5963,anil.desai105@example.org,487737235292, Pune,H01,2025-03-31 09:49:59
P000944,Nisha Gowda,F,09-Sep-1959,09860563304,nisha gowda303@example.org,510970628192,Chandigarh,H04,2025-05-18 14:37:25
P000945,Rajesh Sharma,M,1973-03-04,09732703217,rajesh.sharma449@example.com,871197006578,Pune,H01,2025-02-02 15:38:50
P000946,Suresh Kapoor,m,1972-10-24,8084461060,suresh.kapoor842@example.com,262392411354,Delhi,H03,2025-04-02 11:25:15
P000947,Priya Kapoor,F,23/12/1964,671 042 7109,priya.kapoor28@example.net,814544065855,PUNE ,H01,2025-08-12 11:36:39
P000948,Varun Sharma,M,10-Oct-2003,+91 65860 55488,varun.sharma364@example.org,690926724522, Pune,H01,2025-05-09 18:27:36
P000949,Amit Bhatt,m,1951-09-28,+91 75925 88913,amit.bhatt913@example.org,630512829879,Pune,H01,2025-04-18 10:11:18
P000950,Nisha Yadav,,2006-08-30,77075-75134,nisha.yadav881@mail.example.com,467337976348,Madras,H05,2025-07-29 10:56:58
P000951,Meera Iyer,f,1963-12-03,88030-32978,meera.iyer740@example.net,419173173314,Chennai,H05,2025-06-13 21:20:48
P000952,Ritu Mishra,Female,1942-12-15,+91 96801 30866,ritu.mishra567@example.org,349784631396,Chandigarh,H04,2025-02-22 17:30:15
P000953,Deepak Iyer,Male,29/06/1973,06482979709,deepak.iyer491@mail.example.com,454879349836,Mumbai,H02,2025-10-26 10:27:04
P000954,Divya Pillai,F,02-Mar-1946,+91 96237 95528,divya.pillai4@example.net,329738047398,Bengaluru,H06,2025-08-08 19:05:18
P000955,Divya Agarwal,F,29-May-1961,7844534534,divya.agarwal252@example.org,736975879709,Delhi,H03,2025-11-11 11:54:44
P000956,Rekha Reddy,female,11/10/1977,996 245 8742,rekha.reddy666@mail.example.com,242399564515,Mumbai,H02,2025-01-21 12:27:20
P000957,Aarti Sharma,female,1977-03-21,872 102 4320,aarti.sharma522@example.org,512534796525,pune,H01,2025-12-12 15:28:24
P000958,Ananya Joshi,F,15/02/1971,+91-6331661271,ananya.joshi717@example.org,428907514007,Pune,H02,2025-09-28 08:22:36
P000959,Rahul Patil,Male,1982-12-13,6379816521,rahul.patil875@mail.example.com,940547819116,Pune,H01,2025-03-18 14:01:04
P000960,Bhavna Mishra,F,24/08/1953,8272203072,bhavna.mishra429@example.com,924335102682,BANGALORE ,H06,2025-03-16 09:06:43
P000961,Deepak Agarwal,M,1998-06-15,908 017 8704,deepak.agarwal289@example.net,893869361072,Delhi,H03,2025-02-15 07:20:05
P000962,Siddharth Gowda,m,2004-07-23,60755-41170,siddharth.gowda307@example.com,912639769493,Pune,H05,2025-02-20 09:37:57
P000963,Sneha Verma,F,14/06/1987,+91-6393137845,sneha.verma398@example.net,573064963694,Bengaluru,H06,2025-01-13 08:55:41
P000964,Kunal Menon,M,20/07/1967,08819978913,kunal.menon859@example.com,864315346391,Delhi,H03,2025-04-27 15:50:00
P000965,Kunal Gowda,male,1985-05-17,994 505 0759,kunal.gowda897@example.com,322375381516,Chandigarh,H04,2025-02-01 17:17:33
P000966,Priya Patil,Female,28/07/2018,+91 78866 26078,priya.patil360@mail.example.com,446169834790,Chennai,H05,2025-08-17 14:05:08
P000967,Isha Joshi,Female,1978-02-15,6802924196,isha.joshi168@example.net,583460071859,Mumbai,H03,2025-11-30 08:15:10
P000968,Anil Thakur,M,2021-09-16,82421-73714,anil.thakur687@example.com,847677728887,Pune,H01,2025-04-07 14:31:05
P000969,Ritu Mishra,Female,2018-01-12,916 185 2470,ritu.mishra159@example.com,200450519381,Chennai,H05,2025-07-11 12:46:05
P000970,Rahul Gupta,M,2018-05-31,+91-768385370,rahul.gupta606@mail.example.com,490372335749,pune,H01,2025-12-02 09:08:43
P000971,Divya Rao,F,08-Oct-1981,6906654081,divya.rao801@mail.example.com,678619996598,chennai,H05,2025-08-10 15:18:28
P000972,Tanvi Iyer,f,13-Dec-1953,8870060724,tanvi.iyer393@mail.example.com,741178986581,Chandigarh,H04,2025-03-02 16:36:04
P000973,Mansi Kapoor,FEMALE,2013-03-24,6787281074,mansi.kapoor589@mail.example.com,488546156902,Chennai,H05,2025-03-15 21:42:08
P000974,Sandeep Agarwal,m,16/09/2022,+91 89020 94292,sandeep.agarwal270@example.com,912334644580,Pune,H01,2025-12-05 16:13:40
P000975,Isha Desai,F,25/09/1959,+91-8359297814,isha.desai996@example.org,423189883448,Delhi,H03,2025-10-31 12:17:51
P000976,Shweta Joshi,FEMALE,1945-12-13,+91-6465528940,shweta.joshi473@example.com,333240562149,Pune,H01,2025-02-05 16:10:18
P000977,Rohan Naik,M,2010-10-11,908 917 2856,rohan.naik407@example.net,533462906758,bengaluru,H06,2025-09-07 09:19:41
P000978,Swati Mehta,FEMALE,2009-03-06,606 949 3479,swati.mehta22@mail.example.com,261445132103,Mumbai,H05,2025-06-16 10:07:05
P000979,Komal Malhotra,FEMALE,17/09/2003,7483810966,komal.malhotra904@example.org,259226454177,Bengaluru,H06,2025-10-08 14:28:44
P000980,Komal Mishra,F,31/12/1988,81342-94320,komal.mishra218@example.org,633732472850,Chandigarh,H01,2025-04-25 10:45:35
P000981,Aditya Jain,M,1998-11-22,09723559963,aditya.jain494@mail.example.com,393958004440,Chandigarh,H04,2025-12-22 20:25:19
P000982,Karan Gupta,O,2011-09-19,+91-8562698846,karan.gupta871@example.net,214417642886,Pune,H01,2025-05-02 12:44:05
P000983,Mohit Kulkarni,M,1948-12-03,+91 69016 56200,mohit.kulkarni740@example.net,797316425243,Bengaluru,H06,2025-09-11 16:22:20
P000984,Bhavna Shah,FEMALE,1999-10-16,846 271 0041,bhavna.shah903@mail.example.com,327701135950,Chennai,H02,2025-10-08 19:53:55
P000985,Karan Joshi,m,2000-12-21,+91-9640905884,karan.joshi783@example.com,203295304309,Bengaluru,H06,2025-02-12 12:17:14
P000986,Ananya Patil,F,2021-05-13,828 355 9245,ananya.patil128@example.net,245966008804,Chennai,H05,2025-03-07 15:18:21
P000987,Varun Kapoor,MALE,1966-01-11,08162065141,varun.kapoor220@example.net,997410010801,Bengaluru,H06,2025-04-11 10:41:40
P000988,Jyoti Gupta,F,04/06/1987,8041027213,jyoti.gupta690@mail.example.com,608166130905,Bombay,H02,2025-04-30 20:35:47
P000989,Radhika Chopra,F,1980-10-05,06954505111,,549489225840,delhi,H03,2025-06-18 14:49:12
P000990,Amit Gupta,Male,2001-02-17,06728853458,amit.gupta681@example.com,725186361269,Pune,H01,2025-03-25 13:50:08
P000991,Manish Mehta,M,27-Apr-2024,+91-9187781836,manish mehta308@example.net,559873687576,Chennai,H05,2025-06-02 13:37:34
P000992,Siddharth Deshmukh,male,11/03/1962,703 982 7869,siddharth.deshmukh416@mail.example.com,535844056793,Chennai,H05,2025-07-23 21:34:21
P000993,Anil Gowda,M,1990-03-13,7371486277,anil.gowda583@mail.example.com,753557324126,Chandigarh,H04,2025-07-23 14:59:00
P000994,Mansi Agarwal,F,03/10/2016,+91 87057 72931,mansi.agarwal638@example.net,789745617339,Bengaluru,H06,2025-12-01 20:59:50
P000995,Kavita Malhotra,FEMALE,31/12/1947,+91 91912 69952,kavita.malhotra387@example.org,677204580287,Bengaluru,H06,2025-01-23 13:35:03
P000996,Shweta Kulkarni,F,20/03/1937,92358-28518,shweta.kulkarni895@example.org,778633536003,New Delhi,H03,2025-04-04 07:59:45
P000997,Kunal Agarwal,M,10-Jun-2021,+91-7115569043,kunal.agarwal941@mail.example.com,201920873152,Chennai,H05,2025-06-02 14:36:30
P000998,Radhika Pandey,f,1992-02-14,+91-6102723392,radhika.pandey441@example.com,983941308515,Delhi,H03,2025-01-12 14:05:02
P000999,Jyoti Gupta,F,1942-03-11,646 305 4535,jyoti.gupta915@example.org,507172984859,Bengaluru,H02,2025-09-16 15:24:31
P001000,Varun Reddy,Male,1950-04-01,6769790055,varun.reddy3@example.net,269979544045, Pune,H01,2025-05-03 14:19:20
P001001,Swati Singh,F,1975-02-15,915 812 3895,swati.singh94@example.net,214358195427,Mumbai,H02,2025-06-26 17:43:15
P001002,Aarti Deshmukh,f,26-Dec-1999,+91 96067 10582,aarti.deshmukh105@mail.example.com,376350549307,Delhi,H02,2025-08-10 12:22:06
P001003,Isha Menon,F,19/12/1979,79936-56998,isha.menon326@example.net,818600610946,Chennai,H05,2025-02-15 16:20:26
P001004,Sneha Pandey,F,16/11/1970,90265-64116,sneha.pandey65@example.org,407958244519,Chennai,H05,2025-04-24 09:29:04
P001005,Pallavi Menon,F,03-May-1948,+91 83683 79638,,759044545531,Delhi,H03,2025-12-17 07:42:45
P001006,Suresh Jain,M,24/01/1983,84487-25424,suresh.jain116@example.org,680850070419,Chandigarh,H03,2025-03-28 07:11:11
P001007,Meera Agarwal,FEMALE,1936-05-20,+91 86160 75795,meera.agarwal501@example.com,555948043841,Chandigarh,H04,2025-09-22 21:57:08
P001008,Anjali Verma,F,2018-01-04,06401277217,anjali.verma355@example.org,329448352274,Pune,H01,2025-12-12 12:30:49
P001009,Bhavna Shah,female,27/01/1958,6745373480,bhavna.shah330@example.net,835596160957,Mumbai,H02,2025-03-02 07:05:28
P001010,Swati Thakur,F,26/05/2000,86150-6000,swati.thakur471@example.net,638923484644,Chennai,H05,2025-03-25 08:23:48
P001011,Tanvi Deshmukh,Other,16/08/1977,+91 97480 56440,tanvi.deshmukh701@example.com,444309423824,Delhi,H03,2025-06-30 20:00:30
P001012,Jyoti Iyer,f,31-Mar-1943,964 047 7966,jyoti.iyer48@example.org,955475079272,pune,H01,2025-03-15 16:47:03
P001013,Shruti Bhatt,f,17/02/1967,78510-06838,shruti.bhatt665@example.com,759152567207,DELHI,H03,2025-01-03 08:16:11
P001014,Divya Pandey,f,2009-04-05,+91-724246908,divya.pandey242@example.com,891502558905,Madras,H05,2025-05-15 19:55:48
P001015,Karan Reddy,M,1957-05-26,92188-92614,karan.reddy102@example.com,637160452046,Bengaluru,H06,2025-02-28 14:09:45
P001016,Tushar Verma,Male,11-Jun-1968,09544054723,tushar.verma39@example.org,480588075340,Delhi,H03,2025-12-16 11:37:28
P001017,Radhika Sharma,F,08/01/2005,+91 61436 69571,radhika.sharma674@example.net,486777315603,Chandigarh,H04,2025-10-17 15:29:16
P001018,Deepak Mishra,M,1983-11-23,929 842 5745,deepak.mishra733@example.org,284746759486,delhi,H03,2025-06-02 09:43:28
P001019,  Siddharth Bose ,m,1993-01-25,806 064 1867,siddharth.bose405@example.com,378415879598,Mumbai,H02,2025-03-23 09:24:31
P001020,  Priya Menon ,f,05-Sep-2022,9709652631,priya.menon963@mail.example.com,711669826161,Chandigarh ,H04,2025-12-11 10:48:28
P001021,Sunita Verma,F,20/08/1967,6812782480,,432339750427,MUMBAI ,H02,2025-09-02 21:39:36
P001022,Swati Mehta,FEMALE,1980-08-15,730 408 2112,swati.mehta835@example.org,698184165261,Chandigarh,H04,2025-03-16 10:26:37
P001023,Aditya Menon,M,08/04/1987,+91-9270314751,aditya.menon683@example.org,562128434037,Chandigarh,H05,2025-11-19 09:12:34
P001024,Mohit Chopra,m,09-Nov-2011,+91 95949 43011,mohit.chopra45@example.org,920740910167,chennai,H03,2025-09-11 08:14:26
P001025,Priya Bhatt,Female,1994-05-25,+91 68152 73645,priya.bhatt427@example.com,219124032641,Mumbai,H02,2025-02-06 21:55:55
P001026,Nikhil Sharma,male,1977-08-07,+91-7346868148,nikhil.sharma943@example.net,695207132317,Mumbai,H02,2025-11-17 15:12:03
P001027,Pallavi Kapoor,F,1945-08-05,+91-6986452119,pallavi.kapoor544@mail.example.com,466137585791,Pune,H01,2025-05-26 09:42:37
P001028,Arjun Kapoor,m,1959-07-16,7413404747,arjun.kapoor467@example.net,933085953187,Mumbai,H02,2025-04-28 17:23:29
P001029,Divya Rao,Female,1961-05-14,768 527 446,divya.rao328@example.net,560541890392,Chennai,H02,2025-03-20 20:34:54
P001030,Tanvi Deshmukh,Other,16-Jun-1947,06200867359,tanvi.deshmukh885@example.net,985781823940,Chennai,H03,2025-08-10 17:19:07
P001031,Karan Mishra,m,10/09/2022,90565-16953,karan.mishra957@example.net,880602143220,Delhi,H03,2025-09-24 07:33:44
P001032,Tushar Verma,M,1986-09-20,07905088682,tushar.verma665@example.net,422143735596,Chennai,H03,2025-09-07 12:31:24
P001033,Yash Kapoor,M,1943-01-15,670 901 8023,yash.kapoor692@mail.example.com,205419983800,Pune,H05,2025-12-18 15:12:13
P001034,Arjun Reddy,M,1998-04-21,+91 65095 89774,arjun.reddy17@example.org,972214046067,Mumbai,H02,2025-02-28 13:10:40
P001035,Isha Kulkarni,F,2012-04-16,+91 76285 45049,isha.kulkarni72@mail.example.com,465491390921,Delhi,H03,2025-04-19 18:01:43
P001036,Ritu Thakur,f,1988-05-05,09276718206,ritu.thakur652@example.org,547103689739,pune,H01,2025-04-22 18:40:11
P001037,Pooja Nair,FEMALE,26-Jun-1967,+91 79979 05232,pooja.nair203@example.com,471292484795,Bengaluru,H06,2025-04-01 15:09:33
P001038,Manish Chopra,M,07/02/2001,9699735353,manish.chopra191@example.net,774424748738,Delhi,H03,2025-02-07 12:41:07
P001039,Rohan Sharma,M,2009-04-13,9665182215,rohan.sharma750@,820136026111,Delhi,H02,2025-11-09 14:15:18
P001040,Prakash Deshmukh,M,2005-03-03,07216385208,prakash.deshmukh18@example.com,518856521830,Bengaluru,H06,2025-12-04 07:20:01
P001041,Rohan Yadav,male,26/12/1947,06512348031,rohan.yadav133@mail.example.com,549175964746,Pune,H01,2025-05-25 13:53:04
P001042,Shweta Bose,Female,08/06/2007,+91 63572 6707,shweta.bose850@mail.example.com,519448392146,chandigarh,H04,2025-01-28 14:58:36
P001043,Swati Pillai,f,2004-03-07,+91-7351954306,swati.pillai318@example.net,640884465653,Mumbai,H02,2025-06-15 19:31:24
P001044,  Mansi Gupta ,F,13/09/1954,07693766915,mansi.gupta889@mail.example.com,480838109618,Pune,H01,2025-09-07 15:46:26
P001045,Isha Shah,Female,05-Sep-1938,+91 63223 17876,isha.shah405@example.com,969534340797,Delhi,H03,2025-09-06 19:49:05
P001046,Shruti Gowda,female,12/10/1958,+91 72677 99283,shruti.gowda694@example.net,334772671179,Delhi,H03,2025-06-30 13:02:04
P001047,Rekha Iyer,F,2024-10-28,+91-6787158169,rekha.iyer992.example.com,264905155527,Pune,H02,2025-01-24 09:15:02
P001048,  Isha Kapoor ,female,02/10/1970,+91-9011498594,isha.kapoor463@example.com,583684574328,Bombay,H02,2025-06-23 17:21:21
P001049,Mansi Bose,F,22/11/1966,+91 69821 01706,mansi.bose502@mail.example.com,309892812459,Chennai,H05,2025-02-16 13:51:14
P001050,Shweta Malhotra,Female,2005-08-06,621 407 9613,shweta.malhotra969@example.net,622679459331,Bangalore,H06,2025-08-03 08:49:53
P001051,Bhavna Agarwal,f,21/08/1995,+91 85162 62611,bhavna.agarwal82@example.org,741033227325,Chennai,H05,2025-02-24 20:54:11
P001052,Prakash Shah,M,1939-07-27,9125210682,prakash.shah700@example.com,992790751078,DELHI,H03,2025-08-01 19:47:11
P001053,Kavita Gupta,F,2017-01-13,96868-96462,kavita.gupta243@example.net,571629648819,mumbai,H02,2025-02-10 11:14:46
P001054,Pallavi Shah,f,2005-09-21,+91-6656716412,pallavi.shah267@example.net,592565707312,Bombay,H02,2025-12-02 16:48:14
P001055,Priya Singh,,1943-03-17,6121944525,priya.singh955@example.com,457159147883,Bengaluru,H03,2025-02-17 12:02:22
P001056,Anil Gowda,M,13-Nov-1950,906067818,anil.gowda264@example.org,461104145797,Pune,H01,2025-06-07 09:06:58
P001057,Prakash Bose,male,09/06/1991,613248281,prakash.bose884@example.com,329727530582,Chandigarh,H04,2025-10-25 13:03:15
P001058,Pranav Mishra,male,1994-10-07,92726-86892,pranav.mishra393@example.com,391440808907,MUMBAI ,H02,2025-04-25 10:16:13
P001059,Harsh Yadav,M,1992-05-08,68526-30707,harsh.yadav296@mail.example.com,662211473668,Pune,H01,2025-02-25 16:38:43
P001060,Mohit Singh,M,1942-01-17,07271503331,mohit.singh121@mail.example.com,741848534798,Bengaluru,H06,2025-06-22 09:44:48
P001061,Yash Malhotra,M,1976-07-14,+91-6185042476,yash.malhotra408@example.org,883016884722,Bengaluru,H06,2025-10-14 10:46:30
P001062,Priya Sharma,f,2015-11-08,66051-83436,priya.sharma550@example.org,330238538755,Chennai,H05,2025-04-30 15:52:52
P001063,Ananya Shah,FEMALE,1991-04-19,08168188469,,424983518000, Pune,H01,2025-04-09 08:59:16
P001064,Priya Naik,FEMALE,1953-08-11,+91-6209040414,priya.naik827@example.org,480872759857,Pune,H02,2025-02-13 11:20:06
P001065,Rahul Joshi,male,13-Jun-1969,+91 77990 53826,rahul.joshi124@example.com,961068885681,Pune,H01,2025-11-13 09:19:58
P001066,Karan Jain,,01/01/1976,86165-42905,karan.jain809@example.com,431779743405,Bengaluru,H06,2025-01-03 16:08:58
P001067,Amit Singh,MALE,1954-06-26,85621-01120,amit.singh926@mail.example.com,902520046771,Mumbai,H02,2025-09-29 08:31:49
P001068,Anil Joshi,M,19/03/1994,63548-05162,anil.joshi88@example.net,272295192719,Chennai,H05,2025-04-10 11:01:54
P001069,Anil Singh,male,18/04/1988,8209060411,anil.singh623@mail.example.com,546517059932,Delhi,H03,2025-01-17 15:06:48
P001070,  Harsh Mishra ,M,08-Jun-1963,9102309688,harsh.mishra414@example.net,648697940889,Delhi,H03,2025-01-04 18:58:29
P001071,Shruti Bose,F,1978-10-25,6756587194,,250176580454,Delhi,H03,2025-08-04 11:28:30
P001072,Anjali Iyer,Female,1958-03-06,8656907508,anjali.iyer386.example.com,345488209177,Bengaluru,H06,2025-08-12 12:47:04
P001073,Jyoti Naik,F,19/02/2025,615 432 0225,jyoti.naik924@mail.example.com,840155950708,Bangalore,H06,2025-12-01 09:47:20
P001074,Kunal Pandey,M,07/10/1991,06321723812,kunal.pandey407@mail.example.com,532640386764,Delhi,H03,2025-07-07 12:12:14
P001075,Kavita Mehta,F,26/03/1983,6223322817,kavita.mehta874@mail.example.com,474238972877,DELHI,H01,2025-03-27 17:42:52
P001076,Deepak Mehta,M,02/09/1965,+91-7770385164,deepak.mehta817@example.net,718481570382,Pune,H01,2025-10-15 15:09:12
P001077,Ananya Joshi,F,1999-08-16,+91 78287 41969,ananya.joshi451@example.net,904029657171,Chandigarh,H04,2025-12-08 17:39:44
P001078,Gaurav Thakur,M,06/07/1973,+91-8452898546,gaurav.thakur684@mail.example.com,648398309466,CHENNAI,H06,2025-04-27 21:11:02
P001079,Sunita Pillai,female,1992-10-04,06431845812,sunita.pillai119@example.com,278493928732,BANGALORE ,H06,2025-07-06 17:29:40
P001080,Sanjay Shah,M,2006-04-24,626 952 2006,,299488571020,Mumbai,H02,2025-02-20 15:36:53
P001081,Sneha Yadav,F,2019-10-04,81462-90576,sneha.yadav192@mail.example.com,687829225887,delhi,H03,2025-09-01 07:45:25
P001082,Prakash Joshi,m,24-Apr-1969,9401818967,prakash.joshi905@mail.example.com,373054539972,Pune,H01,2025-04-05 13:51:20
P001083,Sneha Thakur,Female,08/02/2022,764 743 7125,sneha.thakur710@example.net,813929122710,Bengaluru,H06,2025-11-20 16:51:35
P001084,Radhika Naik,F,01/03/1997,73310-36945,radhika.naik960@,667379186374,PUNE ,H01,2025-01-21 20:18:33
P001085,Shweta Reddy,female,1992-03-08,+91-9267376162,shweta.reddy866@mail.example.com,351472629142,Chandigarh,H04,2025-08-03 18:59:14
P001086,Gaurav Iyer,M,1996-02-25,+91-6585048950,gaurav.iyer858@mail.example.com,537149656703,Chandigarh,H05,2025-12-03 18:27:02
P001087,Rajesh Desai,M,26/08/2018,63297-22369,rajesh.desai672@example.net,270516335236,Chennai,H05,2025-09-22 17:58:10
P001088,Aditya Bhatt,MALE,10/07/2005,65026-80044,aditya.bhatt813@example.org,245745860849,Chennai,H05,2025-12-11 11:43:22
P001089,Prakash Pillai,m,1981-05-22,+91-9387164361,prakash.pillai209@example.com,264043334444,Pune,H01,2025-11-15 18:07:43
P001090,Shruti Gupta,F,2017-05-06,724 935 3705,shruti.gupta414@example.com,879063829816,Chennai,H05,2025-05-06 20:38:34
P001091,Neha Joshi,F,1996-08-28,83522-77115,neha.joshi535@mail.example.com,627851037233, Pune,H01,2025-04-12 21:22:44
P001092,Pallavi Pillai,Female,2024-06-10,+91 89878 2878,pallavi.pillai490@example.org,826190579609,Bengaluru,H06,2025-10-12 09:44:54
P001093,Rohan Patil,male,1939-12-04,813 139 2128,rohan.patil720@example.net,234135152800,Mumbai,H02,2025-07-17 16:44:14
P001094,Varun Patil,M,1975-08-19,658 948 2084,varun.patil866@example.org,975069701272,Mumbai,H02,2025-12-19 09:50:30
P001095,Pallavi Joshi,F,23-Jun-1973,+91 91713 58183,pallavi.joshi759@example.com,712279530247,delhi,H03,2025-07-11 11:53:57
P001096,Nisha Gowda,F,1979-08-11,+91 93382 26384,nisha.gowda910@example.org,228105143087,Pune,H01,2025-04-27 16:51:57
P001097,Sunita Singh,F,1980-12-25,766 189 5829,sunita.singh518@example.com,351536235295,Mumbai,H02,2025-04-06 16:52:21
P001098,Jyoti Chopra,FEMALE,1964-12-13,907 618 0816,jyoti.chopra341@mail.example.com,347927446555,CHANDIGARH,H04,2025-11-23 18:33:53
P001099,Yash Kulkarni,m,2000-04-28,90831-12626,yash.kulkarni513@example.net,967160899070,Pune,H01,2025-01-07 08:04:22
P001100,Meera Desai,F,19/01/2006,+91-8208882576,meera.desai35@example.org,903840534708,Mumbai,H02,2025-03-08 09:29:07
P001101,Vikram Yadav,M,29-Aug-1951,829 641 0268,vikram.yadav155@example.org,555774947981,Bengaluru,H06,2025-07-07 21:09:54
P001102,Karan Menon,MALE,07/01/1976,08301822498,karan.menon399@mail.example.com,367706396167,Chennai,H05,2025-09-19 19:09:19
P001103,Harsh Bose,M,15-Jun-1960,+91-7984430710,harsh.bose664@example.net,337120069651,BANGALORE ,H06,2025-05-25 21:59:16
P001104,Sneha Verma,F,1978-05-27,8884071476,sneha.verma30@example.org,423789375441,Bengaluru,H06,2025-09-02 16:48:09
P001105,Kavita Rao,F,1936-01-17,09727979194,kavita.rao920@example.org,969690663700,Mumbai,H06,2025-03-21 18:39:14
P001106,Sneha Nair,F,2011-01-21,9710438788,sneha.nair65@example.org,934946542204,Bengaluru,H06,2025-12-05 13:14:14
P001107,Arjun Deshmukh,MALE,1956-12-13,+91-9356254619,arjun.deshmukh101@example.com,578540346676,Delhi,H03,2025-01-06 09:27:22
P001108,Neha Naik,f,1975-11-30,834 125 8560,neha naik775@mail.example.com,282756284967,Bombay,H02,2025-07-15 09:41:39
P001109,Sunita Bhatt,FEMALE,2020-03-04,9083724053,sunita.bhatt364@example.org,228105004927,Chandigarh ,H04,2025-02-03 13:02:23
P001110,Meera Naik,Female,15/09/1980,77609-36838,meera.naik246@example.com,347639376044,Mumbai,H02,2025-12-05 16:32:29
P001111,Ananya Gowda,F,2023-12-26,09871811742,ananya.gowda843@mail.example.com,376762656854,MUMBAI ,H02,2025-04-19 12:48:51
P001112,Pranav Mehta,M,20/01/2003,+91 71194 43720,pranav.mehta282@mail.example.com,774700011273,Mumbai,H02,2025-03-22 21:31:06
P001113,Karan Kulkarni,male,2003-11-28,78568-09014,karan.kulkarni523@example.com,998855570892,Bangalore,H06,2025-09-16 20:42:51
P001114,Kavita Rao,F,1939-04-20,06661887626,kavita.rao58@example.org,238255393383, Pune,H01,2025-10-07 17:30:11
P001115,Pallavi Yadav,Female,08/06/1982,94461-7852,,542001990324,Mumbai,H02,2025-07-03 18:44:43
P001116,Varun Mishra,M,21-Jan-1973,8547287876,varun.mishra69@example.com,363136386988,Chennai,H05,2025-08-08 12:25:02
P001117,Shruti Iyer,F,1973-03-29,947056093,shruti.iyer686@mail.example.com,354073767997,Mumbai,H02,2025-05-27 12:26:54
P001118,Rajesh Jain,male,15-Apr-1999,67144-98667,rajesh.jain958@example.net,803583165219,Mumbai,H02,2025-06-30 11:44:55
P001119,Sanjay Bhatt,Male,19/08/2005,69544-36183,sanjay.bhatt18@example.com,614496221295,Chennai,H05,2025-03-05 11:48:11
P001120,Tanvi Desai,F,1983-10-06,9063838239,tanvi.desai539@example.com,439698690180,Mumbai,H02,2025-08-02 08:52:40
P001121,Mohit Kapoor,m,14/04/1978,+91 96932 69131,mohit.kapoor376@mail.example.com,278189009293,Pune,H02,2025-10-08 18:44:47
P001122,Mansi Reddy,F,2010-03-24,6457502761,mansi.reddy816@mail.example.com,893917591417,Delhi,H03,2025-05-02 20:09:48
P001123,Jyoti Joshi,F,2004-07-19,8080551776,jyoti.joshi511@example.net,343461964411, Pune,H01,2025-12-20 12:53:09
P001124,Kunal Bose,M,06/04/1983,75405-61278,kunal.bose298@mail.example.com,973100082788,Delhi,H02,2025-03-01 10:22:54
P001125,Isha Jain,f,05/04/1992,06742982126,isha jain550@example.com,657708057134,Bengaluru,H06,2025-10-05 11:22:40
P001126,Karan Sharma,MALE,23/12/1984,06294853989,karan.sharma219@mail.example.com,916510552429,Chennai,H05,2025-05-30 14:59:34
P001127,Shruti Naik,f,15/07/1962,63215-96955,shruti.naik913@mail.example.com,428722861654,Delhi,H03,2025-12-23 18:32:36
P001128,Meera Joshi,F,2007-06-29,709 832 9365,meera.joshi734@mail.example.com,654519494758,Mumbai,H02,2025-06-19 10:17:25
P001129,Sunita Singh,f,1979-04-05,805 960 6199,sunita.singh99@example.org,348396180523,Pune,H01,2025-02-10 20:45:22
P001130,Mohit Singh,M,15/10/2020,777 858 3209,mohit.singh172@mail.example.com,815166912868,DELHI,H06,2025-08-27 15:12:26
P001131,Pooja Iyer,FEMALE,1967-10-11,6790423618,pooja.iyer768@example.org,408831081848,mumbai,H02,2025-04-16 09:41:12
P001132,Shruti Menon,f,20/11/2002,+91 79526 34548,shruti.menon458@example.org,878542736104,delhi,H03,2025-06-17 18:19:00
P001133,Arjun Bhatt,Male,1973-02-03,9854162221,arjun.bhatt296@mail.example.com,819780271441,Delhi,H03,2025-09-26 12:37:40
P001134,Ritu Naik,female,2018-07-08,856 041 0945,ritu.naik120@example.net,324874145270,Chennai,H06,2025-04-21 18:31:40
P001135,Mansi Thakur,f,03/02/1963,8878639462,mansi.thakur505@example.net,260997584919,Chandigarh,H04,2025-11-17 09:06:38
P001136,Isha Agarwal,f,14/01/2008,9755964177,isha.agarwal624@example.net,393081941544,Pune,H01,2025-10-06 19:06:07
P001137,Swati Kapoor,f,24-Oct-1948,603 743 6265,swati.kapoor985@mail.example.com,685723270220,Delhi,H03,2025-08-10 18:14:01
P001138,Jyoti Joshi,F,1954-11-19,+91-7493602056,,355869732683,delhi,H03,2025-02-18 13:25:01
P001139,Mansi Yadav,F,06/06/1971,+91 95783 25077,mansi.yadav515@example.org,885667779062,Mumbai,H02,2025-08-26 11:12:30
P001140,Rajesh Mehta,M,2021-09-26,94368-52742,,943616556387,MUMBAI ,H02,2025-11-13 20:49:39
P001141,Varun Jain,M,1971-06-01,871 124 3341,varun.jain451@example.net,221435200757,Chandigarh,H04,2025-01-29 17:57:19
P001142,Nikhil Gupta,m,1995-06-06,67817-69078,nikhil.gupta706@example.org,675523044518,delhi,H03,2025-04-02 15:08:15
P001143,Karan Verma,M,2017-04-17,709 234 0195,karan.verma8@mail.example.com,346153506739,Bengaluru,H06,2025-10-28 15:44:00
P001144,Suresh Desai,m,25/02/2019,+91-7859002715,suresh.desai464@example.net,998878812233,Mumbai,H04,2025-06-28 16:27:29
P001145,Yash Shah,M,1991-09-26,09403866271,yash.shah511@example.net,931051972034,CHANDIGARH,H04,2025-07-20 20:38:42
P001146,Pallavi Naik,F,02-Dec-2019,+91-8966403303,pallavi.naik893@example.net,422987011104,Bengaluru,H06,2025-10-28 19:10:02
P001147,Mohit Pandey,male,1979-05-15,+91-6280563915,,944462048143,bengaluru,H06,2025-07-01 09:55:28
P001148,Radhika Nair,F,1991-11-24,+91-8060592162,radhika.nair214@mail.example.com,252482835613,Chennai,H05,2025-11-22 17:56:21
P001149,Tushar Mishra,M,1940-07-12,06808324933,tushar.mishra876@example.net,726413401944,Bombay,H02,2025-06-19 08:52:57
P001150,Kunal Gupta,M,1998-11-15,07287402633,kunal.gupta888@example.com,856668594256,Chennai,H05,2025-08-15 19:26:23
P001151,Bhavna Rao,FEMALE,1993-07-06,79241-56491,bhavna.rao641@example.com,786330388311,DELHI,H03,2025-02-11 21:43:06
P001152,Nikhil Kapoor,MALE,04/08/2003,6815172292,nikhil.kapoor640@example.net,231292273890,Chennai,H04,2025-04-23 08:53:33
P001153,Pallavi Naik,F,1983-04-14,+91 92272 92935,pallavi.naik455@example.net,225474747269,MUMBAI ,H02,2025-12-06 14:58:18
P001154,Mohit Menon,M,13-Feb-1950,68417-3227,mohit.menon569@example.net,911825018810,Chandigarh,H01,2025-02-08 17:11:41
P001155,Tushar Bhatt,M,1964-08-24,6334781702,tushar.bhatt406@example.net,909988249984,bengaluru,H06,2025-05-01 13:00:17
P001156,Aarti Yadav,female,1969-08-14,777 135 8290,aarti.yadav362@mail.example.com,969993471122,Bengaluru,H06,2025-06-15 13:27:55
P001157,Ananya Joshi,F,1987-11-29,9301971233,ananya.joshi841@mail.example.com,818389619438,pune,H04,2025-09-04 09:15:10
P001158,Isha Kapoor,F,1972-03-15,+91 89449 02180,isha.kapoor884@example.com,936096790700,Delhi,H03,2025-07-23 21:27:26
P001159,Priya Verma,F,2010-08-11,977 740 5388,priya.verma102@example.com,900661149040,Pune,H01,2025-06-10 16:22:33
P001160,Neha Jain,F,1960-02-21,+91-8716563081,neha.jain148@example.net,366160275066,Chennai,H05,2025-05-19 15:48:04
P001161,Karan Thakur,M,1938-10-15,89281-04046,karan.thakur902@mail.example.com,364172148578,Mumbai,H02,2025-01-06 19:25:52
P001162,Pallavi Mishra,F,12/07/2023,08003777076,pallavi.mishra188@example.org,504538216010,Delhi,H03,2025-12-25 15:51:30
P001163,Pooja Verma,female,1989-05-07,+91 90063 81952,pooja.verma974@example.org,997096793149,delhi,H03,2025-11-24 15:49:42
P001164,Arjun Joshi,male,25/12/1964,06897252053,arjun.joshi892@example.org,333871624909,Delhi,H03,2025-09-01 10:47:44
P001165,Pallavi Mishra,F,01-Jun-1998,+91-6309733079,pallavi.mishra154@example.org,949091571724,BANGALORE ,H06,2025-01-10 17:18:50
P001166,Jyoti Gowda,F,2002-02-24,+91 95890 68931,jyoti.gowda995@example.net,975082696201, Pune,H01,2025-09-23 20:10:34
P001167,Kunal Iyer,M,1991-01-21,06279881605,kunal.iyer337@example.org,715934993416,Chandigarh ,H06,2025-03-04 20:55:10
P001168,Tushar Deshmukh,Other,24-Feb-1980,+91 71907 65638,tushar.deshmukh761@example.com,968647878126,PUNE ,H01,2025-06-25 17:58:50
P001169,Isha Deshmukh,FEMALE,1996-06-27,+91-6129618416,isha.deshmukh801@example.org,577913307904,Bangalore,H06,2025-04-21 11:49:26
P001170,Varun Nair,m,18-Aug-1967,979 885 6451,varun.nair430@example.org,577395079441,Mumbai,H02,2025-09-22 17:28:48
P001171,Mansi Verma,F,25/01/2007,+91 80847 73975,mansi.verma705@example.net,539902202621,mumbai,H02,2025-11-13 21:27:46
P001172,Rajesh Desai,M,1935-08-27,+91-6524952149,rajesh.desai746@example.org,597553869663,DELHI,H02,2025-07-23 08:48:29
P001173,Priya Pandey,F,2003-03-09,+91 85256 13955,priya.pandey429@example.com,292719254523,Bengaluru,H06,2025-11-08 07:54:45
P001174,Shruti Bhatt,f,1988-05-27,+91 62472 31468,shruti.bhatt397@example.net,980613937811,Delhi,H06,2025-02-21 14:56:35
P001175,Yash Shah,Male,31/10/1941,93288-93641,yash.shah873@example.org,677813678668,Chennai,H05,2025-03-16 18:22:14
P001176,Sneha Menon,FEMALE,2013-08-30,657 475 3096,sneha.menon238@mail.example.com,514436875040,Delhi,H02,2025-08-02 20:04:33
P001177,Meera Rao,F,1988-10-28,73931-38953,meera.rao443@mail.example.com,684144527985,Chennai,H05,2025-09-29 07:09:11
P001178,Bhavna Reddy,,1952-08-11,68924-91153,bhavna.reddy341@mail.example.com,479387922357,Delhi,H03,2025-08-14 12:17:58
P001179,Bhavna Rao,F,1973-09-05,8120710202,bhavna.rao370@example.org,524433442059,Bengaluru,H06,2025-02-03 10:05:43
P001180,Radhika Kapoor,F,03/02/1956,7932014101,radhika.kapoor728@example.net,893801878140,chennai,H05,2025-06-14 08:09:37
P001181,Nisha Gowda,FEMALE,1988-07-13,+91-8913210620,nisha.gowda510@example.net,426754933421,Mumbai,H02,2025-03-25 08:30:03
P001182,Rajesh Pillai,O,1987-01-20,910 846 8079,rajesh.pillai75@example.org,979788190649,Mumbai,H02,2025-07-22 17:06:04
P001183,Meera Patil,female,06/01/1985,650 212 8777,meera.patil125@mail.example.com,967227425882,Chandigarh,H04,2025-01-05 08:03:11
P001184,Radhika Naik,Female,2019-04-27,+91-8586680787,radhika.naik781@example.org,277973778753,BANGALORE ,H01,2025-04-16 09:28:34
P001185,Sandeep Rao,M,06/09/1974,+91-9682009454,sandeep.rao869@example.com,657886443800,Mumbai,H02,2025-11-16 17:34:42
P001186,Sandeep Rao,m,1935-12-01,09448422472,sandeep.rao859@mail.example.com,677420665946,chennai,H05,2025-07-03 15:29:57
P001187,Rajesh Pillai,M,15/05/1999,09268886464,rajesh.pillai569@mail.example.com,314113666498,Pune,H01,2025-08-30 10:39:45
P001188,Divya Gupta,F,2011-11-21,08462867052,divya.gupta29@example.com,436449911705,MUMBAI ,H02,2025-09-11 09:12:33
P001189,Vikram Agarwal,m,1977-07-20,+91 96832 15211,vikram.agarwal778@example.org,572615003571,Madras,H05,2025-07-06 20:16:50
P001190,Ritu Agarwal,F,03/07/2021,+91-9551959224,ritu.agarwal16@example.org,920680289307,Delhi,H03,2025-01-03 19:14:31
P001191,Mansi Yadav,female,1945-10-28,+91 94763 98189,mansi.yadav594@mail.example.com,798991608557,Delhi,H03,2025-04-12 10:47:39
P001192,Nikhil Nair,Male,2020-05-14,7279167781,nikhil.nair978@example.net,706597324822,Pune,H06,2025-02-03 17:09:59
P001193,Amit Agarwal,M,1967-03-18,07760672167,amit.agarwal443@example.com,262203004166,Bengaluru,H06,2025-12-07 08:20:19
P001194,Varun Patil,m,23/06/2006,78139-45211,varun.patil367@example.org,527236315642,Chennai,H05,2025-01-20 14:39:20
P001195,Meera Yadav,,1966-12-05,65330-45419,meera.yadav552@mail.example.com,795773690334,Bangalore,H06,2025-09-27 09:01:25
P001196,Shruti Nair,f,1985-01-10,7135578571,shruti.nair540@example.net,219590985317,Bengaluru,H06,2025-10-17 12:00:13
P001197,Jyoti Joshi,F,1965-10-05,7673985108,jyoti.joshi164@example.com,487780314477,delhi,H03,2025-04-19 21:35:25
P001198,Aditya Agarwal,MALE,09-Mar-1943,952 223 3197,aditya.agarwal846@example.org,857713333873,pune,H01,2025-04-15 21:34:55
P001199,Jyoti Pandey,F,27/07/1975,93093-34321,jyoti.pandey401@mail.example.com,393207854279, Pune,H01,2025-06-21 09:29:24
P001200,Nikhil Bhatt,M,10/01/2013,+91-7664410017,nikhil.bhatt119@example.net,931708448221,Bengaluru,H06,2025-12-05 16:05:11
P001201,Sunita Gupta,female,1947-08-28,07070881059,sunita.gupta147@,523866200537,Bengaluru,H06,2025-04-11 20:56:43
P001202,Vikram Bose,M,1989-07-15,97047-13723,vikram.bose757@mail.example.com,935644780116,Mumbai,H02,2025-03-11 20:55:02
P001203,Isha Pillai,F,02-Sep-1938,995 640 4263,isha.pillai261@example.com,703134658794,Delhi,H03,2025-08-29 17:23:10
P001204,Tanvi Nair,F,2001-09-30,+91-6039182306,tanvi.nair842@example.org,338329712278,Bengaluru,H06,2025-12-21 10:20:45
P001205,Nikhil Kapoor,M,1977-08-27,+91 69046 05961,nikhil.kapoor36@mail.example.com,704458524016,Bengaluru,H02,2025-10-10 17:16:14
P001206,Sanjay Thakur,Male,2013-04-15,7798731978,sanjay.thakur717@example.org,481467969439,delhi,H03,2025-10-11 20:45:03
P001207,Deepak Gupta,male,1944-08-26,691343902,deepak.gupta484@example.org,778595954153,Pune,H01,2025-06-06 17:02:26
P001208,Karan Gupta,MALE,26/02/1962,611 799 6663,karan.gupta527@example.org,866021072876,Chandigarh,H04,2025-11-26 21:44:04
P001209,Swati Deshmukh,F,1940-06-01,+91-9157908651,swati.deshmukh8@example.net,285693687111,Chandigarh,H04,2025-03-07 15:14:31
P001210,Siddharth Naik,MALE,1989-02-02,646 500 6476,siddharth.naik332@example.org,735351284913,Chennai,H05,2025-10-01 14:57:30
P001211,Rahul Menon,m,10/12/1967,879 061 9341,rahul.menon996@mail.example.com,456499976022,Bengaluru,H06,2025-10-18 21:16:40
P001212,Priya Thakur,F,24/12/1938,63781-4879,priya.thakur20@example.com,857061530350,Bengaluru,H03,2025-11-28 10:09:50
P001213,Anjali Rao,FEMALE,2019-03-27,+91 70280 55689,anjali.rao350@example.org,624407199396,Pune,H01,2025-09-28 10:42:51
P001214,Sanjay Deshmukh,male,1981-06-22,09206291173,sanjay.deshmukh321@example.com,654914668011,Delhi,H01,2025-10-23 13:07:19
P001215,Vikram Mishra,male,1989-04-11,73079-42067,,478138204511,Mumbai,H02,2025-01-22 18:25:07
P001216,Swati Naik,F,02-Feb-2003,658 026 4595,swati.naik72@example.net,879089296703,Mumbai,H02,2025-08-04 11:09:41
P001217,Nisha Verma,F,26/08/2025,+91-6014202191,nisha.verma778@example.net,493575142563,Delhi,H03,2025-01-31 19:11:12
P001218,Radhika Singh,f,2006-09-30,07843591902,radhika.singh1@example.org,434189291124,DELHI,H03,2025-06-17 09:36:19
P001219,Ritu Gupta,F,23/07/1956,+91 90042 64769,ritu.gupta813@example.net,592409767198,Delhi,H03,2025-06-30 14:05:02
P001220,Gaurav Iyer,Male,1935-09-22,08708399545,gaurav.iyer974@example.net,932206502294,Pune,H01,2025-08-04 13:40:45
P001221,Pranav Malhotra,M,1983-05-12,08802987281,pranav.malhotra39@example.com,824795301010,Bengaluru,H06,2025-06-22 08:39:26
P001222,Gaurav Iyer,m,30/10/1947,09123534912,gaurav.iyer291@example.com,519882070026,Mumbai,H02,2025-09-12 13:26:49
P001223,Amit Iyer,M,05-Mar-2025,+91-8899873291,amit.iyer955@example.net,836836766976,Pune,H01,2025-07-14 18:56:33
P001224,Aditya Joshi,MALE,1993-08-20,750 575 4725,aditya.joshi5@example.net,762687118245,Mumbai,H02,2025-06-28 19:46:13
P001225,Isha Shah,O,2015-06-23,07110044295,isha.shah789@mail.example.com,560696014094,Mumbai,H02,2025-12-02 09:28:34
P001226,Rajesh Bhatt,male,05-Feb-1950,908 658 0771,rajesh.bhatt6@mail.example.com,419940060091,delhi,H03,2025-12-28 15:57:46
P001227,Harsh Rao,M,2010-11-17,+91-8455206082,harsh.rao245@example.net,866940901851,Mumbai,H02,2025-05-27 17:23:20
P001228,Priya Jain,f,1949-06-07,+91 89058 00398,priya.jain530@example.org,814474403993,Bengaluru,H06,2025-04-25 17:00:05
P001229,Manish Yadav,M,2002-10-09,98297-96701,manish.yadav176@mail.example.com,487188000213,Delhi,H03,2025-10-01 20:38:12
P001230,Neha Verma,female,1954-01-31,+91-7827104474,neha.verma278@example.net,486756781157,Pune,H03,2025-01-22 18:31:58
P001231,Siddharth Yadav,M,1992-08-11,+91 82307 66592,siddharth.yadav782@mail.example.com,401599031836,Bengaluru,H06,2025-08-29 14:00:48
P001232,Aarti Malhotra,female,1991-08-30,9614122406,aarti.malhotra568@example.com,378540663444,Chandigarh,H05,2025-02-09 09:53:30
P001233,Rohan Mehta,MALE,17/06/1953,8367469566,rohan.mehta228@example.com,660935997047,pune,H06,2025-01-18 20:16:20
P001234,Pranav Malhotra,M,1980-01-30,90626-46467,pranav.malhotra993@mail.example.com,717486746502,Pune,H01,2025-08-11 17:06:12
P001235,Ananya Gupta,female,13-May-1986,+91-9410095588,ananya.gupta786@mail.example.com,760407019450,Delhi,H03,2025-12-12 10:33:32
P001236,Nikhil Deshmukh,O,07/06/1943,+91 80265 09854,nikhil.deshmukh48@example.net,441065442499,Mumbai,H02,2025-06-01 17:18:58
P001237,Harsh Joshi,MALE,1947-05-28,+91-7755567107,harsh.joshi51@mail.example.com,880488860604,Pune,H01,2025-03-12 15:23:03
P001238,Rajesh Gowda,male,26-Oct-2023,+91-9699244725,rajesh.gowda588.example.net,914078069761,Delhi,H03,2025-01-25 20:16:50
P001239,Radhika Sharma,F,1968-03-27,07743847723,radhika.sharma129@example.org,763973169009,Chennai,H05,2025-01-07 10:36:20
P001240,Sneha Agarwal,F,28-Nov-1971,+91-6421076284,sneha.agarwal580@example.com,438907697220,Chandigarh,H04,2025-08-07 13:42:14
P001241,Pooja Agarwal,F,1948-04-03,827 708 1690,pooja.agarwal250@example.com,733917528694,Chandigarh,H04,2025-03-19 08:24:30
P001242,Suresh Sharma,M,1953-06-21,752 466 4778,suresh.sharma664@example.com,229407953386,chandigarh,H02,2025-08-14 20:21:02
P001243,Ritu Shah,F,08-Nov-1945,+91 98413 49591,ritu shah131@example.net,981203805274,Delhi,H03,2025-05-21 17:17:15
P001244,Ritu Yadav,F,1989-06-22,99362-32105,ritu.yadav668@example.org,292612001154,DELHI,H03,2025-09-18 08:39:46
P001245,Deepak Agarwal,M,1978-03-11,66973-67331,deepak.agarwal709@example.net,494928800411,Bengaluru,H06,2025-08-05 14:14:14
P001246,Priya Pillai,F,16/10/2000,+91-7865271671,priya.pillai941@example.net,577123725108,Chennai,H05,2025-10-07 20:51:03
P001247,Sanjay Reddy,male,1943-09-19,0807082779,sanjay.reddy683@example.net,230286305687,Pune,H01,2025-04-21 11:40:59
P001248,Rajesh Joshi,M,15-Jul-1969,689 246 2829,rajesh.joshi694@example.org,336629489200,Mumbai,H02,2025-05-06 14:38:30
P001249,Anjali Agarwal,F,07-Sep-1984,993 019 1885,anjali.agarwal648@mail.example.com,597446142325,Mumbai,H02,2025-08-03 10:44:59
P001250,Shruti Gupta,Female,2003-09-16,9897414892,shruti.gupta54@mail.example.com,383089916971,Bengaluru,H06,2025-03-22 17:57:13
P001251,Ritu Deshmukh,F,1958-05-10,09077176088,ritu.deshmukh784@,284375819305,Chandigarh,H04,2025-08-19 08:23:01
P001252,Manish Gowda,M,1946-03-01,07749132245,manish.gowda899@mail.example.com,709210171660,Madras,H05,2025-03-29 18:09:44
P001253,Tushar Joshi,male,1994-09-23,+91 63946 35438,tushar.joshi279@example.com,506484353588,chennai,H03,2025-12-06 09:44:26
P001254,Ananya Verma,F,01/07/1964,+91-7537043554,ananya.verma229@example.org,823431934849,Bengaluru,H06,2025-12-17 13:19:37
P001255,Rekha Yadav,F,31/05/1951,+91 90037 25856,rekha.yadav948@example.org,342680761052,PUNE ,H01,2025-03-29 09:41:35
P001256,Suresh Nair,Male,1977-04-17,+91 72618 81296,suresh.nair944@mail.example.com,601785588672,bengaluru,H02,2025-06-21 14:20:40
P001257,Divya Thakur,F,16/04/1950,94876-71270,divya.thakur260@example.com,689746821405,Pune,H03,2025-06-14 09:53:32
P001258,Sunita Nair,female,1995-12-17,6226780139,sunita.nair26@mail.example.com,543641889062,Mumbai,H06,2025-01-22 12:19:23
P001259,Divya Sharma,F,2021-11-18,07122892815,divya.sharma313@example.net,201916281100,MUMBAI ,H02,2025-12-26 09:52:48
P001260,Shruti Patil,F,10-Sep-1963,733 010 243,shruti.patil341@example.com,922150565331,Pune,H01,2025-01-04 08:03:49
P001261,Karan Iyer,Male,02/12/2024,68735-99117,karan.iyer608@example.net,805481151326,Chennai,H05,2025-08-11 14:26:15
P001262,Anil Singh,male,1942-08-08,+91-6976156093,anil.singh888@mail.example.com,566253977474,Pune,H01,2025-09-27 18:22:58
P001263,Amit Gupta,M,30/03/1978,670 945 7881,amit.gupta91@example.org,803197118764,chandigarh,H03,2025-03-31 19:56:45
P001264,Kavita Thakur,F,22/09/1964,+91 96638 70103,kavita.thakur527@example.org,848583136364,Bangalore,H06,2025-03-01 10:43:16
P001265,Suresh Thakur,,1946-03-14,71946-39443,suresh.thakur978@mail.example.com,332509835578,Bengaluru,H06,2025-03-17 18:31:04
P001266,Vikram Iyer,M,21/04/1953,6994987328,vikram.iyer289@example.net,911911911290,chennai,H05,2025-05-08 19:41:11
P001267,Arjun Iyer,MALE,2013-02-23,71231-72065,arjun.iyer873@example.com,236177889767,Pune,H01,2025-10-23 17:02:15
P001268,Sneha Mehta,F,1974-10-09,8640960495,sneha.mehta789@example.net,717600126596,Delhi,H01,2025-12-23 09:07:58
P001269,Swati Patil,FEMALE,2019-01-31,67243-30798,swati.patil950@example.org,276628298771,Pune,H01,2025-10-19 08:54:32
P001270,Isha Malhotra,F,1945-06-12,08105110270,isha.malhotra700@example.net,308312031288,Bengaluru,H06,2025-12-26 11:48:10
P001271,Anjali Rao,FEMALE,1972-09-27,+91-6412184101,anjali.rao162@example.org,869057711666,Pune,H01,2025-10-14 21:43:08
P001272,Varun Pandey,M,1976-01-15,707 120 6027,varun.pandey98@example.com,921266551562,Chandigarh,H05,2025-08-25 11:17:58
P001273,Ritu Menon,F,03-Aug-2020,60395-26815,ritu.menon691@example.net,616709880010,Pune,H05,2025-05-15 20:35:39
P001274,Manish Naik,M,1985-06-13,09211374237,manish.naik984@example.org,413392089337,Mumbai,H02,2025-08-18 09:33:31
P001275,Siddharth Naik,male,1947-12-01,62773-80228,siddharth.naik876@example.org,941161186267,Mumbai,H02,2025-05-10 20:48:09
P001276,Priya Chopra,FEMALE,21/01/1982,+91-6554603159,priya.chopra914@example.com,807502099287,bengaluru,H03,2025-07-20 10:18:32
P001277,Deepak Mishra,M,2016-12-02,+91 89152 12756,deepak.mishra820@example.net,970916892150,delhi,H03,2025-08-17 12:55:33
P001278,Swati Nair,F,15/12/2012,65647-71018,swati.nair414@example.com,986394307910,Chennai,H05,2025-05-11 09:06:58
P001279,Sanjay Nair,male,24/05/1980,06479673925,sanjay.nair67@mail.example.com,622320132731,bengaluru,H06,2025-10-27 21:08:51
P001280,Suresh Verma,male,01/08/2000,93707-19131,suresh.verma973@mail.example.com,880335794140,DELHI,H03,2025-09-22 09:14:45
P001281,Bhavna Agarwal,F,1962-02-01,863 324 9742,bhavna.agarwal659@example.com,455350050136,Chennai,H05,2025-01-10 14:04:08
P001282,Anil Verma,M,1974-02-02,98579-01134,anil.verma684@example.org,678935316017,Delhi,H03,2025-12-03 15:53:16
P001283,Anjali Menon,F,1950-11-02,860 992 1576,anjali.menon365@mail.example.com,551381623678,CHENNAI,H05,2025-12-21 21:58:06
P001284,Suresh Gupta,Male,1940-10-22,602 381 9616,suresh.gupta481@mail.example.com,365297788977,Delhi,H03,2025-10-02 10:19:45
P001285,Sneha Malhotra,female,30/06/1944,+91-9191531472,sneha.malhotra69@example.org,456141042430, Pune,H01,2025-08-08 12:50:24
P001286,Deepak Joshi,,13-Jul-2001,+91-9153340883,deepak.joshi53@example.net,249104181915,Delhi,H03,2025-08-07 16:04:59
P001287,Sunita Sharma,F,1944-11-30,6553661564,sunita.sharma718@example.com,688882852221,pune,H06,2025-03-13 13:50:24
P001288,Anil Iyer,M,29/10/1975,9669288915,anil.iyer470@example.org,552687305037,Mumbai,H02,2025-07-08 19:16:03
P001289,Swati Malhotra,f,20/10/1953,861 239 4129,swati.malhotra255@example.net,960017181300,Chandigarh,H04,2025-12-09 19:14:39
P001290,Priya Kulkarni,f,02/11/1991,93275-88015,priya.kulkarni2@example.net,435530092820,Chandigarh,H05,2025-04-13 14:40:05
P001291,Harsh Verma,M,1965-12-12,660 344 1099,harsh.verma764@example.org,804430805987,Chandigarh,H04,2025-07-23 20:20:56
P001292,Pallavi Chopra,F,1998-09-18,+91-7399423443,pallavi.chopra517@example.org,434748830112,Mumbai,H02,2025-03-04 11:58:04
P001293,Bhavna Singh,F,23/10/1986,68303-03424,bhavna.singh629@example.com,938407124540,Mumbai,H02,2025-02-08 11:26:08
P001294,Anjali Yadav,female,1960-11-07,+91-6238705667,anjali.yadav931@example.net,492914138437,Chennai,H02,2025-02-11 21:46:12
P001295,Nikhil Pandey,Male,29/08/1954,9338074699,nikhil.pandey984@mail.example.com,381727697954,Mumbai,H02,2025-07-27 17:28:08
P001296,Sneha Reddy,F,1984-11-21,08803882656,sneha.reddy172@mail.example.com,936456756782,Pune,H01,2025-05-11 09:27:05
P001297,Neha Bhatt,female,2023-03-10,+91-6089151774,neha.bhatt695.example.net,613045194897, Pune,H01,2025-01-10 17:57:40
P001298,Suresh Bose,m,1951-05-08,70520-34611,suresh.bose953@example.com,299731475952,Delhi,H03,2025-08-08 17:18:48
P001299,Sanjay Gupta,M,1980-10-15,649 918 6228,sanjay.gupta180@example.com,834779811949, Pune,H01,2025-04-03 16:24:29
P001300,  Meera Yadav ,F,28-Jul-1959,750 905 0321,meera.yadav665@example.com,449061021239,Mumbai,H02,2025-11-29 09:50:51
P001301,Nikhil Patil,M,01/12/2002,83774-56647,,342077741051,Chennai,H05,2025-01-26 17:18:58
P001302,  Jyoti Kulkarni ,F,08-Apr-1962,619 423 3835,jyoti.kulkarni382@example.net,412874316900,Chennai,H05,2025-11-08 15:58:32
P001303,Kavita Gupta,f,04-Mar-1941,+91-6911817234,kavita.gupta456@mail.example.com,566591138754,mumbai,H02,2025-06-11 12:39:00
P001304,Aarti Kulkarni,Female,17/03/1954,09329419777,aarti.kulkarni693.example.net,706763227803,Pune,H01,2025-06-11 10:13:30
P001305,Mansi Nair,Female,1998-04-12,09515111692,mansi.nair611@example.com,494604548817,Delhi,H03,2025-08-13 10:48:06
P001306,Ananya Mishra,F,2005-10-13,+91 74460 9827,ananya.mishra432@example.com,654638536603,delhi,H03,2025-06-29 20:09:23
P001307,Sneha Kapoor,female,04/03/1990,69561-82917,sneha.kapoor373@example.net,477455006230,MUMBAI ,H02,2025-10-03 08:02:42
P001308,Ananya Kapoor,F,01-Apr-1969,90066-81941,ananya.kapoor331@example.org,228641433962,Chennai,H05,2025-04-27 12:53:21
P001309,Ananya Patil,F,02/09/1974,70192-10772,ananya.patil561@example.com,711171806841,Delhi,H03,2025-01-05 20:41:21
P001310,Nikhil Naik,M,07/11/2000,8095057821,nikhil.naik641@example.com,215651144290,Delhi,H03,2025-10-13 10:13:42
P001311,Siddharth Nair,M,02-Aug-2005,+91-7221025837,siddharth.nair118@example.net,882812553589,Chennai,H02,2025-01-06 07:42:54
P001312,Rahul Bhatt,M,1993-01-20,8684754917,rahul.bhatt784@example.org,440789846656,Chandigarh ,H04,2025-07-23 12:37:40
P001313,Sanjay Pillai,Male,2016-08-08,+91 91405 59585,sanjay.pillai119@example.org,859312213529,Delhi,H03,2025-10-24 18:28:54
P001314,  Nikhil Desai ,Male,20-Jan-1983,+91 70834 99038,nikhil.desai541@example.org,573552206201,Bengaluru,H06,2025-05-18 07:48:54
P001315,Amit Naik,M,03-May-1973,09857155977,amit.naik569@mail.example.com,891704310466,Chennai,H05,2025-07-27 13:51:03
P001316,Manish Gowda,Male,1949-05-10,6720070528,manish.gowda943@example.org,751252190351,Mumbai,H03,2025-03-07 19:39:47
P001317,Karan Yadav,m,12/02/1974,62902-97360,karan.yadav430@mail.example.com,874406282282,Pune,H01,2025-10-09 10:27:47
P001318,Deepak Chopra,m,1997-11-11,08423799510,deepak.chopra762@mail.example.com,771526941299,New Delhi,H03,2025-02-25 12:51:41
P001319,Pallavi Gupta,F,1977-01-31,06140787733,pallavi.gupta839@example.com,797454442299, Pune,H01,2025-07-23 15:26:03
P001320,Suresh Thakur,M,11/07/1999,+91-7649816754,suresh.thakur976@example.net,693767969974,Mumbai,H02,2025-01-21 19:43:44
P001321,Yash Singh,M,24-Nov-1985,627 469 9288,yash.singh251@mail.example.com,893517477808,Pune,H01,2025-04-02 13:11:41
P001322,Jyoti Gowda,F,2004-03-07,6428238418,jyoti.gowda993@example.net,873634739300,PUNE ,H01,2025-04-16 12:49:37
P001323,Neha Rao,F,2016-11-14,64250-85965,neha.rao553@example.net,324278539558,Chennai,H05,2025-10-01 20:16:38
P001324,Rekha Jain,F,2019-12-15,76099-54364,rekha.jain881@example.net,279277296035,Bengaluru,H05,2025-09-08 15:25:53
P001325,Divya Bhatt,FEMALE,1994-10-29,+91 86334 90377,divya.bhatt692@example.net,442097696690,Bengaluru,H06,2025-10-21 11:36:35
P001326,Shweta Bhatt,F,1992-04-15,+91-7346694452,shweta.bhatt561@example.org,368627021513,Bengaluru,H06,2025-11-08 14:18:43
P001327,Sunita Chopra,F,2013-03-15,+91 95589 38923,sunita.chopra358@example.net,897126264247,Bengaluru,H06,2025-01-31 17:51:29
P001328,Mohit Nair,m,1989-10-17,+91-6289962623,mohit.nair588@mail.example.com,982091233719,Mumbai,H02,2025-03-17 16:09:14
P001329,Nisha Sharma,F,27/07/1975,9916872337,nisha.sharma360@example.com,644363623933,Pune,H01,2025-07-01 18:05:32
P001330,Aarti Verma,Female,1999-07-12,6259864771,aarti.verma977@example.net,346558309323,Pune,H01,2025-07-14 17:52:19
P001331,Ritu Thakur,f,11/08/1998,973 085 4046,ritu.thakur328@example.com,479698471308,Bengaluru,H06,2025-06-27 12:30:22
P001332,Rekha Patil,other,1944-11-15,+91-7436895182,rekha.patil885@example.org,826330058456,Bengaluru,H03,2025-06-23 10:21:20
P001333,Deepak Verma,Male,1980-07-04,8184806326,deepak.verma23@mail.example.com,393204303105,BANGALORE ,H06,2025-12-19 11:47:25
P001334,Prakash Mehta,M,20/06/2014,+91-6176720557,prakash.mehta848@example.org,792342231953,Chennai,H05,2025-10-12 15:13:18
P001335,Rekha Kapoor,f,2023-01-07,8263403499,rekha.kapoor175@example.com,916189747647,Mumbai,H02,2025-10-05 21:34:59
P001336,Aditya Gupta,male,01-Jun-2011,06922135514,aditya.gupta477@example.net,332724493829,Mumbai,H02,2025-02-20 08:13:30
P001337,Shweta Gupta,F,2007-07-13,637 683 9385,shweta.gupta318@mail.example.com,247945723746,Delhi,H03,2025-01-10 07:02:15
P001338,  Pallavi Naik ,F,2006-03-21,+91-8674658571,pallavi.naik826@mail.example.com,293104048448,DELHI,H03,2025-03-02 17:12:50
P001339,Aditya Agarwal,M,1989-12-11,696 883 7360,aditya.agarwal895@mail.example.com,249426024530,CHENNAI,H05,2025-10-05 20:57:27
P001340,Rohan Deshmukh,M,1948-05-05,+91 97156 21528,rohan.deshmukh498@,572774052848,Chandigarh,H04,2025-06-24 09:31:39
P001341,Tanvi Gupta,Female,1939-05-19,0903530879,,355518833616,Pune,H06,2025-07-21 14:47:11
P001342,Sunita Jain,F,1963-01-17,06150559308,sunita.jain80@mail.example.com,505950106496,Chennai,H05,2025-03-06 07:45:34
P001343,Rohan Shah,m,1951-07-05,9719401265,rohan.shah967@example.net,333450102802,Mumbai,H03,2025-01-09 17:18:53
P001344,Nisha Sharma,F,15/10/1984,910 854 6556,nisha.sharma295@mail.example.com,970885468288,Chennai,H05,2025-12-03 17:18:12
P001345,Ananya Bhatt,f,07/08/1942,611 588 8079,ananya.bhatt548@example.com,515891883967,Chennai,H05,2025-04-17 18:14:07
P001346,Sneha Nair,f,2004-07-28,815 969 8139,sneha.nair231@mail.example.com,670116874907,Bengaluru,H06,2025-03-13 20:16:19
P001347,Nisha Kapoor,female,01/12/1996,90190-08267,,324033933848,CHENNAI,H05,2025-12-10 12:07:24
P001348,Yash Gowda,M,02-Feb-1977,8709097770,yash.gowda304@mail.example.com,847725334300,Delhi,H03,2025-09-04 10:51:36
P001349,Priya Patil,F,06-Dec-1995,8861053647,priya.patil761@mail.example.com,737825339242,Chandigarh,H04,2025-09-22 08:46:00
P001350,Harsh Bose,M,05-Dec-1997,+91-9453064587,harsh.bose123@example.net,842405711034,Bengaluru,H06,2025-01-13 13:01:34
P001351,  Ananya Gupta ,F,21/08/1942,07828447920,ananya.gupta885@example.com,258054551444,Chennai,H05,2025-01-16 17:38:45
P001352,Meera Shah,F,13-Feb-1991,08990733672,meera.shah720@mail.example.com,259883175061,Bengaluru,H05,2025-02-02 18:06:25
P001353,Divya Kapoor,F,14-Jun-2015,959 933 8467,divya.kapoor778@example.org,628012367674,Bengaluru,H06,2025-08-16 11:29:06
P001354,Isha Malhotra,F,1949-06-06,08810478583,isha.malhotra11@example.net,694715321412,Chennai,H05,2025-12-30 20:27:14
P001355,Isha Bhatt,F,25-Apr-1994,+91-751694313,isha.bhatt491@mail.example.com,281295828030,delhi,H03,2025-08-19 10:18:07
P001356,Rajesh Pandey,M,1964-07-07,+91 91743 96089,rajesh.pandey871@mail.example.com,942359082737,MUMBAI ,H06,2025-05-01 10:17:29
P001357,Kunal Pillai,MALE,2001-09-10,898 538 0154,kunal.pillai378@example.com,340761326965,Delhi,H01,2025-07-22 15:14:41
P001358,Shweta Sharma,F,02-Aug-1990,+91-7292815974,shweta.sharma246@example.net,870882244275,Mumbai,H02,2025-04-11 19:09:07
P001359,Vikram Menon,male,1972-12-29,+91 93045 6581,vikram.menon926@example.net,687099643518,delhi,H03,2025-07-26 20:46:47
P001360,Anil Thakur,M,1994-09-25,8863221281,anil.thakur135@,917107112646,Chandigarh,H04,2025-10-16 07:55:15
P001361,Neha Desai,F,1998-07-01,+91-6322581022,neha.desai878@example.org,583502931439,Mumbai,H02,2025-12-21 21:42:24
P001362,Neha Kulkarni,Female,1994-03-13,08787683570,neha.kulkarni444@example.com,900916729406,MUMBAI ,H02,2025-09-28 11:32:05
P001363,Arjun Thakur,M,28-Aug-1993,727 858 7823,arjun.thakur460@example.com,571996892529,Bengaluru,H06,2025-01-10 09:16:37
P001364,Anil Desai,male,02-Jul-1937,9746250477,anil.desai13@example.net,602058097049,Mumbai,H02,2025-11-28 14:05:40
P001365,Pooja Mishra,F,16/08/1955,86984-67232,pooja.mishra185@example.org,970994067305,CHENNAI,H05,2025-12-22 20:15:09
P001366,Karan Nair,M,2008-01-28,09789904567,karan.nair788@example.net,348205493266,Delhi,H03,2025-05-01 07:06:16
P001367,Rekha Sharma,F,2006-04-21,07791678154,rekha.sharma825@example.net,621955271574,Bengaluru,H06,2025-01-16 12:35:44
P001368,Bhavna Yadav,FEMALE,04/06/1996,8457061073,bhavna.yadav503@example.org,974821343531,Mumbai,H02,2025-02-26 11:08:20
P001369,Mohit Gowda,m,07-Feb-1982,8015358197,mohit.gowda576@example.com,384674894698,New Delhi,H03,2025-09-04 19:55:13
P001370,Rajesh Thakur,MALE,1970-11-20,603 886 0373,rajesh.thakur161@example.net,919733152584,chandigarh,H04,2025-07-04 11:44:53
P001371,Siddharth Chopra,Male,1970-08-04,+91 65369 46726,siddharth.chopra507@mail.example.com,802204342320,Chennai,H05,2025-06-26 14:41:33
P001372,Prakash Reddy,M,1983-10-25,81006-67910,prakash.reddy511@example.com,829418848330,Chandigarh ,H04,2025-03-10 19:47:18
P001373,Jyoti Gowda,F,1949-08-16,7116252091,jyoti.gowda843@example.org,617331770250,Delhi,H03,2025-04-28 07:36:19
P001374,Swati Pandey,Female,2023-07-14,09661223301,swati.pandey177@example.org,422021599406, Pune,H01,2025-03-17 17:54:52
P001375,  Sanjay Sharma ,Male,25/05/2014,08318516361,sanjay.sharma352@example.net,893161423114,Chennai,H03,2025-09-28 15:15:24
P001376,Rajesh Verma,M,1955-10-16,+91 65746 31088,rajesh.verma184@example.com,689785302315,pune,H01,2025-12-07 20:04:18
P001377,Sunita Agarwal,F,1947-03-30,+91-9374716791,sunita.agarwal151@mail.example.com,477246859372,Chandigarh,H04,2025-07-19 07:54:19
P001378,Pooja Chopra,Female,08/04/2003,06049259843,pooja.chopra513@example.com,978741615021,Chennai,H05,2025-05-10 11:45:23
P001379,Anil Shah,M,20-Sep-1957,62151-82520,anil.shah571@mail.example.com,782378627514,CHANDIGARH,H04,2025-10-03 09:51:15
P001380,Sunita Malhotra,female,27/01/1982,7917040474,sunita.malhotra564@mail.example.com,694786782572, Pune,H01,2025-03-31 17:36:18
P001381,Rajesh Pillai,M,1961-09-20,6911832198,rajesh.pillai713@example.com,335253742231,Chennai,H05,2025-11-03 16:27:27
P001382,Rahul Nair,male,21-Sep-1981,6822105704,rahul.nair273@example.org,279578428213,Pune,H04,2025-05-28 18:07:00
P001383,Shweta Desai,F,01/05/1980,+91-7007943805,shweta.desai453@example.org,846288469078,Bengaluru,H06,2025-01-14 11:50:59
P001384,Pooja Sharma,Female,27/08/1992,65670-91200,pooja.sharma627@example.com,243473442343,Chennai,H05,2025-02-28 07:59:58
P001385,Nikhil Singh,MALE,10/04/1956,79592-25430,nikhil.singh39@mail.example.com,734990918176,Chandigarh ,H04,2025-04-27 09:39:56
P001386,Radhika Reddy,F,03-Nov-1940,8906485720,radhika.reddy441@example.com,508170428599,Chennai,H05,2025-11-15 14:06:16
P001387,  Shruti Kapoor ,female,1943-01-07,+91-7387704344,shruti.kapoor791@mail.example.com,246400460577,Bengaluru,H06,2025-03-03 18:59:06
P001388,Radhika Thakur,F,23/08/2019,8369779162,radhika.thakur548@example.org,903787276334,DELHI,H03,2025-05-03 16:04:12
P001389,Anil Mishra,M,1945-11-21,88940-38979,anil.mishra623@mail.example.com,860087803672,Madras,H05,2025-04-29 17:40:36
P001390,Anil Mishra,M,01/07/2001,9318539294,anil.mishra308@example.net,598124671920,Madras,H05,2025-09-08 11:47:06
P001391,Sunita Jain,F,2020-09-25,+91-6553589549,sunita.jain373@example.com,551882442745,Delhi,H03,2025-05-18 12:50:49
P001392,Nisha Kapoor,F,1954-10-03,0804593971,nisha.kapoor427@example.org,307515227507,Pune,H01,2025-11-06 16:56:11
P001393,Jyoti Thakur,Female,03/05/1996,868 067 9150,jyoti.thakur195@example.com,772957435993,delhi,H02,2025-05-29 11:59:34
P001394,  Sunita Menon ,FEMALE,1993-10-12,74584-64880,sunita.menon627@example.com,819634697557,Mumbai,H02,2025-01-08 15:38:52
P001395,Anjali Gowda,Female,04/04/2006,+91 80402 93443,anjali.gowda861@example.com,603046020720,Bengaluru,H06,2025-10-18 16:53:49
P001396,  Neha Joshi ,f,11/04/1949,+91 82022 85170,neha.joshi267@mail.example.com,783580955606,Bengaluru,H05,2025-04-29 21:50:15
P001397,Aarti Iyer,F,1959-12-22,7086357691,,892864740525,Chennai,H05,2025-12-01 18:45:20
P001398,Tanvi Jain,F,1992-03-15,+91-9422134986,tanvi.jain553@example.org,953374274541,Bangalore,H01,2025-01-12 14:56:36
P001399,Yash Sharma,MALE,1991-11-06,07638355724,yash.sharma594@example.com,654156691147,Delhi,H03,2025-09-30 09:34:24
P001400,Aarti Reddy,female,1964-01-11,07203741602,aarti.reddy158@,375356412920,Bengaluru,H06,2025-04-05 14:20:02
P001401,Gaurav Deshmukh,M,15/04/1976,96791-31873,gaurav.deshmukh741@mail.example.com,777495180165,Bengaluru,H06,2025-02-09 08:27:08
P001402,Anil Iyer,Male,1990-02-15,88800-79314,anil.iyer555@example.org,796949484190,BANGALORE ,H05,2025-06-02 12:34:47
P001403,Mohit Malhotra,Male,1949-06-07,+91 81713 02443,mohit.malhotra271@example.net,551782446915,Pune,H01,2025-07-31 14:07:36
P001404,Sunita Joshi,Female,1949-04-24,793 562 8611,sunita.joshi162.example.com,960575250083,BANGALORE ,H06,2025-07-11 20:32:35
P001405,Sanjay Kulkarni,M,23-Jun-1986,99240-66399,sanjay.kulkarni817@example.com,952735185842,bengaluru,H06,2025-02-05 13:12:55
P001406,Vikram Rao,M,20-Nov-1997,822 732 7954,vikram.rao79@mail.example.com,811209497909,Delhi,H03,2025-02-07 10:03:11
P001407,Shweta Iyer,F,31/08/2022,+91-6239304349,shweta.iyer732@example.com,507693488368,BANGALORE ,H06,2025-09-30 18:50:16
P001408,Kunal Mishra,MALE,15-Oct-1986,+91-7274110167,kunal.mishra306@mail.example.com,235473701323,Mumbai,H02,2025-01-11 16:07:12
P001409,Isha Kapoor,Female,13/02/2022,+91-7138837821,isha.kapoor170@example.com,662474544665,Delhi,H03,2025-02-20 07:44:21
P001410,Sandeep Yadav,,31/07/2000,7270915398,sandeep.yadav265@example.com,334485246337,Chandigarh,H04,2025-05-09 12:17:37
P001411,Aditya Gowda,Male,1974-10-23,07893805188,aditya.gowda798@mail.example.com,441395971875,Pune,H01,2025-12-02 14:43:53
P001412,Jyoti Shah,F,1973-10-10,752 161 7389,jyoti.shah807@example.org,272265276364,Delhi,H03,2025-12-04 12:01:12
P001413,Rohan Thakur,m,1990-07-19,+91 84523 63560,rohan thakur538@mail.example.com,273237686362,Chennai,H05,2025-02-27 08:45:01
P001414,Gaurav Bhatt,M,05/12/1972,+91-8264912617,gaurav.bhatt358@example.com,216892131503,Delhi,H03,2025-01-21 12:14:10
P001415,  Anil Kulkarni ,M,15/08/1958,+91-6461802854,anil.kulkarni672.example.net,499366148175,delhi,H03,2025-10-03 13:04:41
P001416,Varun Bose,male,2010-04-17,+91 84910 21504,varun.bose399@example.net,964085655661,Mumbai,H02,2025-05-02 17:29:45
P001417,Sandeep Pandey,Male,1935-01-27,8984453137,sandeep.pandey790@example.org,992361473429,Pune,H01,2025-12-12 17:16:51
P001418,Sunita Iyer,F,1991-01-31,6269162902,sunita.iyer550@mail.example.com,811906085335,pune,H01,2025-09-25 08:08:34
P001419,Rohan Iyer,MALE,1969-11-20,+91-7190610591,rohan.iyer462@mail.example.com,866678223649,Chandigarh,H04,2025-12-01 15:39:41
P001420,Arjun Agarwal,male,31/07/1940,978 395 1087,arjun.agarwal310@example.org,962931595412,Delhi,H03,2025-10-28 13:51:28
P001421,  Siddharth Gupta ,M,1977-02-07,+91-7155565664,siddharth.gupta578@example.net,259770665229,CHANDIGARH,H04,2025-11-30 13:15:44
P001422,Neha Patil,F,2010-03-11,618 785 3133,neha.patil186@example.org,584138635280,Chandigarh,H04,2025-01-09 21:57:44
P001423,Rajesh Yadav,M,1940-02-15,+91-9888082279,rajesh.yadav712@example.com,231742731944,PUNE ,H01,2025-08-15 20:05:37
P001424,Shruti Pillai,F,27/07/1971,+91 97753 83628,shruti.pillai688@mail.example.com,283154563243,Delhi,H06,2025-05-15 14:54:11
P001425,Kavita Mishra,Female,1981-07-30,+91-7591790108,kavita.mishra252@example.com,365794242468,Bengaluru,H06,2025-01-10 14:24:17
P001426,Amit Reddy,m,1968-12-22,+91-8689296601,amit.reddy92@example.com,386561940619,Mumbai,H02,2025-09-24 13:03:28
P001427,Swati Thakur,f,1960-09-28,9404686917,swati.thakur21@example.com,651883092843,Chandigarh,H04,2025-03-06 18:40:40
P001428,Aditya Pandey,M,16-Jun-1962,09152273831,aditya.pandey145@example.net,394561867262,Chennai,H03,2025-03-20 09:56:32
P001429,Ritu Sharma,F,2004-05-15,+91-6578605711,ritu.sharma494@mail.example.com,655261240175,Chandigarh,H01,2025-07-21 07:51:12
P001430,Kunal Yadav,O,14-Dec-2015,07856782371,kunal.yadav340@example.net,535315884136,DELHI,H03,2025-01-26 09:50:52
P001431,Mohit Mehta,male,03-Sep-2009,748 071 7692,mohit.mehta848@example.org,679572388183,Delhi,H03,2025-08-18 17:02:32
P001432,Karan Agarwal,Male,2002-02-02,+91 60222 82672,karan.agarwal920@mail.example.com,567412068645,chandigarh,H04,2025-08-23 09:02:48
P001433,Rohan Kulkarni,M,23/04/1940,+91-8620232134,rohan.kulkarni322@example.com,297520898281,Bengaluru,H06,2025-05-21 10:29:24
P001434,Kavita Patil,F,1963-04-26,81310-40548,kavita.patil160@example.org,257791978707,CHANDIGARH,H02,2025-09-05 11:43:58
P001435,Manish Patil,male,13-Jun-1947,+91-8385420263,manish.patil387@mail.example.com,236897174100,Chennai,H05,2025-04-18 14:05:22
P001436,Siddharth Iyer,m,1967-11-21,08274786646,siddharth.iyer364@example.com,840484201611,Delhi,H03,2025-08-18 17:05:55
P001437,Tanvi Kulkarni,F,25/06/1974,+91 73372 47519,tanvi.kulkarni316@mail.example.com,372892202691,Chandigarh,H04,2025-08-02 18:41:50
P001438,Neha Gupta,F,1975-10-23,6413853023,neha.gupta129@mail.example.com,316706811924,Bengaluru,H05,2025-06-19 08:46:31
P001439,Siddharth Mishra,m,1976-08-11,81852-82337,siddharth.mishra131@example.org,992522315551,Madras,H05,2025-05-16 14:20:12
P001440,Sanjay Shah,M,2022-07-23,96318-73116,sanjay.shah141@example.net,537468869852,Mumbai,H02,2025-03-21 13:35:47
P001441,Yash Pillai,M,1947-10-09,6105376939,yash.pillai215@example.com,201742762171,Pune,H01,2025-10-24 07:33:07
P001442,Tushar Bhatt,male,1970-04-09,+91-6451840214,tushar.bhatt667@example.org,318266161288,Mumbai,H02,2025-06-16 07:19:44
P001443,Anil Iyer,male,1992-12-03,+91 69371 97790,anil.iyer529@example.com,463150892130,Bangalore,H06,2025-03-20 09:59:16
P001444,Ananya Chopra,F,22/05/1959,+91 62545 01872,ananya.chopra771@example.org,913130494725,Bombay,H02,2025-01-25 19:55:13
P001445,Amit Kapoor,MALE,1963-04-30,7979860816,amit.kapoor252@mail.example.com,960098109555,Chennai,H05,2025-12-30 12:03:35
P001446,Mohit Rao,Male,1995-10-15,701 539 9075,mohit.rao568@example.com,939518143979,Mumbai,H02,2025-01-17 15:29:38
P001447,Priya Malhotra,Female,2022-09-27,+91-6713275151,priya.malhotra835@example.com,462071200686,Bengaluru,H06,2025-04-08 08:44:02
P001448,Komal Rao,F,2006-11-19,6322104296,komal.rao45@example.com,247867525299,Delhi,H03,2025-08-15 19:03:24
P001449,Sandeep Yadav,M,1981-01-15,663 686 397,sandeep.yadav676@mail.example.com,838419245945,DELHI,H02,2025-03-14 16:52:35
P001450,Sneha Jain,FEMALE,1962-06-30,9830201142,sneha.jain506@example.org,877795012767,Delhi,H03,2025-11-29 10:59:38
P001451,Ritu Mishra,O,19/06/1993,75388-6310,ritu.mishra314@example.org,907975192804,Pune,H01,2025-10-05 07:35:33
P001452,Anjali Gupta,FEMALE,25-Oct-2005,+91 90832 16549,anjali.gupta418@example.org,280950235964,Mumbai,H02,2025-02-12 20:20:03
P001453,Sneha Desai,F,1970-11-28,08761285631,sneha.desai892@example.org,822918181105,Delhi,H05,2025-01-10 08:11:06
P001454,Ritu Rao,F,06/10/1959,7351790810,ritu.rao372@example.com,833158939342,chennai,H05,2025-09-29 17:15:54
P001455,Tanvi Reddy,F,01/08/1957,95097-23800,tanvi.reddy41@example.com,907580605893,Chennai,H05,2025-04-18 08:25:31
P001456,Meera Chopra,FEMALE,1937-08-06,66768-83750,meera.chopra593@example.net,498677519506,Bengaluru,H06,2025-12-18 21:58:45
P001457,Meera Kapoor,Female,1990-10-14,+91 69826 87386,meera.kapoor647@,938866075516, Pune,H01,2025-05-03 07:52:58
P001458,Harsh Deshmukh,M,26/07/1974,+91 96909 49246,harsh.deshmukh392@example.net,238581502102,Chandigarh,H04,2025-06-27 13:36:21
P001459,Deepak Pandey,Male,1938-05-31,+91 76904 77754,deepak.pandey318@mail.example.com,235903218582,Chennai,H05,2025-09-13 17:51:09
P001460,Harsh Thakur,male,2004-05-07,08958656929,harsh.thakur371@example.org,915293624680,Delhi,H03,2025-06-24 17:22:43
P001461,Shruti Menon,Female,2000-10-02,+91 93454 57712,shruti.menon90@example.net,762352657346,Chennai,H05,2025-06-13 18:43:16
P001462,Rajesh Chopra,MALE,1970-07-18,864 793 1342,rajesh.chopra494@,525211460685,Chennai,H05,2025-04-17 16:42:12
P001463,Komal Pillai,Female,01-Sep-1950,984525137,komal.pillai554@mail.example.com,291459339817,Bengaluru,H06,2025-09-19 08:58:24
P001464,Sneha Naik,FEMALE,1998-10-29,+91-6169403578,sneha.naik247@example.net,558658836987,mumbai,H02,2025-09-18 18:33:56
P001465,Sunita Deshmukh,FEMALE,1960-08-22,65102-00353,sunita.deshmukh714@example.com,328312938622,delhi,H03,2025-11-21 10:31:45
P001466,Mohit Shah,M,06/09/1964,94921-45804,mohit.shah94@example.net,285441828627,Chennai,H05,2025-10-09 15:46:09
P001467,Rekha Agarwal,F,1946-04-03,74713-95810,rekha.agarwal183@mail.example.com,666798618775,pune,H01,2025-09-26 18:47:52
P001468,Swati Patil,F,1969-06-30,961 705 4648,swati.patil744@example.com,551301618584,DELHI,H03,2025-01-21 10:30:34
P001469,Komal Malhotra,F,13/09/1949,84995-88007,komal.malhotra70@example.net,912156010547,Mumbai,H03,2025-07-28 12:24:10
P001470,Siddharth Gupta,M,2016-03-12,+91 98282 21723,siddharth.gupta758@mail.example.com,267988765632,bengaluru,H06,2025-03-04 17:55:42
P001471,Pranav Mishra,M,09-Aug-2010,944 741 6044,pranav.mishra733@example.com,385824359803,Chennai,H05,2025-11-30 15:30:29
P001472,Sanjay Kapoor,MALE,2013-11-25,9237245587,sanjay.kapoor825@example.com,906217439762,chennai,H05,2025-08-30 18:45:31
P001473,Vikram Yadav,M,2011-11-28,870 852 5240,vikram.yadav496@example.org,230747431202,Bengaluru,H06,2025-02-09 12:50:45
P001474,Priya Gupta,F,1965-05-15,+91-8856709745,priya.gupta128@example.net,765086616962, Pune,H05,2025-07-28 18:53:12
P001475,Siddharth Rao,M,01/07/1960,970 942 6687,siddharth.rao674@example.com,368931417263,Chandigarh,H04,2025-11-08 09:19:04
P001476,Sunita Chopra,Female,28/03/1984,+91 63869 52100,sunita.chopra852@mail.example.com,337714053530,Delhi,H03,2025-04-17 09:00:39
P001477,Radhika Desai,f,1960-10-28,83576-20214,radhika.desai882@example.com,688250149024,New Delhi,H03,2025-02-10 13:19:24
P001478,Neha Mishra,f,1984-04-17,09398047073,neha.mishra92@mail.example.com,593429598926,Pune,H05,2025-08-27 13:41:34
P001479,Amit Bose,M,31/08/1998,06546266228,amit.bose70@mail.example.com,831750957818,CHENNAI,H05,2025-10-10 16:59:25
P001480,Sunita Shah,F,13-Jun-1991,+91 98034 76576,sunita.shah716@mail.example.com,514385159982,Pune,H02,2025-10-15 18:18:57
P001481,Rajesh Pandey,M,02-Feb-1973,8868879114,rajesh.pandey472@,477088822795,Bangalore,H06,2025-09-03 18:42:16
P001482,Kavita Jain,F,2021-03-02,+91 65974 90813,kavita.jain450@example.com,823006128090,bengaluru,H06,2025-08-24 21:02:02
P001483,Swati Menon,Female,1948-12-22,72128-41491,swati.menon249@example.net,840379705381,Mumbai,H02,2025-07-23 11:42:05
P001484,Vikram Verma,M,27/02/1963,748 481 972,vikram.verma562@example.net,869404008504,Chandigarh,H04,2025-03-22 11:20:47
P001485,Nisha Thakur,F,20/04/1973,65423-61871,nisha.thakur428@mail.example.com,947837833339,MUMBAI ,H02,2025-08-23 16:14:37
P001486,Rahul Mehta,M,1970-05-15,+91-6408266251,rahul.mehta287@example.com,666965633592,Mumbai,H02,2025-01-29 08:48:09
P001487,Rohan Kulkarni,M,25/03/1982,+91-6676762773,rohan kulkarni218@example.org,451810395515,Bengaluru,H06,2025-09-21 11:34:41
P001488,Siddharth Kulkarni,M,1980-06-19,70058-31003,siddharth.kulkarni746@mail.example.com,362055175143,CHENNAI,H05,2025-05-25 10:42:02
P001489,Deepak Menon,MALE,1998-02-23,+91 70024 99308,deepak.menon107@example.com,260989494513,Pune,H03,2025-02-16 16:23:36
P001490,Yash Desai,M,1999-06-26,+91-7456116053,yash.desai245@mail.example.com,200229800125,BANGALORE ,H06,2025-10-03 12:34:32
P001491,Vikram Patil,M,17-Aug-1999,07386947900,vikram.patil133@example.org,959190817396,Delhi,H03,2025-12-09 19:12:10
P001492,Rajesh Kulkarni,m,02/03/1971,9518954176,rajesh.kulkarni246@example.org,340982513584,Chandigarh,H04,2025-03-13 15:34:51
P001493,Pranav Shah,m,1998-03-06,753 309 8579,pranav.shah130@example.org,480312635909,CHANDIGARH,H04,2025-12-14 19:16:56
P001494,Aditya Deshmukh,M,11/10/1968,+91 92767 77633,aditya.deshmukh776@mail.example.com,584777237395,Pune,H01,2025-07-23 09:55:52
P001495,Anil Chopra,M,20-Oct-1997,7180616467,anil.chopra666@example.org,447265199359,New Delhi,H03,2025-09-27 13:39:42
P001496,Komal Malhotra,F,2020-10-12,96356-21629,komal.malhotra388@mail.example.com,453389078316,Chandigarh,H04,2025-12-07 21:59:56
P001497,Nikhil Pandey,Male,1935-09-25,6388245798,nikhil.pandey719@example.org,619334786453,Chennai,H05,2025-08-12 12:04:18
P001498,Yash Pandey,MALE,05-May-1947,+91 84229 29942,yash.pandey903@mail.example.com,474512058672,Chandigarh,H04,2025-04-25 12:14:48
P001499,Deepak Sharma,O,2006-05-27,75213-22205,deepak.sharma426@example.org,214597356828,pune,H01,2025-05-31 10:49:20
P001500,Kunal Bose,m,06-Aug-2025,09780251249,kunal.bose605@mail.example.com,501292337682,Delhi,H03,2025-09-02 10:01:41
P001501,Meera Iyer,F,14-Jan-1975,+91-8002335424,meera.iyer693@example.org,206006499831,DELHI,H03,2025-05-27 19:06:14
P001502,  Rohan Iyer ,M,06/01/1974,+91 76145 77133,rohan.iyer914@example.com,250748043123,Pune,H01,2025-03-21 15:36:13
P001503,Pranav Pillai,m,1939-09-06,+91-7178520435,pranav.pillai856@example.net,640270181069, Pune,H01,2025-06-03 08:13:07
P001504,Nisha Jain,Female,1940-05-06,07022304537,nisha.jain645@example.com,999746838523,Delhi,H03,2025-06-01 12:40:34
P001505,Suresh Gupta,M,20/10/2024,923 256 8233,suresh.gupta643@example.net,322941401938,Chandigarh,H02,2025-07-23 14:49:59
P001506,Pranav Deshmukh,M,1977-10-08,+91-8277821882,pranav deshmukh916@example.org,912114797392,BANGALORE ,H06,2025-07-12 18:33:29
P001507,Sanjay Malhotra,M,1945-05-09,+91-8112378904,sanjay.malhotra250@mail.example.com,569474442047,Pune,H01,2025-07-17 19:01:01
P001508,Isha Mehta,F,10/03/2011,88307-3377,isha.mehta863@example.org,269542495450,Mumbai,H02,2025-04-06 18:00:29
P001509,  Arjun Agarwal ,Male,22/05/1999,74735-56928,arjun.agarwal486@example.net,871939545057,Delhi,H03,2025-08-20 16:03:37
P001510,Ritu Yadav,F,2008-08-28,08209301624,ritu.yadav443@example.com,249512852136,Pune,H01,2025-05-02 10:55:08
P001511,  Siddharth Nair ,M,1986-05-01,08963764567,siddharth.nair898@example.net,355760408479,Chandigarh,H04,2025-05-16 20:31:25
P001512,Meera Gowda,female,17/05/2000,+91 86841 89488,meera.gowda45@example.com,422915945451,Mumbai,H02,2025-04-29 10:34:35
P001513,Aarti Pandey,FEMALE,2022-07-07,+91-8288131095,aarti.pandey39@mail.example.com,790747150148, Pune,H01,2025-09-03 13:14:20
P001514,Swati Thakur,F,1966-12-21,+91 63253 44590,swati.thakur921@example.org,792650803516,bengaluru,H06,2025-11-20 15:45:24
P001515,Rajesh Mishra,Male,1968-07-08,+91-7409396162,rajesh.mishra334@example.com,873449573138,chennai,H05,2025-09-22 09:58:11
P001516,Arjun Mehta,M,04/04/1959,06780287551,arjun.mehta232@example.net,756425366061,mumbai,H02,2025-01-24 19:37:10
P001517,Suresh Reddy,Male,12/03/1999,+91-9174656568,suresh.reddy408@example.com,509869662505,Mumbai,H06,2025-12-03 10:39:18
P001518,Shweta Bose,f,2021-01-06,835 664 7342,shweta.bose707@example.com,239947226845,Delhi,H03,2025-04-30 08:48:42
P001519,Kunal Gupta,M,2007-12-14,07115352655,kunal.gupta668@example.org,946060161642,Chennai,H05,2025-08-02 19:20:38
P001520,Bhavna Thakur,F,1982-11-17,+91-7391893677,bhavna.thakur689@example.net,782883677080,Mumbai,H02,2025-05-07 07:38:59
P001521,Amit Menon,m,2010-05-01,07793838924,amit.menon274@mail.example.com,441937627888,Bangalore,H06,2025-03-28 13:47:23
P001522,Yash Naik,M,1990-06-04,79022-00248,yash.naik386@mail.example.com,531479570022,Madras,H05,2025-08-09 11:26:42
P001523,Prakash Jain,MALE,1959-11-10,9810193388,prakash.jain361@example.org,419481732205,Chennai,H05,2025-06-07 15:38:03
P001524,Siddharth Gowda,MALE,27/12/1995,+91-6259234888,siddharth.gowda398@example.net,392246276622,Pune,H06,2025-09-20 17:23:05
P001525,Rahul Desai,M,1970-03-24,888 203 2002,rahul.desai174@example.net,551079820195,chennai,H05,2025-09-14 18:16:58
P001526,Rahul Deshmukh,M,04-Nov-2025,0892128369,rahul.deshmukh844@example.net,847773847002,Mumbai,H05,2025-05-22 18:05:05
P001527,Kunal Malhotra,M,2024-02-22,64627-86815,kunal.malhotra371@mail.example.com,498999775949,bengaluru,H06,2025-01-30 18:13:31
P001528,Radhika Yadav,female,2016-12-19,07033008640,radhika.yadav992@,611134642593,Pune,H06,2025-03-27 15:52:25
P001529,Tanvi Shah,f,1999-10-14,822 520 7148,tanvi.shah456@example.org,492893175825,Chandigarh,H04,2025-10-16 09:43:28
P001530,Meera Singh,F,1938-11-13,+91 72053 14087,meera.singh194@example.org,364519052680,Chennai,H05,2025-08-05 11:27:40
P001531,Sunita Kapoor,FEMALE,06/07/1975,645 553 1765,sunita.kapoor724@example.com,234030052541,DELHI,H05,2025-10-03 08:33:36
P001532,Sandeep Yadav,Male,1994-11-30,7363229999,sandeep.yadav755@example.net,972036707589,delhi,H03,2025-08-15 08:27:01
P001533,Harsh Mehta,MALE,2005-11-05,+91 79910 60937,harsh.mehta492@mail.example.com,280153774472,Chandigarh,H04,2025-12-21 08:54:59
P001534,Deepak Mehta,m,1945-05-28,7636160910,deepak.mehta87@example.org,656931244007,Chennai,H05,2025-01-11 14:33:28
P001535,Prakash Mishra,M,1962-06-27,989 119 7810,prakash.mishra136@example.org,206450945865,Bangalore,H06,2025-05-16 18:17:35
P001536,Anil Naik,O,1990-02-23,95617-87884,anil.naik872@example.org,589863433646,Chennai,H05,2025-12-24 17:04:27
P001537,Pallavi Deshmukh,F,1936-08-19,978 909 2315,pallavi.deshmukh440@example.net,824678342946,Chennai,H05,2025-11-06 13:05:04
P001538,Sandeep Bose,MALE,25/01/1937,+91-9554484191,sandeep.bose645@mail.example.com,379124553314,Mumbai,H02,2025-11-01 18:00:29
P001539,Komal Shah,F,26-Mar-1965,8580416696,komal.shah892@example.com,435543055738,Chandigarh,H04,2025-11-16 14:26:44
P001540,Arjun Bhatt,M,1978-04-14,903 069 2586,arjun.bhatt14@example.com,907899437369,Delhi,H03,2025-06-07 18:45:39
P001541,Rajesh Singh,M,28/10/1944,07062825311,rajesh.singh374@example.org,229044921436,Mumbai,H02,2025-05-28 16:06:57
P001542,Kunal Agarwal,male,06-Dec-1940,7473534089,kunal.agarwal604@mail.example.com,854014275360,Chandigarh,H04,2025-06-22 10:45:27
P001543,Isha Iyer,FEMALE,1983-02-12,96921-59924,isha.iyer888@example.com,363962954100,Delhi,H03,2025-05-11 07:07:16
P001544,Mansi Malhotra,F,24/01/1981,803 560 4684,mansi.malhotra988@example.org,556873162984,Chandigarh ,H04,2025-02-04 21:44:15
P001545,Yash Patil,M,1974-04-01,938 189 0608,yash.patil255@example.net,587958191729,New Delhi,H03,2025-09-17 12:07:07
P001546,Sunita Deshmukh,f,2001-01-04,9864663234,sunita.deshmukh216@example.com,784686158189,Mumbai,H02,2025-09-29 17:35:33
P001547,Pallavi Deshmukh,F,1963-03-02,+91 76443 38257,pallavi.deshmukh150@example.com,356658280416,Chennai,H06,2025-11-19 18:18:32
P001548,Isha Rao,Female,1982-02-20,94032-37138,isha.rao695@example.org,431455217501,Chandigarh,H04,2025-02-15 20:48:52
P001549,Pallavi Malhotra,Female,1989-04-17,+91 84270 8991,pallavi.malhotra518@example.org,802042817232,Mumbai,H02,2025-07-23 11:52:09
P001550,Rahul Menon,M,27/10/1937,+91 83677 75533,rahul.menon405@mail.example.com,469120351170,Pune,H01,2025-11-16 20:41:21
P001551,Arjun Chopra,Male,26/03/2019,613 186 6169,arjun.chopra505@mail.example.com,513458292095,Mumbai,H02,2025-02-14 12:32:22
P001552,Amit Verma,male,07/12/1967,807 496 2107,amit.verma25@mail.example.com,977899691251,New Delhi,H04,2025-10-28 08:59:18
P001553,Harsh Desai,M,1995-05-10,897 148 2717,harsh.desai554@example.org,663295194281,Bengaluru,H06,2025-06-20 12:27:43
P001554,Sanjay Chopra,M,20/08/1957,6711677976,sanjay.chopra162@example.net,796575191933,Chandigarh,H04,2025-08-15 20:37:43
P001555,Jyoti Naik,F,1966-09-21,06925811400,jyoti.naik206@,819783131145,delhi,H03,2025-06-25 15:29:53
P001556,Radhika Gupta,f,15/11/2023,+91-7637098956,radhika.gupta62@example.com,419776200313,MUMBAI ,H06,2025-09-05 10:19:21
P001557,Rahul Malhotra,MALE,20/10/1969,91183-25441,rahul.malhotra315@,558028464553,Delhi,H02,2025-06-08 13:12:45
P001558,Harsh Kapoor,M,1936-06-03,+91-7324753969,harsh.kapoor848@example.net,605647795036,Chennai,H05,2025-04-30 15:34:29
P001559,Aditya Desai,Male,1939-01-15,7033734647,aditya.desai714@example.com,544708105540,mumbai,H02,2025-08-14 11:43:49
P001560,Sanjay Mishra,M,2017-10-23,+91 65642 76398,sanjay.mishra143@example.net,936614807728,Madras,H05,2025-05-18 21:17:24
P001561,Isha Yadav,FEMALE,1995-02-14,+91-7548619867,isha.yadav61@example.org,245820952015,Bengaluru,H02,2025-02-08 10:43:27
P001562,Aarti Naik,F,1972-05-08,8193560859,aarti.naik544@example.net,526699916891,Mumbai,H02,2025-11-01 20:05:27
P001563,Rekha Mishra,f,1961-07-21,8510740378,rekha.mishra564@example.com,340756314800,Bengaluru,H06,2025-02-16 19:18:57
P001564,Sanjay Joshi,MALE,1940-02-23,712656820,sanjay.joshi524@mail.example.com,474304042784,Pune,H01,2025-01-20 21:58:20
P001565,Siddharth Kapoor,M,1998-11-03,+91-8468273183,siddharth.kapoor663@example.net,964772624498,MUMBAI ,H02,2025-03-19 14:25:20
P001566,Isha Naik,F,1993-04-03,+91-941147546,isha.naik978@mail.example.com,615780569009,bengaluru,H02,2025-07-13 21:55:57
P001567,Vikram Agarwal,M,29/10/1937,9166917301,vikram.agarwal372@example.org,659088315014,Bengaluru,H06,2025-11-21 12:57:49
P001568,Varun Gowda,M,02-Oct-1958,71851-43537,varun.gowda731@mail.example.com,459923772882,Delhi,H03,2025-10-14 19:10:23
P001569,Rajesh Bhatt,O,1998-02-05,6506189786,,819064903681,Delhi,H03,2025-08-10 08:34:52
P001570,Harsh Pandey,MALE,1972-12-03,+91-6641908864,harsh.pandey397@mail.example.com,729249333699,chandigarh,H04,2025-04-23 08:29:17
P001571,Tushar Mehta,M,1998-08-11,+91-8802148187,tushar.mehta598@example.org,863799342121,chennai,H05,2025-12-31 15:27:28
P001572,Deepak Deshmukh,m,1957-03-01,+91-9498902102,deepak.deshmukh919@example.org,226182874218,Mumbai,H01,2025-09-29 11:11:20
P001573,Pallavi Desai,F,1977-12-27,+91-9974318576,pallavi.desai280@mail.example.com,481672081520,Delhi,H03,2025-06-17 11:16:00
P001574,Aarti Sharma,F,1996-12-02,+91 98903 40835,aarti.sharma694@example.net,985765755988,delhi,H03,2025-10-03 11:58:27
P001575,Meera Rao,Female,23/12/2020,+91-8499486719,meera.rao965@example.org,546105588285,New Delhi,H03,2025-08-01 09:34:36
P001576,Rahul Bhatt,M,2005-03-19,+91-8953595077,,599362676744,CHENNAI,H05,2025-03-18 08:01:38
P001577,Kavita Jain,F,1940-03-02,914 936 6499,kavita.jain861@example.com,953318415504,Pune,H01,2025-06-24 18:36:02
P001578,Meera Mishra,F,24/09/1940,7019285712,meera.mishra376@mail.example.com,756140390832,Delhi,H03,2025-05-22 19:06:43
P001579,Anjali Yadav,Female,1988-12-17,80665-01492,anjali.yadav326@example.org,817235156727,Chennai,H02,2025-10-27 12:17:33
P001580,Amit Chopra,M,1976-11-14,07929623723,amit.chopra385@example.com,798448682660,Madras,H05,2025-09-18 20:48:48
P001581,Mohit Joshi,MALE,1954-08-23,+91 84527 12162,mohit.joshi691@example.org,738072480291,Mumbai,H02,2025-10-11 14:59:33
P001582,Kunal Agarwal,M,2014-10-10,07071115749,kunal.agarwal465@example.org,538679601933,Pune,H01,2025-12-03 17:42:14
P001583,Arjun Bhatt,M,02/09/1986,07538486744,arjun.bhatt696@example.net,350955304903,chandigarh,H04,2025-05-28 07:41:28
P001584,Arjun Agarwal,M,1988-04-09,92791-1661,arjun.agarwal322@example.org,270423500881,Chennai,H05,2025-06-15 14:07:21
P001585,Shruti Pillai,F,09-Aug-1959,715 192 6403,shruti.pillai961@example.com,758522890209,Bengaluru,H06,2025-02-25 10:22:09
P001586,Ananya Yadav,Female,27/04/1964,+91-6672622171,ananya.yadav864@example.net,959346162628,Delhi,H03,2025-04-27 16:52:14
P001587,Mansi Bhatt,F,1998-10-10,71092-35838,mansi.bhatt634@mail.example.com,412743359794,chandigarh,H04,2025-08-12 13:01:25
P001588,Harsh Pillai,m,2020-11-14,765 578 2411,harsh.pillai731@example.org,526385173325,Pune,H01,2025-11-17 18:13:34
P001589,Isha Shah,Female,1940-05-29,9038649618,isha.shah839@example.net,259298802130,Chandigarh,H04,2025-04-19 07:06:23
P001590,Siddharth Pillai,M,26/06/2021,971 555 7534,siddharth.pillai209@example.net,693399521709,CHANDIGARH,H04,2025-03-22 10:50:22
P001591,Sanjay Desai,M,1961-12-07,+91-7565330909,sanjay.desai259@example.net,963338135458,Bengaluru,H03,2025-07-30 17:29:20
P001592,Aarti Iyer,F,1948-09-09,73715-59514,,228300191340,BANGALORE ,H06,2025-12-20 12:25:42
P001593,Aarti Mishra,F,1980-02-09,9774208447,aarti.mishra210@example.com,231224086346,DELHI,H03,2025-02-02 12:37:34
P001594,Rohan Menon,m,2014-04-24,79993-96868,rohan.menon518@example.net,956160581133,Pune,H01,2025-10-23 13:50:57
P001595,Amit Shah,m,1955-06-03,09711977822,amit.shah452@mail.example.com,700643938425,Bengaluru,H06,2025-05-01 20:06:22
P001596,Isha Rao,F,1940-05-02,+91 83799 52926,isha.rao302@example.net,397293776157,Delhi,H03,2025-08-01 09:05:43
P001597,Ananya Rao,F,10/11/2013,6223710054,ananya.rao112@example.org,355126135327,MUMBAI ,H02,2025-07-21 21:31:03
P001598,Divya Pandey,F,1986-03-01,887 071 5181,divya.pandey964@example.org,359290634464,CHANDIGARH,H02,2025-02-05 15:38:56
P001599,Yash Patil,MALE,17-Nov-1990,9162168361,yash.patil543@example.net,994654105288,Delhi,H03,2025-01-01 16:51:38
P001600,Tushar Mehta,MALE,2011-10-24,+91 84110 38865,tushar.mehta526@example.com,596133232610,Bengaluru,H06,2025-04-20 12:50:27
P001601,Pooja Mishra,,1939-09-12,+91-6430472213,pooja.mishra413@example.org,757850328172,Mumbai,H02,2025-04-07 20:11:54
P001602,Anjali Desai,F,24-Dec-1988,09667808686,anjali.desai950@example.com,831644285497,Chennai,H05,2025-03-25 14:53:35
P001603,Meera Rao,F,07/06/1952,+91 74532 80722,meera.rao221@example.com,248318392585,Mumbai,H02,2025-10-11 18:11:14
P001604,Rahul Agarwal,Male,2016-07-13,647837832,rahul.agarwal225@example.com,666310335008,Chennai,H05,2025-09-11 16:19:33
P001605,Siddharth Mishra,MALE,2018-03-09,+91 68832 15151,siddharth.mishra318@example.org,701145607531,Mumbai,H02,2025-07-16 14:54:49
P001606,  Prakash Mehta ,M,1992-12-12,809 023 2212,prakash mehta244@example.com,446004008706,CHENNAI,H05,2025-05-29 16:58:40
P001607,Yash Iyer,M,02-Apr-2025,762 842 6028,yash.iyer205@mail.example.com,450855086338,Bengaluru,H02,2025-08-22 20:03:33
P001608,Aarti Gupta,F,1971-11-02,09030748315,aarti.gupta781@example.com,929717621537,Mumbai,H02,2025-03-02 14:33:08
P001609,Siddharth Iyer,M,03/09/2014,970828167,siddharth.iyer757@example.com,570384186290,Mumbai,H02,2025-10-15 11:14:40
P001610,Vikram Iyer,Male,1936-05-13,+91-6336858625,vikram.iyer653@example.net,765014405651,Bengaluru,H06,2025-09-08 20:12:14
P001611,Ritu Iyer,f,2015-09-11,9461899947,ritu.iyer340@example.com,427590053673,Mumbai,H02,2025-02-02 08:25:14
P001612,Jyoti Pandey,FEMALE,18/09/2011,+91 91376 91315,jyoti.pandey84@example.net,906365523820,Pune,H01,2025-06-26 19:42:37
P001613,Aditya Singh,O,1970-01-04,922 914 2102,aditya.singh707@example.net,265739774238,Bombay,H02,2025-04-09 12:43:35
P001614,Nisha Pandey,F,1942-04-04,80431-40921,nisha.pandey18@example.com,519736521065,Mumbai,H02,2025-08-11 10:59:48
P001615,Mohit Mishra,M,1939-11-09,653 655 2151,mohit.mishra509@example.net,875418684419,Pune,H01,2025-05-29 10:18:22
P001616,Sandeep Rao,M,2010-03-02,65185-33661,sandeep.rao598@example.com,742936331522,MUMBAI ,H02,2025-02-15 21:49:48
P001617,Anil Malhotra,m,26/01/2001,80157-93043,anil.malhotra564@example.net,588607092900,Bengaluru,H06,2025-01-20 17:48:31
P001618,Harsh Kapoor,MALE,1945-05-08,09671457650,harsh.kapoor620@example.net,529684263988,PUNE ,H01,2025-08-10 19:57:45
P001619,Prakash Deshmukh,M,12/12/1982,+91 83437 96780,prakash.deshmukh548@example.com,514966426849,chandigarh,H04,2025-07-26 17:29:54
P001620,Aditya Mishra,M,1946-06-01,71088-90284,aditya.mishra688@example.org,799851124279,Chandigarh,H04,2025-12-08 16:35:05
P001621,Pooja Patil,f,1993-03-18,+91-8546917568,pooja.patil610@mail.example.com,754566289491,Delhi,H03,2025-09-15 10:08:40
P001622,Amit Sharma,M,1981-12-03,661 312 7527,amit.sharma645@example.com,693187645617,Chennai,H05,2025-09-05 16:46:45
P001623,Prakash Naik,M,1979-10-22,+91 74730 97977,prakash.naik246@example.org,726955039825,Mumbai,H02,2025-05-05 12:36:26
P001624,Tanvi Sharma,female,20/09/1939,+91 91535 30310,tanvi.sharma938@example.net,616756131717,Chennai,H05,2025-04-01 18:20:38
P001625,Mohit Shah,M,02/04/1995,7543398633,mohit.shah884@example.org,200690532563,Pune,H06,2025-12-18 07:54:38
P001626,Mansi Kulkarni,F,19/02/1967,08787742887,mansi.kulkarni643@mail.example.com,983163534116,Chennai,H05,2025-09-20 12:01:10
P001627,Prakash Sharma,O,04/11/1959,8415069455,prakash sharma540@example.org,327024579223,chennai,H05,2025-10-29 19:51:26
P001628,Anjali Bose,Female,2006-11-23,630 566 9336,anjali.bose148@example.com,360928733906,chennai,H05,2025-02-11 07:52:56
P001629,Siddharth Bhatt,M,1981-04-19,+91-9329378061,siddharth.bhatt658@example.org,490492897677,MUMBAI ,H02,2025-06-01 14:26:12
P001630,Sanjay Mishra,M,1970-06-15,07181000604,sanjay.mishra301@example.org,343181497369,Bengaluru,H06,2025-11-28 16:37:54
P001631,Amit Naik,m,29/11/1948,+91 63610 94186,amit.naik951@example.com,460536046590,Mumbai,H02,2025-07-07 08:43:15
P001632,Arjun Yadav,Male,04-Sep-1979,+91-9763500633,arjun.yadav878@example.org,348932427228,bengaluru,H06,2025-12-28 18:18:45
P001633,Rajesh Reddy,MALE,2012-09-11,9388671974,rajesh.reddy101@example.com,791165248428,chennai,H05,2025-01-05 14:04:24
P001634,Siddharth Naik,M,07/05/2014,88332-45873,siddharth.naik689@example.net,408302591380,Chennai,H05,2025-06-10 20:59:59
P001635,Isha Deshmukh,F,24/09/1938,96182-0781,,214009449477,Pune,H01,2025-09-13 16:02:29
P001636,Aditya Rao,M,1974-04-16,97073-39403,aditya.rao119@example.net,939614778801,Chennai,H02,2025-05-06 09:29:33
P001637,Pallavi Agarwal,FEMALE,2007-07-11,06526937615,pallavi.agarwal358@example.org,722434526343,Delhi,H03,2025-06-22 08:41:09
P001638,Tanvi Kulkarni,F,1993-08-31,+91 90533 13821,tanvi.kulkarni432@example.org,217317957056,delhi,H03,2025-01-14 17:33:20
P001639,Pooja Chopra,FEMALE,1983-03-25,+91-6007741898,pooja.chopra155@example.net,745032575644,Pune,H01,2025-01-18 18:06:22
P001640,Sneha Kapoor,O,26/08/2022,+91 62823 97483,sneha.kapoor489@example.net,612605863718, Pune,H01,2025-06-12 19:33:06
P001641,Prakash Singh,M,1954-10-19,760 218 5568,prakash.singh953@example.com,236825395592,delhi,H03,2025-06-20 12:43:14
P001642,Deepak Iyer,Male,1940-09-03,85563-76368,deepak.iyer503@example.com,733528095243,Mumbai,H02,2025-02-26 18:51:17
P001643,Karan Mehta,MALE,2003-11-30,+91 60553 42958,karan.mehta550@example.com,827697080901,Madras,H05,2025-08-24 08:06:17
P001644,Ananya Kulkarni,FEMALE,1948-09-14,+91-7493765788,ananya.kulkarni77@mail.example.com,920402892583,Mumbai,H02,2025-10-28 09:06:51
P001645,Pallavi Gupta,female,1989-09-11,07489613443,pallavi.gupta735@example.org,762444212270,Delhi,H03,2025-08-22 14:21:14
P001646,Swati Deshmukh,FEMALE,1968-07-27,932 722 6582,swati.deshmukh295@mail.example.com,206040153484,chandigarh,H01,2025-03-19 10:25:24
P001647,Prakash Jain,M,1994-11-01,09801576916,prakash.jain801@example.net,889295087433,Chandigarh,H04,2025-07-25 15:41:16
P001648,Anil Reddy,M,2014-06-10,08197191685,anil.reddy368@example.com,970147957486,Bengaluru,H06,2025-09-13 11:36:13
P001649,Komal Gupta,F,18/01/1936,846 386 1762,komal.gupta748@mail.example.com,658256314642,Chandigarh ,H04,2025-08-18 12:59:55
P001650,Shweta Gupta,F,2008-04-02,86454-41954,shweta.gupta74@example.com,740501808857,CHENNAI,H05,2025-04-28 10:15:50
P001651,Pallavi Deshmukh,f,2023-01-23,+91 71619 63126,pallavi.deshmukh968@mail.example.com,463634010521,New Delhi,H05,2025-06-30 21:16:41
P001652,Shruti Deshmukh,F,1946-10-02,+91 76846 98394,shruti.deshmukh267@example.net,549787756496,BANGALORE ,H03,2025-08-18 20:56:52
P001653,Amit Naik,Male,18-Feb-1998,70637-48574,amit.naik970@mail.example.com,668966375541,Bengaluru,H06,2025-04-20 15:39:38
P001654,Meera Desai,Female,1958-01-24,0622560919,meera.desai239@example.com,599769032906,Pune,H05,2025-10-18 17:46:43
P001655,Sanjay Rao,male,1953-08-08,91293-45861,sanjay.rao650@example.com,844370098551,Delhi,H03,2025-05-09 16:13:07
P001656,Gaurav Iyer,M,1974-06-16,+91 92138 74939,gaurav.iyer670@example.com,859179731181,Chennai,H05,2025-08-01 21:56:05
P001657,Siddharth Rao,M,1946-01-04,8610318372,siddharth rao88@example.org,590530166860,PUNE ,H01,2025-03-06 07:09:21
P001658,Mansi Kulkarni,F,10/11/1978,+91-7184834927,mansi.kulkarni520@example.org,409489864154,Chandigarh,H04,2025-12-06 15:31:44
P001659,Deepak Pandey,M,17/12/1976,656 114 3627,deepak.pandey274@example.com,509909505539,Mumbai,H02,2025-06-10 20:26:47
P001660,  Sunita Reddy ,F,14/02/1954,+91 90676 25956,sunita.reddy116@example.com,281893685052,Pune,H01,2025-08-04 09:26:02
P001661,Swati Singh,F,25/12/1996,8631233159,swati.singh137@mail.example.com,992993616756,Bengaluru,H06,2025-08-04 14:41:22
P001662,Ananya Nair,Female,1972-10-29,+91 66310 24113,ananya.nair134@example.org,358683094428,mumbai,H02,2025-10-22 09:53:08
P001663,Pranav Rao,Male,1987-08-29,+91-8348937102,pranav.rao491@mail.example.com,547155712665,Pune,H01,2025-03-30 15:31:38
P001664,Suresh Gupta,M,1938-05-22,0840686209,suresh.gupta633@example.net,763017914347,New Delhi,H03,2025-11-18 16:43:35
P001665,Arjun Kapoor,male,2004-07-21,903 603 4859,arjun.kapoor490@example.org,842048959757,Chennai,H04,2025-10-18 13:41:54
P001666,Isha Yadav,f,23/07/1993,8611928919,isha.yadav954@example.com,999516365062,Delhi,H03,2025-04-27 13:44:00
P001667,Vikram Malhotra,MALE,1983-04-08,08850608886,vikram.malhotra216@example.net,805211866533, Pune,H01,2025-12-07 11:22:38
P001668,Shweta Patil,F,1966-04-23,6399505100,shweta.patil380@mail.example.com,981603806375,Bengaluru,H06,2025-02-07 16:11:20
P001669,Sneha Gupta,FEMALE,1996-11-03,+91-7496358361,sneha.gupta762@mail.example.com,456285379758,Bombay,H02,2025-12-01 18:10:11
P001670,Rahul Malhotra,m,09/08/1968,754 743 9124,rahul.malhotra836@mail.example.com,954841332697,Chandigarh,H04,2025-02-21 20:25:00
P001671,Gaurav Shah,M,2005-03-04,07495308414,gaurav.shah925@mail.example.com,642017202931,Pune,H01,2025-02-10 18:02:20
P001672,Rekha Reddy,F,22-May-1979,+91 96715 25122,rekha.reddy871@example.net,776442890969,Chandigarh,H04,2025-02-09 11:31:47
P001673,Pallavi Bhatt,F,1966-07-19,697 740 314,pallavi.bhatt219@mail.example.com,728346018870,Chennai,H05,2025-06-28 17:19:28
P001674,Radhika Reddy,F,2001-12-05,9921826387,radhika.reddy74.example.org,519559742146,Chandigarh,H04,2025-07-07 14:03:08
P001675,Anjali Pillai,F,10/03/1966,+91-9059987748,anjali.pillai763@example.net,805014828352,Mumbai,H02,2025-11-10 18:51:31
P001676,Ananya Patil,Female,19-Apr-1982,+91 99412 24471,ananya.patil408@mail.example.com,465183207398,delhi,H03,2025-02-08 12:25:35
P001677,Tushar Menon,M,02-Sep-1999,06253635343,tushar.menon364@mail.example.com,614059574248,Pune,H01,2025-04-10 10:49:54
P001678,Sunita Verma,F,31/10/1997,767108775,sunita.verma276@example.com,448414568922,Chandigarh,H01,2025-10-29 08:41:09
P001679,Ananya Yadav,F,1944-12-14,07868013435,,307637135539,Delhi,H03,2025-03-29 09:09:57
P001680,Varun Menon,Male,15/01/1969,74010-47296,varun.menon731@example.net,223588889498,Pune,H01,2025-05-11 20:37:55
P001681,Swati Iyer,F,1962-12-03,76375-18211,swati.iyer16@example.com,693737845570,Chennai,H05,2025-04-09 10:31:40
P001682,Rohan Reddy,M,1986-11-18,9296518090,rohan.reddy3@mail.example.com,316063003890,Bengaluru,H06,2025-02-20 18:01:59
P001683,Aditya Nair,MALE,1936-04-04,+91 60716 81387,aditya.nair522@example.net,697250983955,BANGALORE ,H06,2025-12-23 12:35:34
P001684,Karan Patil,m,18/06/2003,+91 89697 78532,karan.patil404@mail.example.com,884008222346,PUNE ,H01,2025-09-04 13:50:36
P001685,Anil Mehta,M,16/02/1999,747 373 1693,anil.mehta117@example.org,322963046133,delhi,H03,2025-04-24 08:06:57
P001686,Anjali Agarwal,F,2007-07-01,96036-24365,anjali.agarwal809@mail.example.com,510670949182,Chandigarh,H01,2025-10-30 07:25:56
P001687,Sandeep Mishra,m,1969-07-03,+91 69194 40447,sandeep.mishra904@mail.example.com,213328853538,Mumbai,H02,2025-11-25 09:50:17
P001688,Kavita Desai,F,07-Dec-1976,7381743237,kavita.desai937@mail.example.com,640629753800,Bengaluru,H06,2025-03-11 08:25:39
P001689,Karan Kapoor,M,1968-03-08,+91 94360 09231,karan.kapoor258@example.com,319224132658,CHENNAI,H05,2025-06-10 14:53:19
P001690,Pooja Naik,F,28-Jun-2007,+91-8145911785,pooja.naik765@example.net,259560311724,delhi,H03,2025-09-19 15:57:43
P001691,Vikram Kulkarni,m,1958-10-26,06948725348,vikram kulkarni6@example.net,372535904517,chennai,H05,2025-04-02 16:40:43
P001692,Manish Kulkarni,m,12-Sep-2017,606 199 4878,manish.kulkarni322@example.org,592578349596,Delhi,H03,2025-10-22 17:16:14
P001693,Vikram Singh,m,1979-03-26,+91-9905418475,vikram.singh346@example.com,665314558943,Delhi,H03,2025-08-29 20:06:21
P001694,Mohit Rao,M,1956-12-24,97890-12595,mohit.rao168@example.com,219021494864,Chandigarh,H04,2025-07-17 13:05:53
P001695,Priya Thakur,f,02/05/2019,74232-72531,priya.thakur818@example.com,533461115589,Bombay,H02,2025-07-10 16:41:20
P001696,Komal Patil,F,1993-11-13,60200-05120,komal.patil845@mail.example.com,516036899247,Chennai,H05,2025-08-29 07:53:50
P001697,Kunal Gupta,M,1959-11-04,68813-75532,kunal.gupta583@example.com,350092839635,Bengaluru,H03,2025-08-16 12:00:18
P001698,Rekha Jain,F,1990-12-07,95634-46823,rekha.jain159@example.org,471068080341,mumbai,H02,2025-08-10 12:26:26
P001699,Sneha Pillai,Female,2014-07-07,+91-7772431087,sneha.pillai953@example.org,904889208761,Delhi,H03,2025-05-10 12:48:23
P001700,Pooja Deshmukh,f,12-Feb-2005,93235-25892,pooja.deshmukh549@example.com,381360385530,Chennai,H05,2025-12-08 19:22:32
P001701,Nisha Singh,F,13-Feb-1961,673 002 829,nisha singh936@example.com,371057366031,chandigarh,H01,2025-04-17 18:42:25
P001702,Amit Mehta,Male,22/11/1973,658 191 8302,amit.mehta398@mail.example.com,206833527977,bengaluru,H06,2025-05-22 15:45:38
P001703,Varun Singh,M,17/12/1935,08141081487,varun.singh839@example.org,430817718920,Delhi,H03,2025-03-14 19:55:24
P001704,Radhika Pandey,female,08/05/1999,+91-6784818792,radhika.pandey831@mail.example.com,468812013901,Bengaluru,H06,2025-03-25 15:53:05
P001705,Pooja Yadav,F,18/09/2001,+91-8869521578,pooja.yadav532@example.net,559351513250,Delhi,H03,2025-08-25 19:30:41
P001706,Manish Nair,M,1935-08-09,+91-8303862615,manish.nair791@example.org,435866462462,Bengaluru,H06,2025-08-24 21:23:25
P001707,Pranav Rao,M,1995-09-19,8760653186,pranav.rao640@example.com,941635406263,Delhi,H03,2025-04-14 09:49:21
P001708,Sandeep Menon,,17-Jun-1965,887 498 7822,sandeep.menon752@example.net,505565551853,Bengaluru,H06,2025-06-22 12:20:49
P001709,Sunita Naik,other,1942-02-27,9175603694,sunita.naik378@example.org,882557521217,Chennai,H05,2025-12-16 16:15:00
P001710,Karan Thakur,Male,1995-09-01,+91 91345 84209,karan.thakur829@example.com,701020459605,MUMBAI ,H02,2025-12-21 09:13:57
P001711,Harsh Chopra,MALE,18-Nov-2022,+91-7483222658,harsh.chopra960@example.com,643181771968,Mumbai,H02,2025-06-10 14:36:28
P001712,Mohit Kulkarni,M,2011-01-11,65195-21754,mohit.kulkarni47@example.org,583445145912,Bengaluru,H06,2025-10-25 16:13:04
P001713,Sunita Joshi,O,14/06/2001,727 853 6109,sunita.joshi991@mail.example.com,659193368020,CHENNAI,H05,2025-05-29 16:53:42
P001714,Varun Gowda,m,1971-05-22,+91-8671802593,varun.gowda211@example.net,962039855339,Bombay,H02,2025-03-08 09:04:00
P001715,Kavita Menon,female,2005-08-27,+91-6981832718,kavita.menon403@example.net,499293832206,Pune,H01,2025-01-10 18:57:56
P001716,Gaurav Pillai,male,1999-09-17,+91-9747727557,gaurav.pillai340@mail.example.com,569556248469,Delhi,H03,2025-07-20 11:22:24
P001717,Anjali Mishra,F,1949-05-23,07918023028,anjali.mishra519@example.org,479873049950,Bengaluru,H01,2025-02-06 12:54:57
P001718,Varun Gupta,M,2014-01-25,817 800 5678,varun.gupta174@example.com,208065402586,bengaluru,H06,2025-01-01 11:39:20
P001719,Isha Reddy,F,23-Nov-2014,8708169789,isha.reddy383@mail.example.com,947850240770,Bengaluru,H06,2025-08-11 11:29:37
P001720,Nikhil Singh,M,1970-09-06,+91-8320306517,nikhil.singh41@example.org,625298367209,Mumbai,H02,2025-06-25 18:31:56
P001721,Anjali Pandey,F,1966-03-29,684 861 3712,anjali.pandey108@example.org,223293082261,Chennai,H05,2025-04-10 18:59:52
P001722,Anjali Naik,F,03/01/2005,09172074264,anjali.naik179@mail.example.com,651900017856,Pune,H01,2025-11-20 16:25:28
P001723,Meera Kulkarni,,1967-12-20,+91-8071351612,meera.kulkarni993@example.net,465371521539,Pune,H01,2025-12-14 07:14:30
P001724,Pallavi Sharma,F,1971-06-11,06699900626,pallavi.sharma563@mail.example.com,545793037002,Delhi,H02,2025-08-17 10:31:10
P001725,Anil Patil,Male,30-Jan-2013,+91 71463 38294,anil.patil802@mail.example.com,898318640796,Pune,H01,2025-10-10 17:54:20
P001726,Sandeep Mishra,Male,1951-01-04,+91-7336552690,sandeep.mishra57@mail.example.com,374632563415,Bengaluru,H06,2025-06-13 20:42:43
P001727,Shruti Jain,F,19/06/1985,+91 63815 93281,shruti.jain495@example.org,267876033050,Pune,H01,2025-07-25 08:19:16
P001728,Jyoti Mehta,F,1936-09-12,86682-09281,jyoti.mehta314@mail.example.com,899089066829,Chennai,H05,2025-10-05 16:24:08
P001729,Priya Thakur,F,02-Jan-1991,+91-6261357616,priya.thakur949@example.net,630552047546,Delhi,H03,2025-09-08 13:27:30
P001730,Radhika Patil,F,1993-03-01,+91 86759 96864,radhika.patil854@mail.example.com,412423954297,Chennai,H01,2025-11-02 17:10:31
P001731,Divya Shah,F,12-Nov-1965,74361-00402,divya.shah855@example.net,347450858187,New Delhi,H03,2025-07-01 08:18:42
P001732,Harsh Deshmukh,M,01-Aug-1951,+91 97240 07538,harsh.deshmukh932@example.net,489545574293,DELHI,H03,2025-12-01 17:02:07
P001733,Rahul Menon,M,1939-03-29,82882-78825,rahul.menon573@example.com,202876605231,Pune,H01,2025-06-11 08:55:41
P001734,Nisha Gowda,female,17-Jan-1936,+91-7331749914,nisha.gowda901@mail.example.com,808017997119,Delhi,H03,2025-08-13 21:00:02
P001735,Pallavi Desai,Female,03/01/1959,+91-8248890828,pallavi.desai114@example.org,660103784496,Pune,H01,2025-03-09 19:28:57
P001736,Mansi Gowda,F,26-Nov-1992,8598942975,mansi.gowda889@example.com,804758198541,bengaluru,H06,2025-01-22 09:33:35
P001737,Prakash Bhatt,Male,25-Nov-1951,08482753292,prakash.bhatt608@example.org,840353005034,Chennai,H05,2025-10-27 11:14:33
P001738,Nikhil Shah,M,1972-10-25,682 181 236,nikhil.shah705@mail.example.com,514132716535,Delhi,H03,2025-09-02 18:36:50
P001739,Aditya Pillai,M,12/07/1948,+91 88457 46326,aditya.pillai406@mail.example.com,582912814614,Delhi,H03,2025-12-28 07:57:26
P001740,  Aarti Agarwal ,FEMALE,2007-06-16,813 336 1254,,714352815602,Delhi,H03,2025-03-02 11:31:48
P001741,Kunal Gupta,M,1985-04-30,728 176 6911,kunal.gupta161@example.com,599239314385,New Delhi,H03,2025-07-10 15:32:48
P001742,Meera Kapoor,F,2001-06-08,+91 85684 85043,meera.kapoor776@example.com,801839281659,Chennai,H05,2025-12-14 07:47:04
P001743,  Rajesh Desai ,M,03/02/1969,07478652065,rajesh.desai74@example.com,256544774017,Chennai,H05,2025-04-06 16:26:56
P001744,Ananya Reddy,F,1996-12-07,631 459 9104,ananya.reddy400@example.net,944818077574,Mumbai,H02,2025-12-15 11:46:34
P001745,Sunita Rao,Female,1976-02-10,887 930 807,sunita.rao16@mail.example.com,255706142667,Mumbai,H02,2025-03-14 13:20:15
P001746,Rohan Shah,M,2013-02-11,08577219212,rohan.shah666@example.org,616906604970,Chandigarh,H05,2025-10-08 14:00:56
P001747,Sanjay Malhotra,M,03/08/2007,8727909198,sanjay.malhotra384@example.org,407768528806,Mumbai,H02,2025-08-27 07:57:01
P001748,Shruti Reddy,F,1993-02-08,+91 78009 74979,shruti.reddy918@mail.example.com,991277197758,Chandigarh,H04,2025-12-11 15:19:17
P001749,Rohan Iyer,M,1992-04-23,+91-8828847355,rohan.iyer962@mail.example.com,200101012867, Pune,H01,2025-10-23 14:00:30
P001750,Deepak Jain,M,24/12/1967,91579-93286,deepak.jain203@example.org,904193379298,Pune,H02,2025-12-03 13:31:40
P001751,Divya Iyer,F,1959-10-28,9201952330,,764510203454,Mumbai,H05,2025-11-02 12:03:14
P001752,Pooja Mehta,F,08/02/2004,746 283 5992,pooja.mehta1@example.org,967133324876,Chandigarh,H04,2025-02-13 14:22:19
P001753,Varun Reddy,M,2010-09-19,+91 98658 40670,varun.reddy635@mail.example.com,623137183606,Delhi,H03,2025-04-27 13:35:50
P001754,Rahul Bhatt,m,1961-04-27,+91-9810421490,rahul.bhatt40@example.org,481141279335,Bengaluru,H06,2025-12-26 17:19:27
P001755,Ritu Shah,F,28/10/2003,656 958 0854,ritu.shah502@example.org,272868849565,Pune,H01,2025-06-13 07:02:07
P001756,Sanjay Deshmukh,M,1953-09-11,63478-38857,sanjay.deshmukh701@example.com,967531971312,Bengaluru,H06,2025-06-19 20:37:12
P001757,  Sunita Singh ,FEMALE,2021-09-20,06535747855,sunita.singh236@mail.example.com,824125320143,Delhi,H03,2025-10-02 12:48:30
P001758,  Meera Desai ,Female,2006-12-26,+91 72333 50719,meera.desai699@mail.example.com,722356152788,Mumbai,H02,2025-04-08 17:26:17
P001759,Sandeep Joshi,M,2019-04-17,06284679513,sandeep.joshi358@example.net,721768896261,delhi,H03,2025-03-28 18:01:00
P001760,Anjali Reddy,F,1944-05-22,888 451 2643,anjali.reddy617@example.org,215251123764,Pune,H01,2025-03-07 19:37:52
P001761,Shweta Bose,Female,2003-02-27,9749011827,shweta.bose367@mail.example.com,468160820965,Pune,H05,2025-09-18 17:53:47
P001762,Meera Desai,Female,1979-02-16,+91 78201 96971,meera.desai957@mail.example.com,287561193447,pune,H01,2025-11-23 16:20:30
P001763,Neha Bhatt,F,03/09/2005,+91-9900918858,neha.bhatt936@mail.example.com,728208485033,chennai,H05,2025-03-20 08:21:26
P001764,Yash Rao,M,03-Sep-1981,99622-99801,yash.rao490@mail.example.com,714443035708,Chennai,H05,2025-04-05 20:53:19
P001765,Sanjay Agarwal,Male,2004-06-09,+91-9763555934,sanjay.agarwal973@example.com,937710527422,Chennai,H05,2025-02-25 21:12:24
P001766,Ananya Bhatt,F,1952-10-03,7192761364,ananya.bhatt272@example.org,392990858622,Delhi,H04,2025-08-26 11:53:54
P001767,Sneha Bose,F,22-Sep-1973,08713549982,sneha.bose641@example.net,510591512044,Chandigarh,H04,2025-09-08 20:48:49
P001768,Sneha Desai,Female,2005-12-28,+91 98324 75308,sneha.desai739@example.net,425031394882,Pune,H01,2025-05-29 11:28:20
P001769,Ananya Naik,Female,18/12/2016,06984392937,ananya.naik594@example.net,631234245701,Pune,H01,2025-03-10 12:49:06
P001770,Sneha Menon,F,1988-03-06,681 474 5292,sneha.menon371@example.org,748629128600,Chandigarh,H04,2025-02-11 20:21:37
P001771,Prakash Bhatt,M,1953-04-21,88181-54977,prakash.bhatt896@example.org,647105553898,Bengaluru,H06,2025-01-17 20:53:32
P001772,Prakash Joshi,Male,2002-01-29,787 718 8835,prakash.joshi180@,204753752912,Delhi,H03,2025-02-23 08:50:38
P001773,Meera Bose,F,1943-09-10,7583139857,meera.bose952@mail.example.com,750173887252,BANGALORE ,H06,2025-02-13 07:30:36
P001774,Yash Mishra,M,1982-07-08,06510099758,yash.mishra834@example.net,697488361962,PUNE ,H05,2025-11-11 15:21:12
P001775,Prakash Desai,M,15/08/1986,699 021 2426,prakash.desai666@example.org,545796470964,Bengaluru,H06,2025-01-12 21:22:14
P001776,Anjali Gupta,F,31/05/1974,82201-17681,anjali.gupta713@mail.example.com,347155279515,Chennai,H05,2025-09-10 07:48:59
P001777,Amit Desai,M,14-Apr-1995,+91-8974414714,amit.desai378@example.com,475526049638,Chandigarh,H04,2025-01-26 09:00:18
P001778,Anil Iyer,male,1997-10-01,8095442543,anil.iyer292@mail.example.com,217291117788,Chandigarh,H04,2025-12-02 21:00:59
P001779,Shruti Thakur,FEMALE,1952-09-16,97679-74867,shruti.thakur750@example.org,644043664447,Pune,H03,2025-04-24 09:35:47
P001780,Swati Bhatt,f,25/05/1982,+91 88441 69658,swati.bhatt178@example.net,351706577067,Bengaluru,H06,2025-07-12 08:57:11
P001781,Shruti Singh,F,1977-11-10,68419-74218,shruti.singh750@example.net,835078372045,Pune,H01,2025-03-20 18:39:50
P001782,Shweta Patil,F,1951-01-23,06537216653,shweta.patil664@example.org,221632594026,Chennai,H05,2025-06-01 11:19:26
P001783,Arjun Gupta,M,2003-08-14,93172-50949,arjun.gupta307@mail.example.com,537709607043,Delhi,H02,2025-03-01 10:44:35
P001784,Sanjay Menon,Male,03/03/2001,+91-6036835268,sanjay.menon743@example.com,601421680206,bengaluru,H06,2025-08-15 11:11:51
P001785,Priya Singh,F,1958-02-17,9944552412,priya.singh464@example.com,793525245185,Delhi,H03,2025-08-24 09:34:14
P001786,  Aarti Yadav ,FEMALE,1943-05-13,959 174 0569,aarti.yadav265@example.com,438908423824,Bombay,H02,2025-12-30 14:31:09
P001787,Varun Verma,male,1975-05-06,898 457 565,varun.verma577@example.org,623649921331,Pune,H02,2025-09-29 16:53:47
P001788,Ritu Mishra,F,05-Jul-1959,+91-6122903895,ritu.mishra884@example.com,885660237797,Chandigarh,H04,2025-08-10 17:25:21
P001789,Prakash Sharma,m,15/11/2007,+91 61878 47589,prakash.sharma954@mail.example.com,464964734979,Delhi,H06,2025-03-03 17:38:34
P001790,Rohan Kulkarni,M,05-Mar-1968,8353141316,rohan.kulkarni718@example.net,283022176398,MUMBAI ,H02,2025-08-04 16:05:21
P001791,Prakash Chopra,M,1968-07-20,98930-76183,prakash.chopra964@example.com,477286974952,Chennai,H05,2025-09-03 12:35:49
P001792,Priya Naik,F,1975-07-04,+91-8944543640,priya.naik603@example.net,216574801123,CHENNAI,H05,2025-01-03 19:38:39
P001793,Harsh Chopra,m,1993-09-24,+91 71145 75584,harsh.chopra340@example.net,499101952369,Bengaluru,H06,2025-04-05 08:07:57
P001794,Anjali Menon,F,31-Jan-2005,09124954296,anjali.menon60@example.com,930621969905,Pune,H01,2025-09-24 18:12:27
P001795,Mansi Kapoor,Female,2008-05-29,758 854 1511,mansi.kapoor529@example.com,487196695432,Bengaluru,H06,2025-06-12 16:57:44
P001796,Varun Nair,m,1951-07-15,+91-7999778044,varun.nair712@example.org,551990189437,Bengaluru,H06,2025-05-11 19:16:18
P001797,Divya Malhotra,F,16/07/1936,6406348460,divya.malhotra175@example.com,279867539608,Bengaluru,H06,2025-10-15 19:34:26
P001798,Sneha Thakur,FEMALE,2010-07-01,+91-6934276149,sneha.thakur418@example.net,794249309279,MUMBAI ,H02,2025-03-11 08:08:53
P001799,Sneha Malhotra,F,1986-12-24,63394-29200,sneha.malhotra481.example.com,322655268100,Chandigarh ,H04,2025-03-21 07:46:09
P001800,Radhika Singh,F,04/05/1963,+91-7939267028,radhika.singh406@example.com,825684271840,Bengaluru,H02,2025-01-03 12:30:14
P001801,Ananya Nair,,1939-10-20,7652615269,ananya.nair659@mail.example.com,959714353728,Chennai,H05,2025-01-09 19:33:49
P001802,Sandeep Bose,M,1994-02-17,97168-58518,sandeep.bose150@example.com,823179503792,Bengaluru,H06,2025-09-29 14:49:09
P001803,Mansi Gowda,F,1987-03-07,885 334 0780,,220226029510,Delhi,H03,2025-10-01 15:25:22
P001804,Priya Yadav,F,08/09/1944,09238633775,priya.yadav614@example.org,382779670589,Delhi,H03,2025-11-29 16:09:34
P001805,Sneha Naik,F,2005-02-16,09762828156,sneha.naik361@example.com,345749124741,DELHI,H03,2025-08-18 14:44:43
P001806,Meera Naik,female,2018-11-12,+91-7719072762,meera.naik773@mail.example.com,552101074104,bengaluru,H06,2025-10-25 19:10:19
P001807,Nisha Rao,f,24/04/2014,+91 92419 81633,nisha.rao64@example.com,496950317108,Mumbai,H02,2025-07-01 17:05:38
P001808,Tanvi Iyer,f,1937-12-07,64824-93551,tanvi.iyer600@example.org,249512344027,Mumbai,H02,2025-03-24 17:20:04
P001809,Shweta Bhatt,F,1948-04-27,+91-9534936744,shweta.bhatt147@mail.example.com,456353787659,Pune,H01,2025-03-18 16:40:52
P001810,Sunita Thakur,F,21/01/2003,998 553 6815,sunita.thakur506@example.com,400643388945,Mumbai,H02,2025-10-12 17:12:21
P001811,Anjali Verma,F,1972-12-07,+91-8669680579,anjali.verma903@mail.example.com,374152131970,Mumbai,H02,2025-04-17 13:35:15
P001812,Priya Malhotra,F,07-Mar-1970,695 364 6420,priya.malhotra833@mail.example.com,628626746050,Delhi,H03,2025-07-18 16:23:55
P001813,Aditya Mehta,M,2012-09-11,08364117737,aditya.mehta843@example.org,575577518495,MUMBAI ,H02,2025-08-16 16:08:58
P001814,Sunita Iyer,F,2001-10-14,+91-8103155900,sunita.iyer920@example.org,318017460202,delhi,H03,2025-01-14 21:21:14
P001815,Nikhil Yadav,M,2004-07-14,+91-9825034354,nikhil.yadav751@example.com,300560189465,Bengaluru,H06,2025-10-25 18:32:07
P001816,Shruti Mishra,F,28-Jul-1967,+91 80296 21180,shruti.mishra442@mail.example.com,210547413588,Chandigarh ,H04,2025-07-04 09:41:37
P001817,Nisha Shah,,1963-09-01,73765-70408,nisha.shah598@mail.example.com,248252856805,chennai,H04,2025-10-23 07:53:32
P001818,Sandeep Sharma,male,1946-08-28,72381-73432,sandeep.sharma16@example.net,279766696895,Delhi,H03,2025-03-13 10:40:29
P001819,Kavita Yadav,Female,1997-09-12,667 128 0221,kavita.yadav722@mail.example.com,978227009434,Pune,H01,2025-08-09 15:42:06
P001820,Shweta Reddy,f,26-Nov-1946,80578-17175,shweta.reddy239@example.org,245642341083,Chandigarh,H06,2025-06-13 08:59:23
P001821,Mansi Desai,F,1957-11-02,+91 89198 72498,mansi.desai269@example.net,724603342977,Chennai,H05,2025-05-27 19:38:01
P001822,Pallavi Kulkarni,F,20-Dec-1938,+91-7873810651,pallavi.kulkarni967@mail.example.com,719729044107,Mumbai,H02,2025-10-15 18:58:19
P001823,Amit Pillai,m,1977-06-22,+91 93937 69485,amit.pillai452@example.net,519985190145,Delhi,H03,2025-03-16 20:30:46
P001824,Sanjay Gowda,MALE,1947-02-28,7970593782,sanjay.gowda555@example.com,637176554296,Delhi,H03,2025-02-20 13:30:13
P001825,Sanjay Thakur,MALE,02/04/2007,687 234 9890,sanjay.thakur568@mail.example.com,284960374813, Pune,H01,2025-08-08 14:57:15
P001826,Kavita Agarwal,F,1990-10-09,6766318353,kavita.agarwal120@example.net,575783267390,DELHI,H03,2025-04-28 19:47:26
P001827,Yash Kulkarni,Male,1987-10-22,916 209 6323,yash.kulkarni247@example.com,390721402656,delhi,H03,2025-05-26 12:00:38
P001828,Arjun Agarwal,male,1943-05-19,8847001563,arjun.agarwal96@mail.example.com,961627091135,MUMBAI ,H02,2025-09-07 09:52:46
P001829,Anjali Iyer,,1982-06-04,84953-68197,anjali.iyer922@mail.example.com,942682853997,Chandigarh,H04,2025-12-02 18:05:18
P001830,Kavita Verma,f,19/03/1937,+91-7831560417,kavita.verma21@example.net,510494579384,Bangalore,H06,2025-09-25 16:17:48
P001831,Gaurav Gowda,MALE,1968-11-29,883 112 1818,gaurav.gowda331@mail.example.com,375121095775,Mumbai,H02,2025-04-06 15:16:50
P001832,Swati Singh,f,1961-07-16,887 229 7951,swati.singh561@mail.example.com,833963141768,pune,H01,2025-10-09 09:23:32
P001833,Divya Agarwal,F,22/08/2010,+91 93114 96349,divya.agarwal506@,412786854153,Bengaluru,H06,2025-10-25 14:07:03
P001834,Meera Bose,FEMALE,2011-09-08,85191-5011,meera.bose869@example.com,831231304632,Mumbai,H02,2025-03-18 21:12:09
P001835,Aarti Mishra,F,1972-03-28,+91 62367 98734,aarti.mishra611@mail.example.com,849702823917,BANGALORE ,H06,2025-03-04 15:26:21
P001836,Pallavi Thakur,F,2006-04-02,79346-03757,pallavi.thakur39@,867038533164,Pune,H01,2025-12-10 07:40:02
P001837,Deepak Jain,MALE,22/09/1969,709 003 6047,deepak.jain624@example.org,510517064753,BANGALORE ,H06,2025-06-29 09:11:10
P001838,Pranav Mishra,MALE,02/06/2000,08310107388,pranav.mishra10@example.net,641472054938,Chennai,H05,2025-05-27 14:28:54
P001839,Deepak Thakur,MALE,1998-05-11,86563-47852,deepak.thakur968@example.com,261305712559,PUNE ,H04,2025-10-10 08:00:18
P001840,Rohan Sharma,MALE,29/10/1996,+91 98585 50122,rohan.sharma741@example.com,600795318825,Chennai,H05,2025-04-15 11:36:39
P001841,Pallavi Jain,F,1941-01-03,06446285311,pallavi.jain734@example.com,629751198713,New Delhi,H03,2025-10-16 21:11:39
P001842,Shweta Chopra,Female,1953-12-29,+91-6654806567,shweta chopra488@mail.example.com,203205021014,Pune,H01,2025-04-01 08:37:49
P001843,Harsh Agarwal,M,23/07/2024,8019858233,harsh.agarwal898@mail.example.com,959019849906,DELHI,H03,2025-11-16 08:01:44
P001844,Ananya Jain,F,28-Sep-1997,8411355756,ananya.jain265@example.com,667898079210,Delhi,H03,2025-12-10 08:50:09
P001845,Nisha Kapoor,f,2004-09-03,694 017 5367,nisha.kapoor750@example.org,462495885089,Pune,H02,2025-12-14 10:32:29
P001846,Rohan Yadav,MALE,28/04/1995,07377715018,rohan.yadav439@example.net,607363346525,Bengaluru,H06,2025-03-29 13:31:31
P001847,Pooja Bhatt,,2011-06-20,9926770984,pooja.bhatt269@example.net,613775164176,Mumbai,H02,2025-05-08 13:20:00
P001848,Shweta Malhotra,f,19/04/1953,8548146781,shweta.malhotra690@mail.example.com,704254954351,Delhi,H03,2025-09-30 10:45:11
P001849,Rekha Gupta,f,12/06/2013,+91 91020 89228,rekha.gupta418@example.net,856858295590,Mumbai,H02,2025-11-11 18:27:01
P001850,Tanvi Gupta,F,07-Jun-1980,9325503930,tanvi.gupta603@example.org,602409648548,Pune,H01,2025-03-05 16:58:26
P001851,Priya Singh,female,1980-10-24,7269264667,priya.singh308@example.org,404236794331,Chandigarh,H04,2025-02-05 19:42:18
P001852,  Yash Naik ,Male,1951-06-24,9415543630,yash.naik159@mail.example.com,340827766082,Pune,H01,2025-07-06 12:53:51
P001853,Bhavna Chopra,F,27/01/1998,66222-05990,bhavna.chopra536@example.net,743269053092,Chandigarh,H04,2025-10-13 21:03:26
P001854,Varun Deshmukh,Male,2015-12-22,+91 93514 61139,varun.deshmukh268.example.net,690264974123,CHENNAI,H05,2025-12-20 18:14:06
P001855,  Komal Gowda ,FEMALE,1986-11-10,+91-8733018666,komal gowda719@example.com,221820417264,Bengaluru,H06,2025-05-19 08:44:15
P001856,Bhavna Chopra,F,10/10/1939,07908167095,bhavna.chopra554@example.net,288765850150,BANGALORE ,H06,2025-12-11 13:56:46
P001857,Mansi Chopra,F,16/02/1980,826 503 6630,mansi.chopra719@example.net,599405343288,Chandigarh,H04,2025-07-27 19:16:33
P001858,Sandeep Chopra,M,1999-04-12,+91 76013 91039,sandeep.chopra764@example.net,571344533298,Pune,H01,2025-05-25 21:27:45
P001859,Divya Thakur,F,2001-09-09,+91-8630695880,divya.thakur322@example.com,670085284777,Pune,H01,2025-03-18 13:09:51
P001860,Anil Rao,M,1937-04-07,6341413173,anil.rao536@example.org,964413463537,DELHI,H03,2025-06-18 14:48:53
P001861,Deepak Chopra,M,12/02/1956,+91-9443513516,deepak.chopra707@example.net,352830682226,Pune,H01,2025-03-31 13:59:21
P001862,Mansi Menon,F,1970-02-03,09580357204,mansi.menon793@example.net,576217817911,Delhi,H03,2025-10-16 18:03:34
P001863,Varun Kapoor,M,1968-05-27,+91-7639977909,varun.kapoor297@example.com,682796592489,Chennai,H03,2025-03-22 07:21:15
P001864,Sneha Bhatt,F,30/11/1960,8581884178,sneha.bhatt65@example.com,421662467049,Chennai,H06,2025-12-11 21:23:24
P001865,Ritu Verma,FEMALE,28-Jul-2021,930 044 6610,ritu.verma910@example.org,714302619365,Bombay,H02,2025-08-12 14:57:57
P001866,Manish Chopra,MALE,21/09/1958,609 724 8146,manish.chopra13@mail.example.com,502723706746, Pune,H01,2025-02-02 18:56:36
P001867,Rekha Kulkarni,F,2000-06-11,+91-6239803724,rekha.kulkarni359@example.net,447160209152,Bengaluru,H06,2025-04-10 15:08:33
P001868,Priya Malhotra,Female,03/01/2015,+91 68860 40384,priya.malhotra647@example.net,617981204324,Chandigarh,H04,2025-05-29 16:10:38
P001869,Tanvi Patil,F,1989-01-14,8348814888,tanvi.patil96@example.net,910935779839,New Delhi,H03,2025-01-05 08:27:12
P001870,Kunal Yadav,Male,1937-03-05,632 835 2518,kunal.yadav225@mail.example.com,628731854434,Madras,H05,2025-02-18 11:03:25
P001871,Neha Iyer,F,1967-12-21,9335171061,neha.iyer655@example.com,917938942212,Delhi,H03,2025-04-07 10:29:35
P001872,Sanjay Nair,male,25/03/1997,679 378 1958,sanjay.nair251@example.org,423259706876,Delhi,H03,2025-05-16 19:10:35
P001873,Mansi Rao,f,03/02/1982,983 507 8258,mansi.rao865@mail.example.com,839515674772,Chennai,H05,2025-11-03 14:39:03
P001874,Anil Reddy,,12/06/2022,98735-10504,anil.reddy403@example.com,759419722274,Chennai,H05,2025-06-13 07:47:32
P001875,Vikram Menon,M,1985-10-06,8777549807,vikram.menon801@example.com,995094868125,mumbai,H02,2025-06-23 08:08:48
P001876,Amit Sharma,m,1985-03-23,63280-06846,amit.sharma260@example.org,332453120810,Delhi,H03,2025-03-14 18:11:57
P001877,Arjun Agarwal,M,1951-12-18,98192-02283,arjun.agarwal459@example.com,993694790760,Mumbai,H02,2025-04-20 18:18:33
P001878,Aditya Sharma,M,27/04/1966,9330595177,aditya.sharma448@example.org,382243181124,Bengaluru,H06,2025-10-15 12:26:49
P001879,Tanvi Agarwal,FEMALE,1939-05-14,8735398750,tanvi.agarwal606.mail.example.com,697847736488,Delhi,H03,2025-05-18 13:47:18
P001880,Shweta Bhatt,F,1960-03-24,09790213006,shweta.bhatt779@example.org,644918094880,Delhi,H03,2025-12-27 13:04:38
P001881,Mansi Singh,F,29/11/1967,+91 78807 73257,mansi.singh713@example.com,219286769212,Delhi,H03,2025-04-06 16:57:37
P001882,Prakash Gupta,male,1992-02-06,07405502850,prakash.gupta845@example.com,925630650210,CHENNAI,H05,2025-07-24 07:02:46
P001883,Prakash Bhatt,M,16/05/2020,+91 65737 76466,prakash.bhatt231@example.com,899007438555,Pune,H01,2025-10-02 11:53:40
P001884,Meera Yadav,F,11-Feb-2018,903 573 3080,meera.yadav881@example.org,797777499245,MUMBAI ,H02,2025-09-11 20:22:26
P001885,Suresh Agarwal,M,1993-06-15,+91 65132 44801,suresh.agarwal791@mail.example.com,510897651679,Chennai,H05,2025-11-30 16:13:10
P001886,Varun Yadav,M,1952-11-18,06283054745,varun.yadav977@example.net,538551742470,BANGALORE ,H06,2025-09-19 15:57:32
P001887,Harsh Verma,M,1980-11-17,843 856 7845,harsh.verma674@mail.example.com,381362025376,BANGALORE ,H06,2025-06-24 14:39:58
P001888,Tanvi Bhatt,F,1938-03-14,+91-9054844714,tanvi.bhatt823@example.net,808640578331,Delhi,H03,2025-03-10 21:24:54
P001889,Nikhil Shah,MALE,1989-12-14,0956645246,nikhil.shah669@example.com,747089327802,Mumbai,H02,2025-10-01 19:08:57
P001890,Suresh Patil,m,1989-01-02,07733984091,suresh.patil205@example.org,593492215210,Mumbai,H02,2025-04-21 17:32:01
P001891,Mansi Naik,f,15/06/2025,633985061,mansi.naik92@example.net,774799136455,Mumbai,H02,2025-06-15 18:39:28
P001892,Mansi Mehta,f,08-Nov-1987,+91-6700744479,mansi.mehta14@mail.example.com,614192625790,Bengaluru,H06,2025-07-30 12:46:56
P001893,Amit Naik,M,21/08/1939,+91 91918 32967,amit.naik203@example.net,911071480967,New Delhi,H02,2025-03-26 18:58:52
P001894,Suresh Sharma,M,1953-05-18,0655464065,suresh.sharma25@mail.example.com,606685700909,Pune,H01,2025-05-04 11:18:58
P001895,Divya Malhotra,F,1937-05-29,761 766 1032,divya.malhotra91@example.org,663951938817,chennai,H05,2025-07-08 21:41:51
P001896,Isha Gupta,F,07-Mar-2013,6588602470,isha.gupta805@example.com,236489382696,Bengaluru,H06,2025-07-28 14:53:43
P001897,Anjali Jain,F,1993-12-25,06391947237,anjali.jain302@example.com,779908196153,Bengaluru,H06,2025-01-29 12:14:04
P001898,Prakash Desai,male,1974-07-09,+91-7376189854,prakash.desai311@example.com,332040378615,Bengaluru,H06,2025-03-18 07:56:53
P001899,Pooja Iyer,FEMALE,1954-07-11,6015599638,pooja.iyer243@example.net,696631507189,Chennai,H05,2025-01-17 12:15:30
P001900,Priya Jain,female,1998-03-05,808 463 8692,priya jain285@example.net,336925270638,Chennai,H05,2025-01-19 19:00:52
P001901,Jyoti Mishra,Female,1994-10-20,70818-75049,jyoti.mishra331@example.org,751851630072,Chandigarh,H04,2025-10-30 07:08:49
P001902,Rekha Naik,F,30/08/1976,918 221 6414,rekha.naik375@example.net,660984562727,Pune,H05,2025-08-16 17:15:23
P001903,Bhavna Iyer,F,06/04/1972,06256742899,bhavna.iyer847@example.net,408095786832,Chennai,H05,2025-01-21 11:53:59
P001904,Nikhil Nair,,17-Dec-1974,73347-84215,nikhil.nair872@mail.example.com,880955073442,Bangalore,H06,2025-11-18 17:06:24
P001905,Nisha Thakur,F,1952-02-16,+91 84143 54683,nisha.thakur756@mail.example.com,776945616919,Pune,H01,2025-09-10 09:36:59
P001906,Neha Singh,F,1936-10-12,+91 95910 58182,neha.singh306@mail.example.com,293107390154,Mumbai,H02,2025-08-23 08:38:13
P001907,Pooja Gupta,F,23/09/1980,669 939 7250,pooja.gupta714@example.net,564475743560,Delhi,H03,2025-03-10 20:07:20
P001908,Rekha Verma,FEMALE,22-Jan-1988,+91 64598 80321,rekha.verma201@example.com,729091235791,Mumbai,H02,2025-05-20 20:28:25
P001909,Tanvi Naik,Female,15/07/2008,9473695411,tanvi.naik480@mail.example.com,346163728662,Bangalore,H06,2025-08-01 07:48:34
P001910,Sneha Thakur,Female,1967-07-16,7681107892,sneha.thakur753@example.com,976544686171,PUNE ,H02,2025-04-20 18:42:05
P001911,Pooja Chopra,F,1977-04-08,813 215 1811,pooja.chopra554@mail.example.com,670779619467,Mumbai,H02,2025-11-22 09:16:57
P001912,Komal Patil,f,1948-11-15,8550131994,komal.patil121@example.org,901722706311,bengaluru,H01,2025-12-03 19:42:09
P001913,Priya Kapoor,female,1964-08-30,+91-7307140841,priya.kapoor386@example.org,490819517886,Bangalore,H06,2025-11-08 13:28:25
P001914,Priya Menon,F,1971-04-06,62672-51865,priya.menon400@example.org,767347151127,Delhi,H03,2025-02-06 07:08:25
P001915,Pranav Shah,M,1981-09-17,910 384 8422,pranav.shah798@example.com,667575842339,BANGALORE ,H06,2025-08-13 19:32:42
P001916,Harsh Bhatt,M,01/04/2010,70697-75524,harsh.bhatt829@example.org,872030186397,Mumbai,H02,2025-02-10 10:20:21
P001917,Sanjay Desai,male,1961-09-16,06848449246,sanjay.desai571@example.net,941757566638,Bengaluru,H06,2025-02-09 15:10:43
P001918,Manish Verma,M,1993-01-30,+91 75625 48280,manish.verma448@example.org,509657924545,Chennai,H05,2025-05-18 08:27:32
P001919,Meera Kulkarni,Female,1971-08-15,855 348 5780,meera.kulkarni766@example.com,276539712543,Pune,H01,2025-08-10 18:46:39
P001920,Shruti Chopra,F,11/09/1938,09979419592,shruti.chopra362@example.com,411153648640,Chennai,H05,2025-04-09 17:19:58
P001921,Mansi Mishra,f,1990-01-08,879 747 9078,mansi.mishra37@example.net,260514825300,Delhi,H03,2025-08-16 21:23:38
P001922,Rajesh Naik,M,14/01/2009,713 192 1268,rajesh.naik791@mail.example.com,932683204505,Mumbai,H02,2025-09-05 15:07:32
P001923,Priya Rao,F,1957-10-19,+91 97884 59814,priya.rao995@example.com,559100432409,Pune,H01,2025-03-24 21:50:59
P001924,Rajesh Malhotra,Male,29-Nov-1962,9289380244,rajesh.malhotra507@example.org,901987985658,Chennai,H01,2025-11-30 21:13:21
P001925,Rahul Patil,M,2013-05-13,9614612966,rahul.patil254@example.org,420500886416,Chennai,H05,2025-11-10 14:17:52
P001926,Nisha Patil,female,1963-09-06,84613-29241,nisha.patil980@example.net,532092489417,Bengaluru,H06,2025-09-10 08:04:07
P001927,Aarti Reddy,female,1957-11-22,6116690810,aarti.reddy842@example.com,807142620728,Bengaluru,H06,2025-08-19 08:21:13
P001928,Ritu Shah,female,1997-04-29,97152-39709,ritu.shah86@example.com,896591314516,bengaluru,H06,2025-06-02 17:44:45
P001929,Sanjay Pandey,M,06-Aug-1991,+91-6124345010,sanjay.pandey96@mail.example.com,829751708217, Pune,H05,2025-05-12 09:17:09
P001930,Tanvi Yadav,FEMALE,25/06/1968,+91-6687420576,tanvi.yadav45@example.net,426963402537,delhi,H03,2025-02-08 15:23:31
P001931,Pranav Jain,M,1990-11-09,+91-9367899795,pranav.jain544@example.com,211237367093,Chandigarh,H04,2025-02-01 07:01:26
P001932,Priya Singh,f,1948-05-04,9867458440,priya.singh630@example.net,784991433487,Mumbai,H02,2025-06-02 21:52:50
P001933,Mansi Kulkarni,f,10/10/1973,07670202347,mansi.kulkarni2@example.com,744655147947,chandigarh,H04,2025-01-17 20:36:19
P001934,Nikhil Reddy,M,1942-11-30,6764595656,nikhil.reddy962@mail.example.com,992715820398,Chennai,H05,2025-04-08 11:55:42
P001935,Arjun Menon,other,03/12/1950,07982366316,arjun.menon827@mail.example.com,355780075927,Mumbai,H02,2025-11-25 14:58:05
P001936,Rahul Mehta,M,1975-01-08,09748561956,rahul.mehta673@example.org,242662438093,Bengaluru,H06,2025-03-22 14:33:27
P001937,Sneha Menon,F,30-Sep-2003,08723879730,sneha.menon849@example.com,513394705545,Pune,H01,2025-07-10 21:16:42
P001938,Meera Kapoor,F,23-Sep-1960,+91 80688 51398,meera.kapoor158@mail.example.com,535466380221,Mumbai,H02,2025-06-26 15:30:40
P001939,Karan Bose,male,1952-09-15,+91-7354473588,karan.bose211@example.org,740925321500,Delhi,H03,2025-02-20 15:47:38
P001940,Pallavi Agarwal,FEMALE,29/08/2004,+91 83360 03463,pallavi.agarwal48@mail.example.com,956226576438,Delhi,H03,2025-12-09 15:53:24
P001941,Vikram Kapoor,MALE,2002-07-01,+91-8422149473,vikram.kapoor763@example.org,806786950856,Mumbai,H02,2025-03-13 10:48:49
P001942,Harsh Bhatt,M,1993-10-14,+91 74415 57631,harsh.bhatt148@example.org,856947956914,Pune,H01,2025-07-03 12:16:48
P001943,Mansi Desai,f,17-Jan-2005,06233289027,mansi.desai67@example.com,566511905919,Chennai,H05,2025-11-06 15:08:24
P001944,Sandeep Kapoor,m,01/05/2010,980 053 3412,sandeep.kapoor883@mail.example.com,994167567105,Delhi,H03,2025-11-25 07:13:06
P001945,Anil Joshi,M,20-Aug-1989,804 644 6122,anil.joshi396@example.com,675069775963,Bengaluru,H06,2025-05-19 13:46:11
P001946,Jyoti Gowda,female,1986-07-18,+91 77441 94508,jyoti.gowda828@mail.example.com,894292090335,CHANDIGARH,H04,2025-08-17 12:49:33
P001947,Anil Thakur,M,08/08/1953,+91-6071935062,anil.thakur914@,742937158482,chandigarh,H04,2025-11-16 21:01:01
P001948,Pranav Verma,MALE,09/03/1952,73118-78702,pranav.verma78@example.net,276291690754,chennai,H05,2025-02-04 20:42:30
P001949,Neha Verma,f,17-Jan-1994,6402255324,neha.verma641@example.com,203937924895,Pune,H03,2025-03-22 18:02:34
P001950,Varun Gupta,male,1981-01-29,+91 91060 66744,varun.gupta598@example.org,773486228198,Mumbai,H02,2025-12-19 20:05:29
P001951,Mohit Reddy,M,07/02/1987,6510649985,mohit.reddy271@example.net,335025664605,Mumbai,H02,2025-08-17 20:06:24
P001952,Amit Agarwal,M,1994-02-27,719 080 7019,amit.agarwal329@example.net,560706416247,Mumbai,H02,2025-01-10 19:24:46
P001953,Prakash Desai,M,02-Apr-1942,82748-10756,prakash.desai200@example.com,682915168039,CHENNAI,H05,2025-11-20 20:31:03
P001954,Siddharth Patil,MALE,13-Aug-2000,+91 68256 61039,siddharth.patil110@example.com,286223905074,Bengaluru,H06,2025-08-15 09:23:01
P001955,Tanvi Pandey,female,2004-04-25,6730594910,,466669008966,CHENNAI,H05,2025-05-11 19:57:38
P001956,Amit Gupta,M,2000-06-25,8812669732,amit.gupta740@example.net,313186829850,Bengaluru,H06,2025-06-14 16:39:49
P001957,Mohit Malhotra,Male,02/01/1995,+91-8877170849,mohit.malhotra30@example.net,291076309506,Mumbai,H02,2025-08-15 19:58:16
P001958,Swati Bose,Female,28-Dec-2023,643 539 3686,swati.bose258@example.org,297431021815,Bangalore,H06,2025-07-27 20:59:54
P001959,  Kunal Bose ,m,1996-05-23,906 469 010,kunal.bose48@example.org,757354560857,Mumbai,H03,2025-09-23 14:00:06
P001960,Tushar Deshmukh,male,1943-03-30,+91-7322783551,tushar.deshmukh841@example.com,603119137888,Chennai,H05,2025-04-06 07:52:01
P001961,Anil Singh,M,07-May-2007,76351-02727,anil.singh532@mail.example.com,471027045976,Bengaluru,H06,2025-05-14 10:02:18
P001962,Tushar Singh,Male,1990-05-11,07488381748,tushar.singh378@example.com,818831760765,Pune,H03,2025-10-05 08:01:25
P001963,Anjali Rao,F,1998-02-05,09302753619,anjali.rao498@example.net,495810746000,DELHI,H03,2025-03-21 12:38:38
P001964,Gaurav Menon,male,1994-05-04,84996-66965,gaurav.menon924@example.org,315177001594,Pune,H01,2025-06-14 18:33:20
P001965,Priya Mehta,F,14/11/1949,06084524069,priya.mehta949@example.org,257075954089,Pune,H01,2025-03-11 17:48:48
P001966,Swati Jain,Female,1988-12-09,830 704 4895,swati.jain534@example.com,533145598770,Pune,H01,2025-10-17 11:15:02
P001967,Aditya Deshmukh,O,1979-09-13,82150-48253,aditya.deshmukh240@mail.example.com,509635913498,Bengaluru,H06,2025-01-18 15:49:05
P001968,Rohan Desai,Male,1995-11-11,704 188 2129,rohan.desai762@mail.example.com,744245027679,Delhi,H03,2025-10-22 15:09:31
P001969,Varun Naik,M,03/12/1986,8103957769,varun.naik983@mail.example.com,459652666246,Pune,H01,2025-03-24 14:31:07
P001970,Swati Yadav,F,16-Oct-1992,+91-6288079683,swati.yadav37@mail.example.com,427386954957,mumbai,H03,2025-08-27 14:52:23
P001971,Rohan Kulkarni,m,1991-03-01,+91-7267965429,rohan.kulkarni905@example.net,251312610333,Mumbai,H02,2025-07-31 20:10:22
P001972,Sandeep Desai,m,19/01/2023,8982899880,sandeep.desai584@example.net,303290639477,Mumbai,H02,2025-06-18 21:27:01
P001973,Rahul Yadav,M,1961-11-30,8019968949,rahul.yadav397@example.org,490934704311,Bengaluru,H06,2025-05-25 19:36:23
P001974,Shweta Patil,F,1940-10-11,71346-37932,shweta.patil761@example.net,946284327469,delhi,H03,2025-10-18 08:26:33
P001975,Ritu Joshi,f,30/03/1976,06351556057,ritu.joshi457@example.com,447712147977,BANGALORE ,H02,2025-07-19 17:04:28
P001976,Ritu Bose,female,1992-03-08,7879539719,ritu.bose517@mail.example.com,834995176535,Mumbai,H02,2025-03-25 15:38:38
P001977,Karan Yadav,M,28/01/1978,7432867114,karan.yadav507@mail.example.com,734173737869,Pune,H01,2025-07-09 18:08:49
P001978,Sunita Singh,F,2003-07-12,6966595308,sunita.singh190.example.org,829439506804,Chandigarh,H04,2025-07-06 14:53:27
P001979,Anjali Shah,F,1962-12-25,06254070769,anjali.shah961@example.org,629687913651,BANGALORE ,H06,2025-08-24 15:09:55
P001980,Mohit Shah,M,23/09/1961,84792-39979,mohit.shah406@example.net,930716456360,Chandigarh,H04,2025-11-08 15:22:23
P001981,Manish Pillai,M,2003-01-15,09870739611,manish.pillai704@example.net,379482638393,Chennai,H05,2025-07-18 10:27:15
P001982,Yash Jain,Male,16/03/1990,782280519,yash.jain985@example.com,965567187488,Bangalore,H06,2025-03-07 14:16:00
P001983,Suresh Agarwal,M,1936-01-12,9887044479,suresh.agarwal789@mail.example.com,985619454828,Chandigarh,H04,2025-03-30 09:51:37
P001984,Rahul Jain,M,2003-08-12,+91-6504177392,rahul.jain79@mail.example.com,298579290344,Chandigarh,H04,2025-08-19 16:07:30
P001985,Aditya Pillai,Male,20/10/2003,891 691 6518,aditya.pillai413@example.org,589023574965,Chennai,H05,2025-02-07 14:24:36
P001986,Jyoti Gowda,Female,28-Nov-1990,+91-6411345054,jyoti.gowda353@example.org,883467047219,Pune,H01,2025-06-09 11:22:27
P001987,Amit Rao,M,1972-07-02,9031959203,amit.rao103@example.org,920012586592,Mumbai,H02,2025-04-27 12:24:32
P001988,Amit Shah,M,1943-04-10,63358-55170,amit.shah358@example.net,232149571523,Mumbai,H02,2025-08-06 15:17:09
P001989,Mansi Mehta,FEMALE,1935-09-11,875 689 2686,mansi.mehta816@example.org,412612580009,Mumbai,H02,2025-11-17 18:33:20
P001990,Nikhil Mehta,Male,03-Nov-1978,+91-9638505635,nikhil mehta244@example.org,629817888009,Chennai,H05,2025-04-24 11:14:52
P001991,Isha Bhatt,F,21-Jul-1949,07813617847,isha.bhatt930@example.org,585563165854,Chandigarh,H04,2025-08-24 21:18:07
P001992,Priya Mishra,O,01-Nov-1982,98723-27623,priya.mishra240@example.com,567055602016,Mumbai,H02,2025-01-23 20:23:40
P001993,Rajesh Thakur,m,2005-10-18,97913-83023,rajesh.thakur538@example.net,759388014700,Delhi,H03,2025-05-26 13:10:13
P001994,Sneha Naik,F,01/06/1936,+91 61361 19872,sneha.naik113@mail.example.com,627186901288,Mumbai,H02,2025-09-05 21:21:25
P001995,Neha Naik,F,05/11/1976,+91-6423881799,neha.naik274@example.com,775806109679,PUNE ,H01,2025-07-11 16:54:42
P001996,Kunal Pillai,M,23-Jan-2020,94060-56314,kunal.pillai872@mail.example.com,918689796060,Delhi,H03,2025-04-17 07:38:51
P001997,Vikram Mehta,,1979-02-04,625 030 5096,vikram.mehta907@example.net,401373407453,Chandigarh,H04,2025-03-28 16:16:00
P001998,Radhika Kulkarni,f,1942-10-12,792 211 3218,radhika.kulkarni629@example.org,891266909700,Bombay,H04,2025-06-18 17:16:38
P001999,Anjali Naik,FEMALE,1953-09-04,755 685 6786,anjali.naik228@example.net,729328807175,Madras,H05,2025-11-08 10:20:13
P002000,Aditya Thakur,M,1986-05-21,+91 68782 54235,aditya.thakur138.mail.example.com,415162299711,DELHI,H03,2025-01-15 12:00:53
P002001,Jyoti Pillai,F,01-Oct-1973,660 387 6349,jyoti.pillai424@mail.example.com,403685963773,pune,H01,2025-03-02 18:39:42
P002002,Varun Singh,M,1946-11-15,+91 85892 24028,varun.singh441@mail.example.com,373462367454,Chennai,H05,2025-08-31 14:41:03
P002003,Bhavna Pandey,F,2004-09-10,+91-9996451089,bhavna.pandey56@mail.example.com,777337204817,Bombay,H02,2025-04-23 14:16:55
P002004,Aditya Reddy,M,1997-05-08,+91-7770613869,aditya.reddy986@example.com,599263876374,Mumbai,H02,2025-02-23 11:30:29
P002005,Deepak Menon,MALE,1996-02-20,+91-9802382247,deepak.menon138@example.net,920785344594,New Delhi,H03,2025-10-04 20:18:14
P002006,Manish Patil,MALE,1943-02-21,08988711014,manish.patil967@example.com,383461596897,Pune,H01,2025-12-30 11:21:58
P002007,Nikhil Joshi,Male,1988-01-14,708 539 7805,nikhil.joshi325@example.net,553418852859,Pune,H01,2025-11-30 13:59:46
P002008,Nikhil Kulkarni,M,10-May-1969,8159640809,nikhil.kulkarni91@mail.example.com,956541784572,Mumbai,H02,2025-10-11 10:51:09
P002009,Ritu Malhotra,Female,24/05/1962,+91-8115782751,ritu.malhotra319@example.net,607549789839,mumbai,H02,2025-10-15 12:42:08
P002010,Karan Nair,Male,1971-01-27,835 936 7506,karan.nair925@example.org,504162458651,Bengaluru,H06,2025-02-11 08:49:16
P002011,Neha Verma,F,1968-01-03,07160924588,neha.verma755@example.net,675292125471,bengaluru,H06,2025-08-13 08:34:51
P002012,Rekha Shah,F,1980-03-18,6437749478,rekha.shah823@mail.example.com,664359075584,Pune,H01,2025-08-24 19:14:05
P002013,Komal Mishra,F,1958-12-19,9061659151,komal.mishra305@example.com,508333656676,Delhi,H03,2025-04-04 19:31:38
P002014,Karan Pillai,M,16-Jan-1994,85791-91343,karan.pillai819@example.net,200060424360,Mumbai,H02,2025-10-03 11:05:32
P002015,Sandeep Rao,M,2007-06-29,747 183 7502,sandeep.rao741@example.net,503058207863,Delhi,H03,2025-12-03 16:26:15
P002016,Nisha Chopra,female,1940-05-26,956 049 3287,nisha.chopra584@example.org,958506612491,MUMBAI ,H02,2025-08-28 10:03:30
P002017,Tanvi Verma,female,20-Apr-2022,902 832 8340,tanvi.verma861@example.com,696467079096,Bombay,H02,2025-09-10 07:47:17
P002018,Shweta Desai,female,1948-08-31,810 352 9239,shweta.desai710@example.org,546086090168,Mumbai,H02,2025-11-13 13:44:42
P002019,Rohan Gupta,Male,2013-04-07,+91 74350 23865,rohan.gupta508@mail.example.com,234440063199,Bengaluru,H06,2025-01-30 10:34:52
P002020,Bhavna Gowda,F,2000-06-09,+91 61687 81279,bhavna.gowda79@example.org,284461003887,Bangalore,H06,2025-04-23 21:23:48
P002021,Varun Kulkarni,M,2009-07-24,+91-9654644155,varun.kulkarni939@mail.example.com,277172989470,Chennai,H05,2025-08-16 09:22:44
P002022,Vikram Desai,male,24-Mar-2012,+91-6949475378,vikram.desai427@mail.example.com,251967912304,Chennai,H05,2025-02-11 15:40:42
P002023,Prakash Rao,Male,1954-07-22,7452084640,prakash.rao711@example.org,836267345952,Bangalore,H06,2025-06-20 08:13:06
P002024,Divya Iyer,F,26-Nov-1946,97972-11803,divya.iyer287@example.com,963512962485,Pune,H01,2025-11-23 19:31:08
P002025,Bhavna Malhotra,F,1977-03-30,+91-6579852736,bhavna.malhotra706@mail.example.com,401326303097,Pune,H01,2025-03-30 07:23:07
P002026,Nikhil Reddy,M,2022-10-16,962 198 8039,nikhil.reddy440@example.org,792516053568,Mumbai,H02,2025-05-01 09:11:38
P002027,Arjun Verma,m,1944-07-15,79448-13581,arjun.verma274@example.com,704156040423,Bombay,H03,2025-01-19 10:05:45
P002028,Yash Bhatt,M,05/12/1977,+91-8941330888,yash.bhatt395@example.com,881487488245,Pune,H01,2025-03-29 09:49:39
P002029,Varun Joshi,male,1972-05-17,+91 98891 76322,varun.joshi463@example.org,726235607765,Mumbai,H02,2025-02-04 13:35:28
P002030,Deepak Thakur,male,1958-06-11,+91 60804 51726,deepak.thakur400@example.com,355442778866,Bengaluru,H06,2025-07-04 15:19:27
P002031,Rekha Mehta,F,1982-09-17,9080498555,rekha.mehta682@example.org,307913601419,Delhi,H03,2025-02-11 16:59:47
P002032,Ritu Patil,F,03/11/2015,+91 76349 41548,ritu.patil777@example.org,354606234042,bengaluru,H06,2025-05-31 21:44:01
P002033,Gaurav Joshi,M,1950-11-17,+91-9413304359,gaurav.joshi537@example.net,553513416307,Pune,H01,2025-05-02 16:08:08
P002034,Varun Deshmukh,M,1952-01-01,+91-8479985219,,250779046438,Mumbai,H02,2025-06-20 09:03:41
P002035,Amit Mishra,M,1961-06-28,09976753787,amit.mishra818@example.com,606625358717,Pune,H01,2025-12-22 13:51:11
P002036,Komal Mehta,FEMALE,1984-05-21,+91-6621283754,komal.mehta7@mail.example.com,373790669694,Delhi,H03,2025-04-11 20:11:33
P002037,Bhavna Pillai,f,30/06/2013,+91 87859 80810,bhavna.pillai124@example.com,787302993558,Pune,H01,2025-06-02 17:28:41
P002038,Pranav Nair,M,12-Jul-2001,+91 65839 05805,pranav.nair619@example.com,721699659612,Bengaluru,H06,2025-01-12 08:59:10
P002039,Meera Nair,f,1992-02-10,+91 89873 03462,meera.nair33@example.org,878422139901,Pune,H01,2025-09-12 16:30:29
P002040,Nisha Malhotra,F,28-Dec-1948,07813659731,nisha.malhotra70@example.com,614133337558,CHANDIGARH,H04,2025-02-23 14:52:22
P002041,Jyoti Nair,F,30-Jan-1991,+91 71469 18783,jyoti.nair902@example.org,397899941372,pune,H01,2025-12-24 08:26:10
P002042,Deepak Bhatt,,04/10/1976,82595-16396,deepak.bhatt7@example.net,952902594698,Mumbai,H03,2025-11-02 09:04:51
P002043,Harsh Chopra,Male,1994-06-18,+91-952247420,harsh.chopra424@example.org,480153698381,Bengaluru,H06,2025-02-11 08:13:46
P002044,Shruti Malhotra,Female,1962-02-04,07177229762,shruti.malhotra200@mail.example.com,391730201132,mumbai,H02,2025-05-03 21:00:12
P002045,Komal Menon,F,23-Dec-2016,+91 96622 39998,komal.menon934@mail.example.com,969433363050,Chandigarh,H04,2025-09-07 20:05:42
P002046,Kunal Menon,M,01/08/1996,+91-6110132061,kunal.menon272@mail.example.com,793816723103,mumbai,H02,2025-11-10 11:57:08
P002047,Manish Gowda,M,1952-11-10,66704-41800,manish.gowda809@example.org,988146799881,Chennai,H05,2025-03-20 14:16:30
P002048,Tushar Gowda,MALE,1939-05-28,827 765 8176,tushar.gowda283@example.com,624409343749,Chandigarh,H04,2025-04-02 21:26:27
P002049,Aditya Verma,M,1958-04-23,9422632346,aditya.verma487@example.org,364091574960,CHENNAI,H05,2025-01-27 20:12:08
P002050,Anil Kulkarni,Male,1992-11-29,+91-9985782643,anil.kulkarni568@example.net,907173794157,delhi,H03,2025-03-13 15:09:33
P002051,Shweta Rao,female,11/01/1986,07358031100,shweta.rao425@example.net,963461249065,Madras,H05,2025-04-11 20:30:01
P002052,Sandeep Desai,m,1965-02-19,7436279238,sandeep.desai550@example.org,400096458287,Mumbai,H02,2025-04-12 21:07:30
P002053,Ananya Agarwal,female,1961-06-10,+91-6872857746,ananya.agarwal712@example.org,760029169891,Bengaluru,H06,2025-01-25 19:25:56
P002054,Neha Jain,F,20/02/1950,98110-22990,neha.jain603@example.com,360381346733,Delhi,H03,2025-04-18 17:36:29
P002055,Jyoti Singh,Female,1962-05-16,+91 88225 10263,jyoti.singh775@example.com,321062374303,bengaluru,H06,2025-09-11 16:13:36
P002056,Anjali Gupta,female,2018-04-29,+91 88733 6671,anjali.gupta984@example.com,476787011223,pune,H01,2025-08-28 17:01:00
P002057,Rahul Rao,M,1983-09-22,07011058899,rahul.rao547@example.net,899512931405,Chennai,H05,2025-11-19 07:55:27
P002058,Nikhil Bhatt,M,01-Nov-1970,994 038 9870,nikhil.bhatt684@example.net,951220685379,Bengaluru,H06,2025-04-26 15:05:19
P002059,Pallavi Joshi,F,30/10/1986,+91-6313777126,pallavi.joshi177@example.org,583117256684,PUNE ,H01,2025-01-30 07:01:08
P002060,Priya Verma,FEMALE,12/04/1996,955 536 688,priya.verma540@example.org,591586502323,delhi,H03,2025-03-02 09:28:47
P002061,Kunal Singh,M,1966-11-19,82665-68503,kunal.singh400@example.net,547395389500,Mumbai,H02,2025-09-17 11:50:15
P002062,Mansi Pandey,female,1993-07-26,8959697330,mansi.pandey312@example.net,356670268606,Pune,H01,2025-11-29 20:23:16
P002063,Suresh Bose,M,21/12/1972,98191-94651,suresh.bose998@mail.example.com,233687505541,Delhi,H03,2025-11-17 17:41:11
P002064,Sunita Sharma,F,11/10/1935,64765-58156,sunita.sharma306@example.org,674977754965,Chennai,H03,2025-09-10 09:49:08
P002065,Jyoti Kapoor,f,17/12/1970,9074766025,jyoti.kapoor952@example.org,619648324926,DELHI,H02,2025-02-13 20:03:00
P002066,Komal Mehta,F,08-Dec-1996,08868029555,komal.mehta977@mail.example.com,654721299841,chandigarh,H04,2025-06-03 10:01:55
P002067,Anil Menon,m,1984-02-08,927394292,anil.menon517@,376730920726,MUMBAI ,H02,2025-08-31 21:38:14
P002068,Radhika Gupta,female,25/06/2013,+91 62865 12124,radhika.gupta658@mail.example.com,330106388451,mumbai,H02,2025-07-19 19:07:01
P002069,Tanvi Desai,F,1968-02-16,+91-8973560881,tanvi.desai923@example.net,344526850091,Delhi,H03,2025-10-08 09:43:45
P002070,Deepak Bose,m,19-Dec-1960,974 730 5463,deepak.bose119@mail.example.com,338466691164,CHANDIGARH,H04,2025-12-27 19:53:59
P002071,Sneha Thakur,Female,1973-09-01,83135-93403,sneha.thakur612@mail.example.com,383706730176,Bengaluru,H06,2025-11-26 21:58:18
P002072,Siddharth Verma,M,04/01/1990,9856815727,siddharth.verma100@mail.example.com,544765921160,Chennai,H05,2025-01-17 07:25:41
P002073,Siddharth Desai,M,1958-08-03,+91 73017 77946,siddharth.desai752@example.com,908993592466,Bengaluru,H02,2025-12-21 08:44:29
P002074,Deepak Bose,m,1994-02-23,633 251 3539,deepak.bose117@mail.example.com,792869681458,Madras,H05,2025-06-28 21:16:08
P002075,Rohan Iyer,M,1981-01-27,810 583 6433,rohan.iyer474@mail.example.com,358945813376,Chennai,H05,2025-09-13 08:02:48
P002076,Yash Agarwal,m,1990-09-20,83557-4562,yash.agarwal225@example.com,635387084595,MUMBAI ,H02,2025-12-27 10:10:19
P002077,Jyoti Mehta,F,2024-12-01,83417-46844,jyoti.mehta790@example.com,778948808915,Pune,H01,2025-10-20 09:02:59
P002078,Swati Mishra,FEMALE,1981-01-12,+91 61658 19715,swati.mishra12@example.net,540616643559,Mumbai,H02,2025-10-01 15:35:51
P002079,Neha Mishra,F,16/02/1973,982 074 8976,neha.mishra865@example.org,290565827392,Bombay,H02,2025-06-04 09:30:02
P002080,Swati Pandey,F,25/11/1958,+91 80978 11326,swati.pandey710@mail.example.com,375535281975,BANGALORE ,H06,2025-08-12 20:06:30
P002081,Gaurav Naik,M,12/04/1939,+91-9593832064,gaurav.naik507@example.org,956355081685,Mumbai,H03,2025-05-10 15:36:47
P002082,Arjun Malhotra,M,1943-09-12,+91 62677 60272,arjun.malhotra756@mail.example.com,999350139703,CHENNAI,H05,2025-07-02 18:01:12
P002083,Kavita Deshmukh,F,23/12/1967,657 991 3592,kavita.deshmukh182@example.org,273450767385,Mumbai,H02,2025-02-04 12:45:28
P002084,Rohan Deshmukh,MALE,26-Sep-1940,+91-9682362809,rohan.deshmukh169@example.com,909933822416,Pune,H01,2025-06-28 13:00:55
P002085,Neha Rao,female,2001-10-28,08574996702,neha.rao441@mail.example.com,363972025919,Bengaluru,H06,2025-11-19 21:02:07
P002086,Ritu Kapoor,F,25-Jul-1992,85406-97799,ritu.kapoor77@,788825947776,Chennai,H06,2025-08-26 09:05:16
P002087,Sanjay Bose,Male,1995-03-02,6613798384,sanjay.bose436@example.org,364603872020,PUNE ,H01,2025-09-26 16:18:28
P002088,Arjun Jain,M,1996-03-29,+91-6702651333,arjun.jain468@example.net,763709804387,mumbai,H02,2025-04-03 12:28:20
P002089,Rekha Iyer,Female,1938-09-02,+91 79247 71565,rekha.iyer851@example.org,435101948635,Pune,H01,2025-05-07 07:32:23
P002090,Amit Pillai,M,1979-08-11,07341484879,amit.pillai400@example.org,502828701332,Delhi,H03,2025-11-17 11:55:25
P002091,Pranav Kulkarni,M,1984-05-11,776 587 6610,pranav.kulkarni625@example.net,579205260625,BANGALORE ,H06,2025-01-30 20:34:19
P002092,Ritu Pillai,female,12/10/1981,94717-90135,ritu.pillai155@example.com,954815635782,Bengaluru,H06,2025-06-22 15:35:57
P002093,Arjun Sharma,M,1973-01-15,+91-6631206084,arjun.sharma69@,406654353418,Mumbai,H02,2025-01-05 21:42:56
P002094,Neha Desai,F,1955-02-07,8833467340,neha.desai396@example.com,938915886966,PUNE ,H01,2025-04-20 09:19:36
P002095,Sneha Malhotra,F,1986-10-11,+91 96296 54201,sneha.malhotra875@mail.example.com,652421352346,Chennai,H05,2025-05-16 07:58:15
P002096,Gaurav Naik,m,12-Jul-1999,730 173 6160,gaurav.naik733@example.net,308319288135,Mumbai,H02,2025-08-22 14:45:25
P002097,Rohan Reddy,M,1981-02-22,+91-6122434397,rohan.reddy156@example.com,212280749909,Pune,H05,2025-09-24 12:25:43
P002098,Nisha Pillai,female,08/04/1949,966 156 7635,nisha.pillai432@example.org,458751426406,Pune,H01,2025-10-07 13:29:59
P002099,Sanjay Nair,M,1998-04-23,+91 61175 38711,sanjay.nair936@example.com,263467746810,Pune,H01,2025-12-18 17:35:44
P002100,Nisha Kapoor,f,27/09/1960,07541235029,nisha.kapoor654@mail.example.com,396549130833,Delhi,H03,2025-03-16 21:41:29
P002101,Meera Bhatt,F,07-Aug-1981,76715-12161,meera.bhatt320@example.net,677115960515,DELHI,H03,2025-03-03 12:29:07
P002102,Prakash Shah,M,1937-11-28,9803457072,prakash.shah855@example.org,707358509098,Delhi,H03,2025-09-21 08:44:43
P002103,Prakash Patil,MALE,01/11/2002,09623857994,prakash.patil46@example.org,328960839181,Madras,H05,2025-01-05 11:29:22
P002104,Arjun Iyer,M,1974-02-20,693 149 1758,arjun.iyer430@example.net,251603104000,Chandigarh,H04,2025-05-25 09:55:21
P002105,Amit Chopra,M,1935-06-21,92629-32791,amit.chopra336@example.net,984521843282,Chennai,H05,2025-03-23 13:31:53
P002106,Karan Mishra,O,1980-04-20,09979492804,karan.mishra389@mail.example.com,789135256564,Pune,H01,2025-03-18 16:24:54
P002107,Sandeep Naik,MALE,13/09/1997,06871387540,sandeep.naik911@example.org,549470085968,Mumbai,H02,2025-02-23 07:41:44
P002108,Komal Bose,F,1950-08-29,0955257090,komal.bose604@example.org,972759340893,BANGALORE ,H01,2025-11-23 09:33:36
P002109,Nisha Sharma,FEMALE,1940-06-17,923 122 0156,nisha.sharma938@,634529128809,Chennai,H04,2025-10-09 08:57:22
P002110,  Karan Bose ,MALE,1987-11-04,6659842307,karan.bose836@example.net,687588592540,Pune,H06,2025-09-25 12:10:22
P002111,Anil Deshmukh,male,08/09/2001,+91-7403596130,anil.deshmukh971@example.net,292114117970,DELHI,H03,2025-06-23 19:02:31
P002112,Nikhil Nair,Male,12-Aug-2010,+91-7843018095,nikhil.nair986@mail.example.com,795501268863,Bengaluru,H06,2025-03-05 09:32:31
P002113,Rohan Sharma,M,1982-03-06,8615509438,rohan.sharma989@example.com,622158111583,Bengaluru,H03,2025-07-22 18:31:11
P002114,Rohan Jain,Male,2021-09-19,+91-6543105174,rohan.jain739@example.com,769792775673,Mumbai,H05,2025-07-22 08:56:24
P002115,Gaurav Yadav,M,29/11/1981,09505401849,gaurav.yadav13@mail.example.com,796463507329,Bengaluru,H06,2025-10-11 07:38:16
P002116,Sandeep Mishra,M,09-Sep-1992,+91 98037 98026,sandeep.mishra433@example.org,513052563304,Chennai,H05,2025-10-03 13:57:12
P002117,Rahul Menon,M,1952-07-10,+91 90106 04409,rahul.menon61@example.com,461071097979,MUMBAI ,H02,2025-06-20 14:55:51
P002118,Sandeep Agarwal,M,2024-10-27,+91 65805 92986,sandeep.agarwal451@mail.example.com,242522281041,chandigarh,H04,2025-01-24 16:38:06
P002119,Prakash Mishra,M,1998-04-18,6699903206,prakash.mishra517@mail.example.com,832995763349,Bengaluru,H06,2025-03-01 10:47:35
P002120,Pallavi Jain,F,21/02/2004,8221169670,pallavi.jain948@example.net,314126294465,Delhi,H03,2025-03-01 20:42:19
P002121,Yash Mishra,m,1993-10-12,+91 69113 32483,yash.mishra100@example.net,966889077304,bengaluru,H04,2025-06-07 11:07:42
P002122,Rohan Sharma,MALE,12-Oct-1938,97945-45914,rohan.sharma606@mail.example.com,926680961410,Chennai,H05,2025-05-01 16:04:34
P002123,Sandeep Rao,m,1997-05-14,640 350 0176,sandeep.rao11@mail.example.com,622077484401,Bengaluru,H02,2025-05-25 10:12:15
P002124,Rajesh Mehta,male,2000-08-27,+91-8877491116,rajesh.mehta704@example.org,831352553230,Mumbai,H02,2025-03-12 08:11:37
P002125,Rahul Iyer,M,1967-10-30,6808208577,rahul.iyer845@example.net,455673682560,New Delhi,H03,2025-10-04 07:20:35
P002126,Rekha Yadav,FEMALE,1971-06-14,+91-8308662992,rekha.yadav790@mail.example.com,454527615404,Mumbai,H02,2025-04-07 13:45:14
P002127,Tanvi Mehta,F,1975-06-27,97881-99086,tanvi.mehta13@,426479901133,Pune,H01,2025-04-30 13:37:39
P002128,Anjali Jain,F,1968-05-04,602 465 6288,anjali.jain745@,204232034790,Pune,H01,2025-09-23 10:17:11
P002129,Deepak Sharma,m,17-Mar-2007,+91-6926343424,deepak.sharma744@example.org,671035125928,Mumbai,H05,2025-04-17 13:08:43
P002130,Ananya Rao,F,2017-12-08,8720482886,ananya.rao368@example.org,502478586014,delhi,H03,2025-03-05 13:52:42
P002131,Kunal Rao,M,1940-01-28,+91-6307118769,kunal.rao23@mail.example.com,441602917746,Chennai,H05,2025-05-01 13:29:54
P002132,Sanjay Shah,M,24-Mar-1977,+91 68801 46374,sanjay.shah809@mail.example.com,727120505486,pune,H01,2025-10-04 21:51:43
P002133,Arjun Gupta,male,1978-04-04,7522109371,arjun.gupta805@example.net,441544516974,Delhi,H03,2025-12-13 13:44:25
P002134,Bhavna Mehta,FEMALE,09/05/1991,913 148 2203,bhavna.mehta414@example.org,443192331702,mumbai,H02,2025-05-09 11:14:24
P002135,Arjun Thakur,male,13/05/2010,6018274712,arjun.thakur997@example.net,440633027330,Delhi,H03,2025-10-10 18:39:12
P002136,Rajesh Sharma,MALE,1956-05-16,9076437144,rajesh.sharma53@example.net,900301465492,bengaluru,H06,2025-01-12 15:36:57
P002137,Siddharth Gowda,M,21/03/1978,08362762605,siddharth.gowda324@example.org,784661841435,Bengaluru,H06,2025-09-15 15:04:07
P002138,Neha Patil,F,08/11/2014,+91 96385 39523,neha.patil909@example.org,707853768447,pune,H01,2025-06-10 16:26:09
P002139,Kunal Verma,M,10-Jul-1948,86846-70537,kunal.verma458@example.org,236459451153,Pune,H01,2025-07-19 20:34:30
P002140,Yash Sharma,MALE,1986-11-26,08494345583,yash.sharma492@example.net,829391149207,Mumbai,H02,2025-10-07 19:47:34
P002141,  Shweta Bose ,Female,22-Dec-1975,90663-74685,shweta.bose498@example.net,537229593895,Pune,H01,2025-01-09 10:35:42
P002142,Vikram Yadav,male,1995-05-04,9130925124,vikram.yadav309@example.org,806602010933,delhi,H03,2025-02-26 09:29:34
P002143,Meera Menon,F,1993-09-27,96344-07140,meera.menon607@mail.example.com,526242059001,Chennai,H05,2025-11-12 08:30:15
P002144,Manish Pillai,MALE,2019-03-17,+91-9993176120,manish.pillai296@example.org,213998476134,Pune,H01,2025-12-16 21:28:57
P002145,Sandeep Joshi,m,1986-10-16,+91-627213048,sandeep.joshi697@example.net,829226221408,Chennai,H05,2025-06-07 09:36:01
P002146,Tanvi Shah,F,1974-11-15,+91-8702324491,tanvi.shah812@example.net,447413409012,Chennai,H05,2025-02-18 09:01:13
P002147,Radhika Bose,F,1990-12-08,07698532346,radhika.bose256@example.net,689961780208,Delhi,H03,2025-02-05 13:06:50
P002148,Pranav Sharma,M,1979-11-13,07166232040,pranav.sharma443@,546848320265,Mumbai,H04,2025-08-07 15:37:05
P002149,Gaurav Pandey,MALE,1938-02-13,+91 87004 28840,gaurav.pandey347@example.org,811916008275,Mumbai,H02,2025-11-18 10:44:20
P002150,Isha Sharma,F,21-Jun-2013,7598520680,isha.sharma174@mail.example.com,461714516080,Bengaluru,H06,2025-05-18 14:41:27
P002151,Manish Thakur,m,19-Jul-2003,802 067 1845,manish.thakur939@example.com,221917748150,Delhi,H03,2025-12-27 18:25:42
P002152,Pranav Kulkarni,male,2014-04-04,736 728 193,pranav.kulkarni226@example.com,661052712236,Chennai,H05,2025-10-01 21:43:02
P002153,Manish Desai,Male,2008-07-10,+91 93650 37237,manish.desai5@example.org,480768601789,Pune,H01,2025-02-07 21:20:34
P002154,Kunal Pandey,M,03/05/1935,+91-7696289032,kunal.pandey119@example.com,295962607531,Chandigarh,H04,2025-08-14 15:51:22
P002155,Meera Verma,Female,23/09/1972,+91 70261 67814,meera.verma929@example.net,570440080983,BANGALORE ,H06,2025-10-20 10:18:38
P002156,Ritu Pillai,Female,1962-04-05,+91-6997376816,ritu.pillai894@mail.example.com,456501538114,Bengaluru,H06,2025-04-22 14:26:16
P002157,Tushar Deshmukh,male,2003-02-23,6004043870,tushar.deshmukh159@mail.example.com,926772276208,Chandigarh,H04,2025-06-26 16:11:34
P002158,Kavita Chopra,F,1986-03-02,8270595280,kavita.chopra832@,481897843920,Chandigarh,H04,2025-12-21 21:49:50
P002159,Suresh Verma,MALE,1952-02-06,+91-7605261896,,808253297479,Pune,H03,2025-05-25 09:36:18
P002160,Shruti Pillai,Female,25-Feb-1947,+91 64833 34341,shruti.pillai485@example.com,656213197786,Bangalore,H06,2025-03-02 09:17:49
P002161,Vikram Iyer,M,30/03/2021,89810-63025,vikram.iyer819@example.net,317256000890,Bengaluru,H06,2025-09-24 09:40:06
P002162,Prakash Joshi,M,12-Jan-1967,63266-16385,prakash.joshi776@example.com,874798470788,delhi,H03,2025-09-07 09:16:04
P002163,Tanvi Deshmukh,Female,1967-04-06,+91-7414139812,tanvi.deshmukh585@example.com,550750047102,Chandigarh,H04,2025-08-09 07:36:06
P002164,Aarti Gowda,female,1999-08-09,09254537229,aarti.gowda385@mail.example.com,271350018714,Chennai,H05,2025-03-23 09:43:29
P002165,Gaurav Kulkarni,Male,1935-08-04,83554-42397,gaurav.kulkarni550@example.org,303543067614,Delhi,H03,2025-10-03 21:29:32
P002166,Ananya Mehta,F,08/09/1949,9469201583,ananya.mehta927@mail.example.com,371907383749,Delhi,H03,2025-09-20 20:33:24
P002167,Sanjay Sharma,M,1993-10-30,73918-16618,sanjay.sharma546@example.org,642220052104,Mumbai,H02,2025-01-26 17:03:28
P002168,Sandeep Desai,M,1987-10-31,+91 88735 31545,sandeep.desai75@example.com,284587121456,MUMBAI ,H05,2025-09-07 19:42:14
P002169,Sanjay Kapoor,MALE,26/03/2016,08604191634,sanjay.kapoor440@example.net,404649999049,Chandigarh,H04,2025-11-15 08:36:24
P002170,Anjali Chopra,F,1956-05-30,+91 98736 66850,anjali.chopra440@example.org,271007284765,pune,H01,2025-12-15 08:03:47
P002171,Swati Chopra,female,27-Jul-1972,+91-6526158104,swati.chopra193@mail.example.com,867883713363,BANGALORE ,H06,2025-02-07 11:16:44
P002172,Shweta Desai,F,27/08/1960,98037-86119,shweta.desai859@mail.example.com,317556762474,chandigarh,H04,2025-07-29 21:35:40
P002173,Isha Gupta,F,1982-07-11,877 267 1328,isha.gupta325@example.com,914959972219,Mumbai,H02,2025-05-04 18:59:44
P002174,Tushar Patil,M,1983-03-24,7049906533,tushar.patil192@example.net,577310741478,Mumbai,H02,2025-09-15 13:48:05
P002175,Vikram Singh,M,28/09/2006,+91-6110214488,vikram.singh325@mail.example.com,963458367169,Delhi,H03,2025-09-19 18:34:35
P002176,Radhika Iyer,Female,25-Jul-2002,09022042092,radhika.iyer389@example.org,270507115735,Chennai,H05,2025-05-17 21:19:15
P002177,Nikhil Mishra,MALE,1942-04-15,74948-57208,nikhil.mishra261@example.net,863477403652,Chennai,H05,2025-03-01 13:38:11
P002178,Rohan Naik,M,2017-09-09,09635830359,rohan.naik292@example.org,407350669722,Bengaluru,H06,2025-01-03 14:01:04
P002179,Tushar Rao,male,2025-11-30,72992-00441,tushar.rao926@example.org,831346250977,Bangalore,H06,2025-08-14 21:17:19
P002180,Kunal Nair,M,29/09/1992,601 395 6175,kunal.nair187@mail.example.com,289170274345,Chandigarh,H04,2025-11-08 20:18:34
P002181,Suresh Verma,Male,1986-03-12,6910457454,suresh.verma847@example.org,432470495538,Bombay,H02,2025-12-13 18:01:41
P002182,Arjun Mehta,m,27-Mar-1997,6824538047,arjun.mehta232@mail.example.com,902289684458,Mumbai,H02,2025-11-22 10:13:48
P002183,Gaurav Sharma,M,1982-09-14,9329010874,gaurav.sharma573@example.org,987314973663,mumbai,H02,2025-06-25 12:18:30
P002184,Amit Kapoor,Other,02/01/1952,88945-27142,amit.kapoor274@example.net,687317204143,Chennai,H05,2025-03-25 21:44:35
P002185,Pooja Mishra,FEMALE,2023-03-23,+91-7623101339,pooja.mishra833@example.net,873859181486,Bengaluru,H06,2025-08-11 13:21:37
P002186,Pranav Nair,male,1976-09-24,803 389 693,pranav.nair830@example.net,419894911519,Delhi,H03,2025-05-06 19:41:48
P002187,Shruti Bose,F,1951-07-22,+91-850692471,shruti.bose5@example.net,812622746485,Mumbai,H02,2025-01-28 11:25:44
P002188,Nikhil Bhatt,MALE,23-Jul-2009,950 011 6451,nikhil.bhatt93@example.org,715823462276,Bengaluru,H06,2025-11-23 21:12:46
P002189,Anil Shah,M,1956-02-18,+91 71278 62009,anil.shah512@example.com,421336161796,Bengaluru,H06,2025-02-26 19:52:18
P002190,Shweta Nair,F,1971-07-17,73949-4007,,388114197358,delhi,H03,2025-07-13 17:51:40
P002191,Pooja Gupta,F,1997-05-19,06297207848,pooja.gupta707@example.net,931177111505,Chandigarh,H04,2025-03-14 16:31:15
P002192,Rekha Mishra,FEMALE,1998-08-30,72627-86693,rekha.mishra959@example.net,660102619084,Delhi,H01,2025-05-22 20:25:53
P002193,Anil Mehta,MALE,27-Apr-1950,09856812841,anil.mehta199@example.org,404267628565,Chandigarh ,H04,2025-07-04 19:51:55
P002194,Yash Kulkarni,M,1963-01-28,741 860 6682,yash.kulkarni810@mail.example.com,355332030661,Mumbai,H05,2025-09-02 21:39:23
P002195,Kavita Singh,F,24-Dec-1987,+91-9518517870,kavita.singh139@example.net,716627574866,Mumbai,H02,2025-06-18 17:28:02
P002196,Shruti Deshmukh,F,09/10/1954,08919450645,shruti.deshmukh231@mail.example.com,939335389562,Mumbai,H03,2025-02-18 20:09:22
P002197,Kunal Gowda,M,1979-05-16,83198-38342,kunal gowda720@example.com,745923018779,Chennai,H05,2025-01-14 19:27:17
P002198,Sanjay Kapoor,M,1984-10-23,09220150149,sanjay.kapoor762@mail.example.com,440695704294,BANGALORE ,H01,2025-09-23 15:20:48
P002199,Arjun Shah,M,17/04/1984,+91-6834239807,arjun.shah563@example.org,762908315257,Pune,H01,2025-07-21 21:33:47
P002200,Vikram Menon,Male,23/09/1974,+91 93370 95673,vikram.menon908@example.org,267138663777,Mumbai,H02,2025-05-29 17:16:11
P002201,Shruti Mehta,FEMALE,27/07/1996,771605379,shruti.mehta556@example.com,936859820006,Mumbai,H02,2025-06-24 18:46:44
P002202,Priya Jain,F,1953-09-26,+91 82504 32542,priya.jain981@example.net,593296882608,Delhi,H03,2025-11-15 18:54:42
P002203,Divya Bose,f,03/04/1983,81612-82776,divya.bose77@example.net,405403276873,Chandigarh,H06,2025-09-02 13:59:18
P002204,Deepak Thakur,M,26-Oct-2020,81011-27891,deepak.thakur66@mail.example.com,537133436709,Delhi,H03,2025-09-19 19:02:53
P002205,Pooja Chopra,F,1984-06-13,85455-74393,pooja.chopra271@example.com,704393068906,Bengaluru,H05,2025-03-28 15:44:23
P002206,Anil Yadav,Male,17/11/1949,08173597464,anil.yadav540@example.org,616879487485,bengaluru,H06,2025-03-14 07:48:00
P002207,Rekha Kapoor,F,1976-03-20,+91-8962418405,rekha.kapoor971@mail.example.com,303894808189,Chennai,H05,2025-05-06 09:59:34
P002208,Mansi Bose,F,09/10/2024,660 722 2988,mansi.bose38@example.net,869793499822,Bombay,H02,2025-04-16 13:57:13
P002209,Yash Sharma,M,29-May-1952,+91 81067 41591,yash.sharma335@example.com,715553183989,PUNE ,H01,2025-09-15 21:44:14
P002210,Pranav Menon,m,16-Jul-1995,73692-63197,pranav.menon738@mail.example.com,562880072560,Delhi,H03,2025-05-02 12:01:13
P002211,Jyoti Reddy,female,1997-09-26,+91 60781 89187,jyoti.reddy333@example.org,395040018033,CHENNAI,H03,2025-12-21 16:45:22
P002212,Varun Patil,M,22/11/1937,97806-14960,varun.patil874@example.org,416809134556,Chandigarh,H05,2025-04-27 15:55:21
P002213,Sanjay Deshmukh,M,1959-04-14,+91-8947235791,sanjay.deshmukh835.mail.example.com,242148662947,CHENNAI,H05,2025-08-14 09:35:55
P002214,Isha Patil,F,1973-11-15,68378-28382,isha.patil281@example.org,800180589036,Chennai,H05,2025-07-09 11:04:08
P002215,Nikhil Gupta,MALE,24/05/2019,733 847 1851,nikhil.gupta714@example.org,999604065435,Mumbai,H02,2025-10-07 10:54:39
P002216,Aarti Kapoor,FEMALE,1984-10-31,905 969 3207,aarti.kapoor467@mail.example.com,496257398058,Delhi,H03,2025-09-21 09:34:05
P002217,Rahul Singh,M,1982-08-02,+91 70141 46040,rahul.singh777@example.net,741861580888,Pune,H01,2025-06-18 16:12:47
P002218,Shweta Thakur,F,1967-11-20,663 758 7292,shweta.thakur570@example.net,731715198981,Mumbai,H02,2025-09-28 21:35:19
P002219,Deepak Bose,Male,1977-06-18,8404886148,deepak.bose298@example.org,999299817540,Delhi,H03,2025-10-14 13:04:51
P002220,Radhika Shah,F,30/01/1973,09606019826,radhika.shah327@example.com,205793990525,Chennai,H05,2025-12-29 16:30:19
P002221,Bhavna Menon,F,1989-08-03,+91-9030959583,bhavna.menon619@mail.example.com,548684161441,Mumbai,H02,2025-02-18 09:57:51
P002222,Gaurav Singh,M,02/05/1988,86530-59465,gaurav.singh618@mail.example.com,261321996743,Mumbai,H02,2025-08-31 15:40:11
P002223,Yash Reddy,M,21/09/1965,75988-8790,yash.reddy409@example.com,957207178935,Delhi,H06,2025-08-22 11:21:38
P002224,Komal Nair,F,26/06/1993,+91 60142 90659,komal.nair954@example.org,278849780984,Chandigarh,H04,2025-08-11 10:54:13
P002225,Gaurav Jain,M,25/02/1964,6628283880,gaurav.jain657@example.com,665323020737,Delhi,H03,2025-02-07 15:06:04
P002226,Tushar Kapoor,Male,06/02/2019,+91 90981 56930,,575459981104,Pune,H01,2025-04-25 20:15:25
P002227,Manish Yadav,male,28-Apr-1949,+91-9034882186,manish.yadav361@mail.example.com,431175894216,Chandigarh,H03,2025-09-04 16:17:30
P002228,Mohit Mishra,Male,12-Dec-1954,8612131286,mohit.mishra196@example.org,967516201029,Chandigarh,H02,2025-04-08 19:36:41
P002229,Aarti Malhotra,F,07/07/1996,+91-7861502087,aarti.malhotra898@example.org,348262888469,Mumbai,H02,2025-08-18 09:40:24
P002230,Siddharth Pandey,Male,11/09/2022,66305-08007,,415976641617,Chennai,H02,2025-04-22 16:51:50
P002231,Nisha Gupta,F,2019-09-15,702 599 1575,nisha.gupta133@example.org,841570947464,Bombay,H02,2025-12-14 16:03:54
P002232,Deepak Kulkarni,M,1987-11-27,85018-87002,deepak.kulkarni481@example.org,802628737293,Mumbai,H02,2025-03-16 16:20:11
P002233,Gaurav Reddy,male,1985-08-17,88728-10049,gaurav.reddy491@example.com,262777073954,Bengaluru,H06,2025-10-05 14:48:27
P002234,Vikram Naik,M,12/12/2023,+91 79378 24642,vikram.naik65@example.com,896540115249,Mumbai,H02,2025-03-27 07:59:39
P002235,Varun Gupta,MALE,20/10/1990,+91-6871879394,varun.gupta634@example.net,478938850358,Mumbai,H02,2025-10-10 08:33:50
P002236,Divya Patil,F,1998-03-26,6448058530,divya.patil554@example.net,431388843297,MUMBAI ,H02,2025-04-21 17:20:23
P002237,Nisha Singh,F,04-Sep-1976,751 435 2128,nisha.singh787@,223337992924,Bengaluru,H06,2025-10-05 14:17:13
P002238,Komal Sharma,F,10-Mar-1941,7831269785,komal.sharma291@example.org,377391491900,Madras,H05,2025-08-24 12:28:06
P002239,Nikhil Bose,M,1998-05-19,659 824 7445,nikhil.bose425@example.net,873191272259,Pune,H02,2025-05-08 10:38:12
P002240,Pooja Gupta,F,29-Nov-1951,06362818885,pooja.gupta505@example.net,477110324663,Bengaluru,H05,2025-09-13 17:08:27
P002241,Arjun Iyer,,2002-10-31,0718351590,arjun.iyer179@example.com,565364787887,Bengaluru,H06,2025-03-31 15:11:14
P002242,Kunal Deshmukh,M,1995-08-15,945 169 1822,kunal.deshmukh995@example.com,834843496255,Pune,H01,2025-08-16 13:03:19
P002243,Pallavi Pandey,f,17/11/1976,607 935 8481,pallavi.pandey305@mail.example.com,330799289034,Bengaluru,H06,2025-09-14 21:49:45
P002244,Neha Thakur,F,14-Dec-2022,+91 73650 35992,neha.thakur32@mail.example.com,848005380397,Bengaluru,H06,2025-09-21 16:14:59
P002245,Shweta Iyer,F,1956-03-20,+91 82678 20065,shweta.iyer612@example.net,553428753706,Pune,H01,2025-11-08 10:42:01
P002246,Varun Gupta,M,05/06/2004,+91-8308010817,varun.gupta605@example.net,286215074918,New Delhi,H03,2025-07-25 09:30:32
P002247,Karan Shah,M,1976-10-10,670 084 9289,karan.shah535@mail.example.com,945948383557,Pune,H01,2025-07-16 13:48:30
P002248,Aditya Naik,M,25-Oct-2007,79000-29403,aditya.naik145@example.net,697159418934, Pune,H01,2025-10-05 07:58:22
P002249,Priya Deshmukh,F,29/03/1960,+91-757478414,priya.deshmukh397@example.org,943260876052,Mumbai,H02,2025-11-12 11:56:09
P002250,Nikhil Rao,M,2014-10-05,99495-42311,nikhil.rao733@example.org,217442108794,Mumbai,H02,2025-02-08 16:31:32
P002251,Sandeep Yadav,M,1950-12-12,+91 72838 43006,sandeep.yadav720@example.com,464534667798,Chennai,H05,2025-10-08 07:23:32
P002252,Nikhil Bose,m,15/02/1940,06595719616,nikhil.bose17@example.com,553490143799,MUMBAI ,H02,2025-11-22 19:05:29
P002253,Tushar Menon,male,12/11/1970,79314-33224,tushar.menon528@example.net,548167233450,Chandigarh ,H04,2025-03-02 10:09:16
P002254,Shruti Sharma,F,30/09/2019,73593-76966,shruti.sharma101@mail.example.com,944417912836,Madras,H05,2025-08-20 10:02:29
P002255,Rajesh Reddy,M,2006-02-01,722 048 8159,rajesh.reddy472@mail.example.com,760878523349,chennai,H05,2025-11-23 12:39:20
P002256,Karan Deshmukh,M,10-May-1993,64220-15724,karan.deshmukh38@mail.example.com,371666832693,Chandigarh,H02,2025-03-18 10:51:36
P002257,Suresh Joshi,M,1991-06-08,817 113 3573,suresh.joshi578@example.com,556386995058,Bombay,H02,2025-10-03 08:13:09
P002258,  Sandeep Kapoor ,MALE,1970-10-15,+91-9512848577,sandeep.kapoor240@example.com,661968936934,Mumbai,H02,2025-02-08 21:41:29
P002259,Jyoti Deshmukh,,11/05/1977,+91-9063814551,jyoti.deshmukh434.example.net,717388850636,MUMBAI ,H06,2025-12-02 11:06:29
P002260,Sandeep Chopra,male,1974-08-18,0656143994,sandeep.chopra675@example.org,688056918613,Mumbai,H02,2025-02-28 09:49:26
P002261,Rekha Bhatt,F,1949-11-08,09387999033,rekha.bhatt776@example.org,280608479140,delhi,H03,2025-10-01 09:38:09
P002262,Jyoti Pillai,F,01/07/2017,6974577802,,647416453988,Chennai,H05,2025-06-07 08:23:08
P002263,Ritu Menon,F,17-Jan-1962,08392286441,ritu.menon858@example.com,695586241148,Chennai,H05,2025-02-03 10:59:48
P002264,Nisha Gowda,F,1976-06-01,07052066736,nisha.gowda276@example.com,225145275350,Pune,H01,2025-02-16 19:44:24
P002265,Shruti Rao,F,1979-12-22,+91 71723 34334,shruti.rao557@mail.example.com,607441023021,delhi,H03,2025-10-07 07:37:37
P002266,Meera Deshmukh,FEMALE,1992-09-11,7712221696,meera.deshmukh616@example.org,836760383637,Chennai,H05,2025-12-29 16:26:39
P002267,Anjali Malhotra,F,1962-03-13,702 133 1032,anjali.malhotra356@mail.example.com,891596219169,Delhi,H03,2025-03-04 17:48:49
P002268,Tanvi Jain,F,2008-05-20,81172-23443,tanvi.jain943@example.com,503678880347,bengaluru,H06,2025-07-06 12:04:41
P002269,Mansi Patil,female,04/07/1970,8862827865,mansi.patil936@mail.example.com,684196248964,New Delhi,H03,2025-07-07 20:04:31
P002270,Manish Kulkarni,m,2008-04-10,87894-07248,manish.kulkarni834@example.org,275552217292,Chandigarh,H05,2025-02-17 18:56:47
P002271,Varun Chopra,,1960-04-02,+91 71586 24555,varun.chopra585@mail.example.com,919796457640,Bengaluru,H06,2025-11-26 20:14:55
P002272,Manish Yadav,Male,1965-09-12,74544-76939,manish.yadav322@example.net,481256095756,Delhi,H03,2025-06-28 10:26:32
P002273,Deepak Pillai,M,1978-05-08,747 815 4095,deepak.pillai363@example.com,247904054548,Delhi,H03,2025-11-25 08:36:53
P002274,Mansi Rao,f,1950-06-11,7534698893,mansi.rao773@example.com,885080517930, Pune,H01,2025-08-18 07:26:03
P002275,Tanvi Sharma,f,1984-10-01,838 732 0175,tanvi.sharma853@example.com,965812032130,Mumbai,H02,2025-05-04 14:04:40
P002276,Aditya Joshi,MALE,1951-02-13,+91 85288 07018,aditya.joshi112@example.net,716325881753,chandigarh,H04,2025-12-18 08:20:48
P002277,Karan Rao,M,22/08/1935,948 374 3549,,656579568220,Bengaluru,H06,2025-02-24 20:04:02
P002278,Kunal Sharma,,17/12/1940,9214515964,kunal.sharma323@example.org,693046063881,Madras,H05,2025-10-05 12:26:56
P002279,Rajesh Bose,M,1941-07-06,+91 82217 73794,rajesh.bose605@example.com,548079635196,DELHI,H02,2025-03-23 11:11:14
P002280,Gaurav Kapoor,male,05/12/1939,+91-7713783215,gaurav.kapoor628@example.com,273159226438,Pune,H01,2025-02-17 08:47:01
P002281,Sandeep Gowda,M,1944-12-20,716 950 9345,sandeep.gowda624@example.net,850726282325,Chennai,H05,2025-05-10 14:38:12
P002282,Varun Desai,M,03-Feb-1944,9139091655,varun.desai851@mail.example.com,445896589674,Chandigarh,H04,2025-10-03 20:38:34
P002283,Rahul Pandey,M,23-Jun-1978,08431771613,rahul.pandey433@,959305911927,delhi,H03,2025-01-22 12:21:06
P002284,Anil Sharma,M,10/02/1978,+91 95368 41288,anil.sharma390@example.com,204090493128,Bengaluru,H03,2025-08-02 12:08:47
P002285,Pranav Singh,M,1977-03-25,+91 79369 32744,pranav.singh823@mail.example.com,447355654835,Chennai,H01,2025-04-30 07:14:59
P002286,Anil Mishra,M,1994-12-13,08251274837,anil.mishra649@mail.example.com,762028800589,Pune,H01,2025-11-29 18:01:57
P002287,Divya Agarwal,F,21/09/1980,+91-8260850410,divya.agarwal158@example.net,388769244796,Chennai,H05,2025-05-30 11:46:00
P002288,Nisha Iyer,O,1987-06-03,+91 87540 59323,nisha.iyer799@example.com,865328897082,BANGALORE ,H06,2025-12-15 13:50:07
P002289,Rekha Nair,F,2000-12-08,765 476 3435,rekha.nair971@example.org,675073537428,Bengaluru,H06,2025-09-18 11:58:32
P002290,Amit Verma,M,25/09/1992,+91 61557 65368,amit.verma457@example.net,764609312257,Bombay,H02,2025-12-08 18:02:02
P002291,Yash Verma,,22-Sep-1973,6781241923,yash.verma250@example.org,563506128122,Pune,H04,2025-02-19 12:42:23
P002292,Swati Jain,f,17/09/2007,+91 71159 3598,swati.jain783@example.net,594952765725,Bengaluru,H06,2025-01-18 19:19:23
P002293,Arjun Kapoor,M,15/04/1950,+91 68262 34961,arjun.kapoor569@example.net,322483891523,DELHI,H03,2025-08-06 16:18:50
P002294,Nisha Bose,F,2019-05-16,+91 88120 65318,nisha.bose697@example.org,948292743922,PUNE ,H01,2025-09-02 15:00:30
P002295,Aditya Patil,M,1961-07-21,6635445670,aditya.patil789@example.net,349250219198,Chandigarh,H02,2025-01-24 11:20:48
P002296,Arjun Mishra,M,10/10/2020,+91 81823 84647,arjun.mishra926@example.com,528357092653,Mumbai,H02,2025-07-02 13:20:36
P002297,Sanjay Pillai,M,2009-03-23,907 596 0131,sanjay.pillai628@mail.example.com,277087051686,chennai,H03,2025-04-21 14:12:00
P002298,Pranav Bhatt,MALE,05/03/2016,919 667 328,pranav.bhatt836@example.net,566583764534,Bengaluru,H06,2025-02-27 14:42:41
P002299,Manish Jain,M,1980-05-29,08408056872,manish.jain966@mail.example.com,303886132346,Pune,H01,2025-10-01 21:31:46
P002300,Aditya Bhatt,M,2003-05-17,07806859477,aditya.bhatt508@example.org,595251273452,Mumbai,H02,2025-04-09 16:06:31
P002301,Pallavi Shah,Female,1982-09-04,+91-8296864279,pallavi.shah274@example.com,951065943779,BANGALORE ,H06,2025-11-14 16:18:27
P002302,Mansi Shah,f,07-Apr-2021,8092903378,mansi.shah157@mail.example.com,560737821386,chennai,H05,2025-08-04 18:04:04
P002303,Aarti Sharma,F,24/03/2018,920 580 3235,aarti.sharma88@example.net,963083579384,Bengaluru,H06,2025-10-15 16:11:38
P002304,Aditya Pandey,MALE,2024-06-08,08359620357,aditya.pandey207@example.org,243739732059,Chandigarh,H01,2025-05-23 17:58:16
P002305,Kavita Reddy,Female,1952-11-17,+91-9763719909,kavita.reddy404@example.net,350472020360,Chennai,H05,2025-08-20 08:29:55
P002306,Bhavna Pillai,F,2025-01-04,06176549776,bhavna.pillai958@example.com,397258067448,Madras,H05,2025-01-28 12:30:49
P002307,Pranav Nair,M,1949-05-03,6763239682,pranav.nair982@mail.example.com,854404791700,Mumbai,H02,2025-08-27 15:37:37
P002308,Mansi Jain,female,2021-07-05,+91-6887841142,mansi.jain272@example.net,266607199092,Chandigarh,H04,2025-06-20 11:55:53
P002309,Amit Sharma,MALE,08/09/1982,+91 73055 79235,amit.sharma681@example.com,486780799331,Mumbai,H06,2025-08-19 13:10:52
P002310,Rekha Chopra,FEMALE,1990-10-29,8576556218,rekha.chopra946@mail.example.com,853701074751,Delhi,H03,2025-12-05 10:27:01
P002311,Anil Bose,M,1974-06-19,86018-93582,anil.bose716@example.com,750692923925,mumbai,H02,2025-07-26 17:26:43
P002312,Shruti Verma,f,1936-06-02,0867085725,shruti.verma137@example.net,986956759197,CHENNAI,H05,2025-03-12 12:27:32
P002313,Sunita Kulkarni,FEMALE,01/02/2021,8799962225,sunita.kulkarni651@mail.example.com,455195073999,Delhi,H03,2025-10-26 20:00:51
P002314,Shruti Joshi,F,1993-11-19,6229058466,shruti.joshi524@example.com,388008186576,Bengaluru,H03,2025-07-02 10:49:25
P002315,Arjun Shah,Male,14-Sep-1998,06566359170,arjun.shah875@example.org,889817940476,Bengaluru,H06,2025-01-09 16:36:58
P002316,Bhavna Rao,F,2020-09-11,883 022 6447,bhavna.rao837@mail.example.com,662168652818,Pune,H01,2025-09-04 21:03:53
P002317,Divya Kapoor,F,1973-03-09,08737578267,divya.kapoor798@example.com,452720247091,Pune,H01,2025-05-17 20:09:26
P002318,Radhika Patil,F,21/06/1947,+91 77101 33562,radhika.patil276@example.com,640291231725,Mumbai,H02,2025-05-30 12:06:50
P002319,Amit Deshmukh,M,2021-07-03,07377638808,amit.deshmukh466@example.org,513725551484,Delhi,H03,2025-02-26 21:13:26
P002320,Neha Gowda,F,1969-02-03,09475396174,neha.gowda976@mail.example.com,567616689956,delhi,H03,2025-05-25 16:46:17
P002321,Radhika Jain,Female,2004-05-12,8727170825,radhika.jain627@example.com,595562018505,Madras,H05,2025-02-11 20:03:25
P002322,Meera Nair,female,01-May-1971,+91 77983 33817,meera.nair634@example.com,436279354495,Chennai,H05,2025-08-21 15:05:43
P002323,Rahul Desai,male,17-Oct-1985,07376006413,rahul.desai217@mail.example.com,815971741745,Pune,H01,2025-12-07 19:39:11
P002324,Nikhil Joshi,M,1935-07-24,+91-7918912486,nikhil.joshi191@example.org,991686579015,Pune,H01,2025-07-17 17:37:01
P002325,Manish Bose,M,1998-04-15,8576938358,manish.bose418@example.org,698484980743,Chandigarh,H01,2025-05-01 21:43:29
P002326,Mansi Yadav,f,1978-08-12,+91 80160 94680,mansi.yadav828@example.com,662224981727,Delhi,H03,2025-11-15 07:33:22
P002327,Nikhil Pandey,M,1943-12-06,96946-3032,nikhil.pandey565.mail.example.com,694216047492,chandigarh,H04,2025-04-02 10:16:15
P002328,Gaurav Menon,O,08-Mar-1986,+91-7216827736,gaurav.menon810@mail.example.com,611300033464,Delhi,H03,2025-06-09 19:51:18
P002329,Jyoti Chopra,F,1970-07-09,09361390519,jyoti.chopra426@example.net,372179610097,delhi,H03,2025-02-13 17:58:36
P002330,Tanvi Pillai,F,1958-05-15,+91-7831041285,tanvi.pillai668@example.net,403357983103,Mumbai,H02,2025-07-01 07:22:45
P002331,Priya Jain,F,21/09/1946,7928903853,priya.jain872@example.org,650222265678,Mumbai,H02,2025-07-22 19:09:40
P002332,Tanvi Bhatt,FEMALE,1948-03-13,913 536 0868,tanvi.bhatt211@mail.example.com,643300869792,Bengaluru,H06,2025-07-29 15:54:22
P002333,Isha Sharma,FEMALE,1949-12-18,09307960802,isha.sharma572@mail.example.com,698426186958,Delhi,H03,2025-03-29 14:16:08
P002334,Nikhil Sharma,MALE,12-Apr-2022,06688229768,nikhil.sharma591@mail.example.com,959115816958,Madras,H03,2025-08-27 17:22:27
P002335,Rohan Kapoor,M,1993-09-13,846 500 348,rohan.kapoor639@example.com,334758081107,Mumbai,H02,2025-03-09 15:46:40
P002336,Arjun Mishra,M,2004-04-04,+91-7585493193,arjun.mishra230@example.net,854090140609,Mumbai,H02,2025-03-08 17:56:49
P002337,  Suresh Gowda ,male,1952-12-03,09570520542,suresh.gowda406@example.com,691995134342,Delhi,H03,2025-06-26 11:23:47
P002338,Shruti Kapoor,female,1945-02-20,7842939584,shruti.kapoor771@example.com,226741051856,Bengaluru,H06,2025-06-01 21:27:46
P002339,Rohan Agarwal,MALE,25/05/1980,934 120 5370,rohan.agarwal794@example.org,332362245434,Chandigarh,H04,2025-06-30 07:09:12
P002340,Swati Patil,FEMALE,15/12/1977,80093-23733,swati.patil521@example.com,229169638305,bengaluru,H06,2025-12-15 09:00:40
P002341,Kavita Nair,Female,28/12/2001,+91 94521 8165,kavita.nair479@example.com,982821332623,Mumbai,H02,2025-05-16 20:50:52
P002342,Komal Shah,F,11-Nov-1945,+91 88159 93381,komal.shah372@example.org,495136617301,Mumbai,H02,2025-11-22 20:26:44
P002343,Mansi Sharma,female,1970-09-30,07436655294,mansi.sharma135@example.org,218596968782,Chandigarh,H04,2025-06-12 18:19:43
P002344,Shruti Reddy,f,2006-02-16,+91-9066807405,,409387115463, Pune,H01,2025-08-18 09:23:13
P002345,Rekha Singh,F,1978-03-13,07629060278,rekha.singh189@mail.example.com,597963502113,chandigarh,H04,2025-05-14 18:50:51
P002346,Rahul Pandey,M,1971-06-01,70592-47608,rahul.pandey408@example.net,808001749138,Bengaluru,H06,2025-05-29 21:11:04
P002347,Ritu Rao,Female,14-May-2011,9619373258,ritu.rao305@example.org,484576836593,Bengaluru,H06,2025-05-04 18:03:33
P002348,Manish Bose,M,23/12/1958,+91-7558919517,manish.bose882@mail.example.com,201081790003,Bengaluru,H02,2025-10-21 21:39:33
P002349,Deepak Mishra,M,1936-08-31,07708493565,deepak.mishra34@example.net,890295365790,Chennai,H03,2025-06-27 18:55:59
P002350,Arjun Deshmukh,M,1971-05-22,+91 87043 2526,arjun.deshmukh838@mail.example.com,922462831837,Chennai,H02,2025-06-15 13:27:02
P002351,Isha Deshmukh,f,1958-11-26,6742039114,isha.deshmukh40@example.org,818882771414,Mumbai,H02,2025-11-25 15:13:42
P002352,Rohan Bhatt,M,09/01/2006,6461947149,rohan.bhatt798@mail.example.com,952690581810,Chennai,H05,2025-12-21 07:08:46
P002353,Komal Gowda,Female,07-Sep-2014,7148684329,komal.gowda178@example.com,970139214635,Bengaluru,H06,2025-04-21 14:28:52
P002354,Divya Kulkarni,F,1946-07-07,70316-17414,divya.kulkarni459@example.org,831954744288,Mumbai,H01,2025-11-25 17:36:01
P002355,Gaurav Agarwal,MALE,2007-08-01,+91 74104 25874,gaurav.agarwal664@example.net,543481973063,Pune,H01,2025-02-14 12:56:02
P002356,Varun Menon,male,1987-06-12,99830-50873,varun.menon47@mail.example.com,408448360284,Chandigarh,H04,2025-05-02 11:30:17
P002357,Jyoti Gowda,f,22/07/1991,86674-74747,jyoti.gowda441@mail.example.com,547664267721,Chennai,H05,2025-06-19 10:45:10
P002358,Sanjay Pandey,M,2022-07-15,86040-43862,sanjay.pandey491@mail.example.com,530896259513,Delhi,H03,2025-05-27 11:18:03
P002359,Mohit Pillai,m,1969-07-27,78850-99640,mohit.pillai209@example.com,964283653378,chandigarh,H04,2025-08-01 17:31:34
P002360,  Siddharth Bose ,m,1967-01-18,+91-7754622244,siddharth.bose987@example.net,674835212477,pune,H02,2025-03-12 16:36:16
P002361,Manish Deshmukh,m,07-Mar-1951,07867433419,,541256517273,Mumbai,H02,2025-05-04 16:53:35
P002362,Vikram Menon,M,2004-06-07,09868910334,vikram.menon830@example.net,232320019736,Bombay,H06,2025-09-18 15:56:53
P002363,Divya Thakur,F,1944-05-01,+91-684618316,divya.thakur15@example.org,791324423934,New Delhi,H03,2025-04-07 21:05:02
P002364,Pranav Malhotra,Male,1987-12-07,+91-9315033163,pranav.malhotra714@example.net,611643574645,New Delhi,H03,2025-12-09 12:09:04
P002365,Manish Reddy,M,1948-12-22,06754950561,manish.reddy978@,942539756260,Bengaluru,H06,2025-02-05 19:39:03
P002366,Meera Chopra,F,2012-05-15,8846820083,meera.chopra904@example.org,735813093674,Delhi,H03,2025-07-20 20:38:38
P002367,Aditya Bhatt,Male,2003-09-22,06953682697,aditya.bhatt755@example.net,519204304052,Pune,H01,2025-01-31 13:00:48
P002368,Sunita Yadav,FEMALE,1945-03-20,9359859319,sunita.yadav65@example.org,590067789222,Mumbai,H02,2025-02-22 14:17:48
P002369,Jyoti Sharma,F,1952-12-07,0787321069,jyoti.sharma536@example.net,442695242173,Madras,H05,2025-09-09 19:52:10
P002370,Sneha Desai,f,1992-02-18,664 726 5941,sneha.desai40@example.com,398722686926,Mumbai,H02,2025-04-17 20:00:07
P002371,Pranav Sharma,M,05/05/1936,+91-8342061131,pranav.sharma124@example.net,469755503545,bengaluru,H06,2025-05-03 16:53:05
P002372,Arjun Rao,Male,1992-01-08,987 301 2309,arjun.rao727@example.org,933575688037,Delhi,H03,2025-12-10 13:26:01
P002373,Vikram Pillai,M,1997-01-02,08814790748,vikram.pillai579@example.com,755564606453,Chennai,H05,2025-01-14 20:10:37
P002374,Tanvi Menon,F,1973-03-24,871 092 6144,tanvi.menon329@example.org,452103071201,Mumbai,H02,2025-02-10 16:27:34
P002375,Harsh Nair,M,19/02/1999,+91 87675 32466,harsh.nair823@example.net,344008378376,Bengaluru,H06,2025-12-04 08:06:53
P002376,Manish Jain,m,07/10/1942,+91 95301 02340,manish.jain45@example.net,946159491639,delhi,H03,2025-01-14 19:38:31
P002377,Tanvi Thakur,F,1945-05-05,6844793988,tanvi.thakur981@example.com,442729823865,Delhi,H03,2025-09-17 07:14:22
P002378,Pallavi Kapoor,F,22/01/1950,+91 66626 01631,pallavi.kapoor613@example.com,258461970280,Chennai,H05,2025-06-24 12:54:53
P002379,Sneha Chopra,F,1981-05-21,6441897401,sneha.chopra209@example.com,399862521662,chennai,H05,2025-12-06 20:43:53
P002380,Amit Yadav,Male,1944-11-01,+91-7932059162,amit.yadav807@example.net,745266044519,DELHI,H03,2025-12-19 13:39:32
P002381,Radhika Jain,F,1998-12-22,904 856 9192,radhika.jain905@example.net,503331348913,PUNE ,H01,2025-02-10 07:17:07
P002382,Aarti Bose,F,1963-06-03,+91-7377657234,aarti.bose661@mail.example.com,752530209450,delhi,H01,2025-09-17 20:42:18
P002383,Mohit Reddy,m,2001-02-15,+91 69405 08829,mohit.reddy340@example.com,672359964655,Bangalore,H06,2025-02-22 07:03:08
P002384,Deepak Naik,m,21/07/2014,+91 91812 53161,deepak.naik708@example.com,764183003584,Bengaluru,H06,2025-05-07 09:58:22
P002385,Rohan Reddy,MALE,1995-03-13,7406458944,rohan.reddy51@example.org,963186755488,Chandigarh,H04,2025-04-05 13:37:33
P002386,Sunita Jain,FEMALE,21/05/1982,+91-7214893409,sunita.jain709@example.net,493882322996,Bengaluru,H06,2025-03-30 10:38:40
P002387,Pooja Joshi,female,04/11/1978,62964-65980,pooja.joshi394@example.com,591832607587,MUMBAI ,H02,2025-10-27 12:48:34
P002388,Kavita Mishra,F,27/03/1973,+91 77779 92591,kavita.mishra16@example.org,726254861946,chandigarh,H04,2025-01-03 07:01:25
P002389,Tanvi Gowda,F,2019-08-03,619 836 8067,tanvi.gowda179@example.net,962239850060,Delhi,H03,2025-04-14 19:42:19
P002390,Aarti Bose,F,25-Mar-1985,851 942 2860,aarti.bose922@example.com,645079269434,Delhi,H06,2025-08-08 09:54:20
P002391,Aarti Agarwal,FEMALE,1967-10-28,08856010749,aarti.agarwal224@example.org,328087168254,bengaluru,H06,2025-04-26 09:37:58
P002392,Rajesh Singh,Male,1978-08-03,777 561 3465,rajesh.singh730@mail.example.com,375454252477,Pune,H01,2025-12-08 14:24:30
P002393,Divya Iyer,F,2007-05-19,+91 80724 08995,divya.iyer167@example.net,799328917707,Pune,H01,2025-03-02 08:53:01
P002394,Arjun Verma,M,12-Nov-1965,09406036893,arjun.verma730@example.org,322604069308,Pune,H01,2025-11-30 13:23:32
P002395,Varun Joshi,M,12-Oct-1998,+91 83211 71989,varun.joshi235@mail.example.com,735943202901,delhi,H03,2025-10-07 07:45:30
P002396,Harsh Gupta,M,1939-10-13,8374064363,harsh.gupta818@mail.example.com,303758819208,CHENNAI,H05,2025-11-22 21:05:23
P002397,Prakash Menon,M,2006-09-21,+91 86511 45426,prakash.menon275@mail.example.com,251681127750,chandigarh,H04,2025-06-28 08:17:22
P002398,Gaurav Pandey,MALE,20/05/2017,70830-22462,gaurav.pandey835@example.com,547614312915,Chennai,H05,2025-07-14 07:58:19
P002399,Nikhil Malhotra,M,16-Oct-1989,+91-8566664646,nikhil.malhotra600@example.net,658345382409,Mumbai,H02,2025-09-05 10:04:51
P002400,Amit Naik,male,13/04/2002,7589770678,amit.naik931@example.com,606708857108,Bengaluru,H03,2025-07-29 15:31:43
P002401,Pranav Kapoor,M,2007-01-03,82422-23784,pranav.kapoor327@example.org,902841152687,DELHI,H03,2025-02-13 10:47:31
P002402,  Rahul Sharma ,M,1994-05-14,93447-78698,rahul.sharma77@example.com,460141912896,Delhi,H03,2025-07-22 16:57:49
P002403,Suresh Patil,other,1982-12-27,8143342087,,938826708988,Delhi,H03,2025-06-25 16:40:52
P002404,Arjun Iyer,M,1956-04-01,+91 97782 92227,arjun.iyer197@example.net,212237990812,Pune,H01,2025-02-20 18:25:40
P002405,Priya Deshmukh,female,1952-09-21,+91 85500 11394,priya.deshmukh670@example.net,632141168580,Mumbai,H02,2025-11-21 07:38:33
P002406,Komal Yadav,f,29-Mar-2021,+91 94608 80644,komal.yadav4@example.org,395639435852,Bengaluru,H06,2025-11-21 17:13:14
P002407,Varun Kulkarni,m,1959-05-03,6752078286,varun kulkarni244@mail.example.com,240564149052,Delhi,H03,2025-05-11 08:34:14
P002408,Vikram Kapoor,MALE,1954-09-14,69372-66552,vikram.kapoor522@example.com,798414355536,Mumbai,H02,2025-12-29 13:13:02
P002409,Siddharth Kapoor,MALE,1987-03-13,+91 86838 73027,siddharth.kapoor830@example.com,913493373398,Bengaluru,H06,2025-10-02 18:35:35
P002410,Manish Chopra,male,20/12/1996,967 120 5889,manish.chopra179@example.org,873051047617,mumbai,H02,2025-09-07 09:43:31
P002411,Amit Gupta,M,15/12/2001,793 576 5044,amit.gupta664@example.net,397948752265,Chennai,H02,2025-06-25 15:03:59
P002412,Mohit Agarwal,male,03/08/1991,72555-21260,mohit.agarwal173@example.com,731218787512,Chandigarh,H01,2025-05-03 10:29:14
P002413,  Amit Sharma ,M,2003-10-31,08168272303,amit.sharma882@example.com,569491865427,BANGALORE ,H06,2025-06-20 17:18:12
P002414,Swati Bhatt,f,12/12/2003,971 924 1632,swati.bhatt80@example.com,901795719350,Mumbai,H02,2025-03-22 13:09:13
P002415,Ritu Verma,Female,1950-12-16,620 978 5835,ritu.verma446@example.org,473422912538, Pune,H02,2025-06-01 20:36:07
P002416,Sanjay Nair,Male,25/08/2001,9814395889,sanjay.nair484@mail.example.com,537958062236,Chennai,H03,2025-06-03 12:30:26
P002417,Pooja Bhatt,f,1996-04-14,60138-31824,pooja.bhatt679@example.com,299220475337,CHENNAI,H05,2025-01-26 10:31:57
P002418,Nisha Iyer,female,22/11/1970,91039-77790,nisha.iyer663@mail.example.com,789789406908,chennai,H05,2025-04-03 09:24:01
P002419,  Nisha Agarwal ,f,1989-11-01,68517-92965,nisha.agarwal689@example.com,279662110996,Bengaluru,H06,2025-03-15 09:25:11
P002420,  Sanjay Deshmukh ,M,1993-07-17,+91-7410930242,sanjay.deshmukh645@example.com,281724378258,Bengaluru,H06,2025-08-19 17:46:58
P002421,  Tanvi Agarwal ,FEMALE,1944-11-30,+91-8668844723,,790601621324,Bengaluru,H06,2025-03-10 20:35:51
P002422,Aditya Agarwal,,1978-08-04,9140017033,aditya.agarwal119@example.net,589489125812,Mumbai,H02,2025-11-20 17:28:38
P002423,Kunal Shah,Male,1968-06-08,7491435009,kunal.shah236@example.org,347688905214,Pune,H01,2025-08-25 20:13:51
P002424,Sanjay Naik,M,06/08/1936,93730-39670,sanjay.naik441@example.com,630727265504,Mumbai,H02,2025-05-06 21:28:09
P002425,Deepak Chopra,M,1982-08-07,6892607042,deepak.chopra746@example.org,850783926262,Chandigarh,H04,2025-11-02 12:11:15
P002426,Bhavna Naik,F,04-Aug-2001,+91-6360216847,bhavna.naik927@example.com,313941297629,Pune,H01,2025-03-02 11:53:57
P002427,Amit Gowda,M,19-May-2000,79766-80556,amit.gowda921@example.com,218216317090,Delhi,H03,2025-03-07 16:03:09
P002428,Deepak Rao,M,12/05/2019,7220035339,deepak.rao758@example.com,250259921283,BANGALORE ,H06,2025-12-09 10:11:36
P002429,Pallavi Agarwal,FEMALE,24/04/1937,8241801391,pallavi.agarwal503@example.org,893560427990,Chennai,H05,2025-09-13 18:29:45
P002430,Swati Pandey,F,1957-02-05,86581-44672,swati.pandey39@example.net,655406375080,Mumbai,H02,2025-06-11 14:04:54
P002431,Rekha Gowda,F,17/07/1950,6257506812,rekha.gowda964@example.org,731371992112,CHENNAI,H05,2025-05-25 09:02:13
P002432,Anil Gupta,M,15/09/1963,728 613 4830,anil.gupta23@example.com,780110001057,Mumbai,H02,2025-04-29 19:35:10
P002433,Manish Jain,M,2022-07-07,75555-91998,manish.jain601@example.net,351916294173,Mumbai,H02,2025-11-17 16:49:19
P002434,Priya Reddy,,13/02/1974,917 602 601,priya.reddy467@example.net,284853315718,Chandigarh,H04,2025-11-18 10:19:05
P002435,Siddharth Kapoor,M,1977-12-04,65975-55818,siddharth.kapoor628@mail.example.com,244932959173,Pune,H01,2025-02-03 18:17:51
P002436,Varun Gupta,,06/10/2003,07116399350,varun.gupta274@example.com,482118230177,Chennai,H05,2025-08-22 18:34:42
P002437,Sandeep Kapoor,male,1951-05-19,685 411 1967,sandeep.kapoor1@example.net,327012016104,Chandigarh,H04,2025-12-16 17:03:17
P002438,Isha Nair,F,26/02/1983,07216347986,isha.nair230@,351088401817,Chennai,H05,2025-04-01 12:34:14
P002439,Pranav Patil,male,2004-09-29,0647167184,pranav.patil581@example.net,373784663108,Chennai,H05,2025-04-02 16:38:05
P002440,Mansi Kulkarni,Female,1975-01-09,08696159219,mansi.kulkarni562@example.com,731451390717,Chennai,H05,2025-09-27 16:48:46
P002441,Sneha Jain,F,1957-04-09,06759745953,sneha.jain809@example.com,966177590344,Bengaluru,H03,2025-10-10 15:51:16
P002442,Shruti Joshi,O,1999-06-07,617 825 2348,shruti.joshi30@example.org,508558822363,MUMBAI ,H02,2025-09-03 12:15:01
P002443,Rahul Malhotra,M,1961-09-15,96438-75564,rahul.malhotra668@mail.example.com,843700661763,Pune,H01,2025-04-18 18:43:07
P002444,Rahul Patil,m,01/07/1965,95534-14520,rahul.patil766@example.com,984464761230,pune,H01,2025-07-09 11:04:03
P002445,Suresh Joshi,M,1994-05-21,+91 61478 34232,suresh.joshi737@example.org,220974549408,Chennai,H05,2025-01-12 15:03:54
P002446,Harsh Joshi,M,1969-07-24,798 322 9761,harsh.joshi941@example.org,360462592221,pune,H01,2025-06-16 21:24:08
P002447,Rahul Desai,M,1998-01-21,+91 97322 74202,,699219904190,Chennai,H05,2025-08-20 16:09:03
P002448,Suresh Patil,MALE,2001-06-03,+91-7672942761,suresh.patil263@example.net,350128522773, Pune,H01,2025-05-03 09:37:07
P002449,Divya Yadav,female,11-Oct-1966,69922-50803,divya.yadav307@mail.example.com,470506942451,CHENNAI,H05,2025-09-19 16:56:19
P002450,Rajesh Iyer,M,1942-12-02,76590-76063,rajesh.iyer281@mail.example.com,297501744008,chennai,H05,2025-11-15 15:58:50
P002451,Pranav Deshmukh,,1961-06-11,+91-6401372330,pranav.deshmukh439@example.net,817450592217,Mumbai,H03,2025-11-17 13:46:58
P002452,Nikhil Sharma,Male,1957-06-16,96239-30744,nikhil.sharma842@example.org,316460302672,Mumbai,H02,2025-06-24 07:22:57
P002453,Swati Sharma,female,1997-10-21,87347-94483,swati.sharma922@example.net,622455583881,Mumbai,H02,2025-05-24 11:23:55
P002454,Kavita Nair,F,1969-04-22,69764-34603,kavita.nair970@example.org,402137275247,Delhi,H03,2025-01-08 12:43:14
P002455,Neha Verma,F,16/02/1996,+91 97775 39192,neha.verma159@example.org,487134811027,Chennai,H05,2025-04-03 21:20:02
P002456,Neha Gupta,F,1972-11-21,9367042036,neha.gupta439@example.com,895022863458,Delhi,H03,2025-03-12 13:35:40
P002457,Tanvi Deshmukh,F,10/02/1984,97031-02092,tanvi.deshmukh459@example.com,480229245254,Mumbai,H02,2025-06-06 20:04:52
P002458,Pooja Sharma,F,1936-04-13,69737-29450,pooja.sharma173@example.org,751131357232,Mumbai,H02,2025-11-08 08:53:29
P002459,Anjali Mehta,F,1968-10-10,9681407689,anjali.mehta604@mail.example.com,803854057507,Chandigarh,H06,2025-12-20 15:03:50
P002460,Kunal Kulkarni,Male,1995-02-18,09744200142,kunal.kulkarni654@example.org,751122910242,Delhi,H03,2025-07-07 13:21:24
P002461,Nikhil Malhotra,MALE,2009-10-17,07942021272,nikhil.malhotra64@example.org,979805616278,New Delhi,H03,2025-06-17 11:05:39
P002462,Deepak Joshi,M,01/07/1992,+91 63056 17308,,514887277570,Delhi,H03,2025-04-14 12:20:36
P002463,Suresh Singh,M,1953-11-21,+91-6160545342,suresh.singh121@example.net,322293254991,Chennai,H05,2025-12-08 18:08:34
P002464,Pranav Verma,M,12/03/1966,+91 60273 06872,pranav.verma360@mail.example.com,730212537777,Chandigarh,H05,2025-11-17 10:47:50
P002465,Shweta Pillai,FEMALE,1956-01-07,89800-33724,shweta.pillai101@mail.example.com,446110952927,Mumbai,H02,2025-10-14 18:00:06
P002466,Rohan Mishra,M,26-Jan-1957,92280-51856,rohan.mishra304@example.com,915899908643,Delhi,H03,2025-02-17 09:58:26
P002467,Anjali Mehta,F,1953-10-24,+91 98898 21070,anjali.mehta199@mail.example.com,668356439053,BANGALORE ,H06,2025-03-10 07:18:05
P002468,Deepak Rao,M,1986-11-07,81209-82737,deepak.rao72@mail.example.com,557146460308,Mumbai,H02,2025-07-19 12:07:42
P002469,Rohan Deshmukh,M,1986-02-16,645 698 9787,rohan.deshmukh500.example.com,743629509513,MUMBAI ,H02,2025-11-21 11:58:42
P002470,Sanjay Kapoor,M,1940-02-01,+91-6185897028,sanjay.kapoor71@example.com,851986883955,Delhi,H03,2025-01-26 12:05:26
P002471,Varun Mehta,MALE,2016-03-21,+91-8761017387,varun.mehta311@example.net,556736147671,Bengaluru,H06,2025-06-06 12:22:05
P002472,Priya Joshi,female,1953-06-24,7496068533,priya.joshi910@example.org,691590361063,Mumbai,H02,2025-07-30 14:16:42
P002473,Mohit Gupta,O,11/03/1995,746 818 0436,mohit.gupta365@mail.example.com,885713410391,Delhi,H03,2025-03-13 12:28:39
P002474,Divya Jain,female,02-Feb-2013,610 973 3803,divya.jain326@example.com,661294211690,Bengaluru,H06,2025-07-19 19:41:45
P002475,Jyoti Reddy,F,1996-05-31,+91 70024 33385,jyoti.reddy601@mail.example.com,944505977231,Chandigarh,H04,2025-06-07 17:36:54
P002476,Arjun Reddy,m,1961-05-09,+91 85600 88822,arjun.reddy20@example.org,589733684267,Mumbai,H02,2025-08-28 16:26:32
P002477,Ritu Gowda,,1979-10-03,93983-18207,ritu.gowda591@mail.example.com,791347686940,Delhi,H03,2025-12-22 09:58:33
P002478,  Nikhil Chopra ,male,22/08/1977,8707425649,nikhil.chopra78@example.com,536382848218,Mumbai,H02,2025-12-17 18:38:34
P002479,Shruti Joshi,f,1949-07-07,+91 96996 13760,shruti.joshi298@,266153838764,Delhi,H03,2025-12-22 12:33:42
P002480,Komal Desai,FEMALE,1973-07-08,7750577189,komal.desai699@example.com,686709299652,Chennai,H05,2025-12-11 07:43:22
P002481,Kunal Joshi,M,1965-10-17,+91 78531 13177,kunal.joshi582@example.net,601617088035,Chandigarh,H04,2025-01-18 09:57:20
P002482,Priya Malhotra,F,08/08/1942,08142387640,priya.malhotra401@mail.example.com,326917655751,Mumbai,H02,2025-10-18 08:02:46
P002483,Shweta Gupta,female,1940-03-26,8407352088,,310659861828,Mumbai,H02,2025-11-09 13:02:07
P002484,Neha Malhotra,F,30-Sep-1968,6920203028,neha.malhotra488@example.org,797693535139,pune,H01,2025-01-08 14:26:52
P002485,Pallavi Nair,F,2003-03-05,+91-8131002543,pallavi.nair256@example.com,594692300746,Chandigarh,H03,2025-02-04 20:51:27
P002486,Shruti Mehta,F,1975-02-01,07738471695,shruti.mehta303@mail.example.com,983206411351,Pune,H01,2025-01-22 17:56:56
P002487,Harsh Desai,Male,1984-01-17,08357499234,harsh.desai49@mail.example.com,594449758376,Delhi,H03,2025-04-14 17:01:52
P002488,Neha Rao,F,10-Sep-2002,06678862894,neha.rao20@example.com,436997039337,Delhi,H03,2025-11-13 14:48:17
P002489,Nikhil Thakur,M,1993-06-26,+91 85641 04150,nikhil.thakur961@mail.example.com,645841939359, Pune,H01,2025-04-23 14:30:07
P002490,  Isha Sharma ,F,17-Jul-1941,688 297 8121,isha.sharma101@mail.example.com,726526428161,Delhi,H03,2025-08-16 13:42:55
P002491,Mansi Iyer,F,1998-04-20,+91 70862 42977,mansi.iyer201@mail.example.com,781215959130,Delhi,H03,2025-12-29 08:09:05
P002492,Pranav Desai,M,1936-10-20,+91 66183 44851,pranav.desai187@example.net,839197658608,Chandigarh ,H03,2025-10-11 17:32:22
P002493,Pranav Jain,m,1941-04-09,+91-6700004885,pranav.jain380@example.org,338127619891,Mumbai,H05,2025-07-13 21:35:05
P002494,Anjali Deshmukh,FEMALE,05/09/1991,+91-8082625645,anjali.deshmukh969@example.org,670030337124,Delhi,H03,2025-05-23 18:11:12
P002495,Jyoti Rao,F,1939-03-07,+91-6080252493,jyoti.rao194@mail.example.com,355965118815,Bengaluru,H06,2025-09-16 21:49:53
P002496,Shweta Patil,FEMALE,1956-01-19,06525918570,shweta.patil697@mail.example.com,928284546600,Pune,H01,2025-07-29 09:36:18
P002497,Prakash Menon,male,1996-01-22,07078423945,prakash.menon297@mail.example.com,948917670622,Chennai,H05,2025-11-10 13:32:59
P002498,Rajesh Joshi,M,1988-02-16,09594530516,rajesh.joshi345@example.net,212706766195,Bangalore,H06,2025-03-17 09:53:53
P002499,Sneha Agarwal,F,2004-05-01,6434369572,sneha.agarwal825@example.org,601613087340,Mumbai,H02,2025-07-08 07:11:40
P002500,Shruti Mehta,F,1947-03-21,07444502452,shruti.mehta205@example.org,486196736030,Delhi,H04,2025-11-14 14:09:34
P002501,Harsh Pandey,MALE,19/06/1975,671 120 8966,harsh.pandey645@mail.example.com,616465281459,Mumbai,H02,2025-10-26 11:08:45
P002502,Sneha Jain,F,03-Dec-1972,9655330667,sneha.jain706@example.net,901266663153,Delhi,H03,2025-06-21 14:20:55
P002503,Tanvi Mishra,O,14-Aug-1985,60086-24892,tanvi.mishra451@mail.example.com,915290848153,Pune,H01,2025-09-20 13:08:22
P002504,Sandeep Mehta,MALE,1952-04-25,+91-9692266469,sandeep.mehta461.mail.example.com,683708707126,chandigarh,H04,2025-03-24 17:25:12
P002505,Rekha Pillai,female,2024-12-19,69683-79011,rekha.pillai832@example.org,342873865011,Mumbai,H02,2025-08-08 11:33:07
P002506,Sandeep Menon,male,1995-08-14,07814888952,sandeep.menon640@example.com,527482800587,Pune,H01,2025-11-25 12:33:24
P002507,Sneha Shah,f,2017-06-25,+91-7476605298,sneha.shah315@mail.example.com,736199980376, Pune,H01,2025-10-25 08:34:08
P002508,Nisha Gowda,Female,20/10/1992,+91 78054 80953,nisha.gowda310@mail.example.com,541539968375,Chennai,H05,2025-02-24 13:21:46
P002509,  Nikhil Bose ,M,1965-04-16,8299889725,nikhil.bose59@example.org,744363864683,Bengaluru,H06,2025-03-15 20:07:05
P002510,  Arjun Pillai ,M,01/07/1952,+91-9016944955,arjun.pillai736.example.net,288408342264,Delhi,H03,2025-08-28 20:44:15
P002511,Meera Yadav,F,12/07/1993,+91 73839 04866,meera.yadav547@mail.example.com,832623311986,Chandigarh,H04,2025-10-13 14:55:10
P002512,Rohan Deshmukh,M,13-Apr-1998,+91-8590079071,rohan.deshmukh280@example.net,530335413305,BANGALORE ,H06,2025-06-15 10:48:55
P002513,Shweta Gupta,FEMALE,2007-01-12,68359-89637,shweta.gupta115@example.net,728099528998,Chennai,H05,2025-03-02 08:38:35
P002514,Siddharth Kulkarni,male,1956-06-25,9096296225,siddharth.kulkarni691@example.com,628659051553,Madras,H05,2025-08-20 20:53:50
P002515,Sandeep Pandey,M,20-Apr-2013,812381392,sandeep.pandey308@example.org,573191930890,Chennai,H05,2025-03-02 10:27:12
P002516,Aarti Gowda,FEMALE,18-Sep-1962,61926-22422,aarti.gowda795@example.org,709271789857,Chennai,H05,2025-06-12 12:31:05
P002517,Prakash Joshi,M,1964-06-22,976 037 1568,,935526858909,Mumbai,H02,2025-02-03 14:07:43
P002518,Aarti Singh,F,16/12/1962,+91-7499248986,aarti.singh970@example.net,859145969568,Chennai,H05,2025-06-04 19:45:31
P002519,  Sanjay Mishra ,M,2006-08-10,90375-65228,sanjay.mishra980@example.net,836088317749,Chennai,H05,2025-08-28 20:15:10
P002520,Anil Bhatt,M,1975-11-16,+91 95230 92995,anil.bhatt759@example.com,470707674634,Bengaluru,H06,2025-05-18 07:18:20
P002521,Tanvi Bose,Female,1979-05-22,+91-619249398,tanvi.bose947@example.com,419548384513,Delhi,H03,2025-06-04 07:57:12
P002522,Tanvi Desai,female,1954-01-07,+91 95236 43194,tanvi.desai641@example.com,418602022448,MUMBAI ,H02,2025-12-29 21:05:28
P002523,Sneha Desai,,1961-08-23,98977-68253,sneha.desai695@example.net,290014429910,Pune,H01,2025-09-21 17:12:19
P002524,Mansi Yadav,F,26/04/2000,80184-21163,mansi yadav797@mail.example.com,899270867168,Chennai,H05,2025-12-20 14:11:14
P002525,Rohan Kulkarni,M,1936-12-14,989 232 8179,rohan.kulkarni720@example.net,457790069466,Delhi,H03,2025-09-23 19:00:48
P002526,Tanvi Singh,F,1990-05-02,+91 73069 64751,tanvi.singh698@example.com,211682597826,Chennai,H05,2025-03-30 12:54:18
P002527,Sneha Nair,F,1979-10-24,656 408 1880,sneha.nair581@example.org,717813402541,Chandigarh,H04,2025-06-22 13:21:58
P002528,Siddharth Bhatt,M,2008-11-12,8338192423,,740588707966,bengaluru,H06,2025-02-16 11:03:12
P002529,Priya Chopra,F,2022-10-08,734 638 1866,priya.chopra60@example.net,369208883678, Pune,H01,2025-07-21 13:48:15
P002530,Nikhil Thakur,m,02/03/1976,8226625360,nikhil.thakur29@,488606440657,Chandigarh,H01,2025-05-07 17:44:06
P002531,Sanjay Pandey,,14/10/2004,+91 86915 90636,sanjay.pandey695@example.com,548292178886,Mumbai,H02,2025-10-26 16:53:04
P002532,Vikram Menon,Male,1979-06-04,685 692 7170,vikram.menon4@example.net,279133859763,Chandigarh,H04,2025-02-03 21:17:34
P002533,Anil Desai,MALE,02/08/1960,+91 91979 43737,anil.desai996@example.com,401874769083,DELHI,H03,2025-09-11 21:32:56
P002534,Rekha Gowda,F,1972-03-26,+91-8188483213,rekha.gowda639@example.com,658752361021,PUNE ,H01,2025-01-19 16:43:13
P002535,Rohan Verma,M,1962-04-19,72877-90184,rohan.verma989@example.net,966830700916,Bengaluru,H06,2025-07-06 09:22:15
P002536,Ananya Reddy,f,30/12/1937,+91-6855046141,ananya.reddy386@example.com,560645411333,Pune,H01,2025-01-30 10:33:31
P002537,Amit Pillai,male,19/07/1944,63435-94284,amit.pillai945@example.org,864546877783,Chandigarh,H01,2025-06-06 16:29:20
P002538,Neha Joshi,F,2002-10-16,978 204 498,neha.joshi30@example.com,748065588210,Bengaluru,H06,2025-02-01 18:25:33
P002539,Radhika Bose,f,2013-04-09,08935367764,radhika.bose694@example.net,893583760370,Delhi,H03,2025-04-12 16:44:40
P002540,Swati Jain,F,1969-06-26,+91-6945496279,swati jain619@example.net,803011579829,Chandigarh,H04,2025-04-15 18:47:40
P002541,Prakash Deshmukh,m,23-Mar-2010,+91 89423 68523,prakash.deshmukh422@example.net,473234569226,Chennai,H05,2025-01-30 11:35:32
P002542,Rahul Agarwal,M,1980-12-22,71238-09997,rahul.agarwal307@mail.example.com,217718172242,Mumbai,H02,2025-04-14 20:26:27
P002543,Sunita Gowda,F,01/12/2013,8444187150,sunita.gowda772.example.net,955714243870,Chennai,H05,2025-03-26 10:43:38
P002544,Harsh Rao,m,19/09/1993,68369-59603,harsh.rao538@example.com,716537070312,Mumbai,H02,2025-06-07 07:34:20
P002545,Prakash Verma,Male,01/09/2019,64643-53258,prakash.verma616@mail.example.com,250283666984,Chandigarh,H06,2025-02-27 20:20:19
P002546,Meera Shah,female,14-Jan-1993,07512981277,meera.shah839@example.net,924734524158,Delhi,H06,2025-12-31 08:48:17
P002547,Rohan Gupta,M,2006-02-10,+91-6572411225,rohan.gupta61@example.org,722279276925,chandigarh,H04,2025-06-16 20:36:28
P002548,Pranav Jain,M,1988-11-05,+91-7744270275,pranav.jain24@example.net,320808013445,Delhi,H03,2025-11-07 11:57:25
P002549,Ritu Rao,Female,18-Mar-1946,63289-33580,ritu.rao544@example.org,308757977158,Mumbai,H05,2025-04-11 07:03:46
P002550,Rahul Mehta,M,09/06/1969,92842-02240,rahul.mehta450@mail.example.com,484802595794,Chandigarh,H04,2025-09-11 12:06:09
P002551,Manish Jain,M,31-Aug-1963,708 892 9314,manish.jain917@mail.example.com,702179177637,Mumbai,H02,2025-11-14 09:01:20
P002552,Sandeep Joshi,Male,1964-03-27,+91-6206998641,sandeep.joshi828@example.net,201458505796,Delhi,H03,2025-12-18 21:14:42
P002553,Shruti Malhotra,O,10-Oct-1938,+91 89694 03167,shruti.malhotra822.example.com,458180710350,Delhi,H03,2025-03-26 20:53:30
P002554,Bhavna Sharma,F,1977-07-11,+91-9426012306,bhavna.sharma892@example.com,967161059266,Delhi,H03,2025-04-01 15:13:34
P002555,  Tushar Gupta ,M,2011-09-30,9274305769,tushar.gupta230@example.net,656045799737,Chandigarh ,H04,2025-04-12 12:43:08
P002556,Gaurav Thakur,M,1979-03-27,+91-9798382548,gaurav.thakur106@mail.example.com,274839298276,Bengaluru,H02,2025-05-11 13:38:05
P002557,Shweta Mehta,F,1971-09-04,+91 67878 43756,shweta.mehta267@example.org,501885484453,Bengaluru,H06,2025-05-31 21:59:22
P002558,Tanvi Yadav,F,1959-02-04,+91-7255536546,tanvi.yadav355@example.org,898418333677,Delhi,H03,2025-01-13 16:21:56
P002559,Rekha Chopra,female,05/09/1970,7018183979,rekha.chopra470@mail.example.com,931704826940,Chandigarh,H04,2025-08-04 16:34:19
P002560,Amit Reddy,M,1957-08-30,9496828204,amit.reddy115@example.com,739771865099,Bengaluru,H05,2025-08-01 17:05:41
P002561,Nisha Yadav,female,22-Feb-1965,8547373258,nisha.yadav933@example.com,782840929930,Mumbai,H06,2025-02-25 13:23:56
P002562,Ananya Thakur,F,1961-07-10,+91 81006 14498,ananya.thakur64@example.net,581901471554,Bombay,H02,2025-01-30 12:46:23
P002563,Pranav Gowda,M,1995-10-26,08496339453,pranav.gowda390@mail.example.com,867989273021,Pune,H01,2025-03-06 17:23:58
P002564,Karan Mishra,male,1986-07-23,+91-7828282708,karan.mishra696@example.org,641741699102,Pune,H01,2025-04-11 07:46:43
P002565,Sandeep Patil,M,1980-11-16,+91 83724 76814,sandeep.patil95.mail.example.com,449411949168,CHENNAI,H05,2025-10-02 19:52:07
P002566,Sneha Malhotra,Female,1964-04-27,+91-8803424182,sneha.malhotra864@example.com,683093483267,Chandigarh,H04,2025-03-28 10:59:20
P002567,Jyoti Reddy,F,1940-03-18,+91 71684 37575,jyoti.reddy506@example.org,669990345432,Pune,H01,2025-01-09 13:42:57
P002568,  Shruti Shah ,f,15/06/1964,+91 74804 14600,shruti.shah928@example.net,272291467918,Bombay,H02,2025-09-16 20:18:51
P002569,Shweta Pillai,FEMALE,16-Oct-2020,849 512 4519,shweta.pillai767@example.com,996654378988,Delhi,H03,2025-04-25 10:08:07
P002570,Vikram Yadav,M,2021-08-29,+91-635650690,vikram.yadav621@example.org,922016535294,mumbai,H02,2025-06-25 15:15:57
P002571,Kunal Mishra,M,1936-10-14,91514-31246,kunal.mishra305@example.com,777782062301,Bengaluru,H02,2025-12-06 19:04:25
P002572,Kavita Reddy,Female,1946-04-18,+91 91713 32405,kavita.reddy344@example.org,726952866379,Chennai,H05,2025-09-17 10:48:23
P002573,Jyoti Bhatt,F,08/06/2011,818 321 2451,jyoti.bhatt923@example.org,421828951818,Pune,H01,2025-06-13 10:37:42
P002574,Nikhil Yadav,MALE,2010-07-27,+91 62667 68208,nikhil.yadav708@mail.example.com,911770602771,Mumbai,H02,2025-11-26 20:13:49
P002575,Shruti Mishra,F,17-Jun-1947,84956-32055,shruti.mishra696@mail.example.com,744221503385,Pune,H01,2025-10-12 21:20:00
P002576,Mohit Reddy,male,30/05/1998,+91-9917059487,mohit.reddy654@example.com,492508433257,Mumbai,H02,2025-06-08 14:05:46
P002577,Swati Kulkarni,F,2022-06-26,+91-7901531236,swati.kulkarni798@example.com,416326215312,CHENNAI,H05,2025-04-19 09:59:48
P002578,Nisha Agarwal,F,10/02/1983,+91 64202 59729,nisha.agarwal977@mail.example.com,819653061388,Bengaluru,H06,2025-07-19 17:14:11
P002579,Prakash Reddy,M,1978-11-13,07607156206,prakash.reddy191@example.com,325144680051,Chennai,H05,2025-08-06 14:21:51
P002580,Ritu Chopra,Female,2012-11-22,8232081199,ritu.chopra795@example.com,971040901230,Pune,H01,2025-07-22 11:20:48
P002581,Sneha Agarwal,F,26/07/1937,08394091709,sneha.agarwal396@example.net,708573158574,delhi,H03,2025-04-04 16:15:08
P002582,Anjali Kulkarni,FEMALE,01/06/1968,0632319034,anjali.kulkarni805@example.net,324376680483,Chennai,H05,2025-03-20 09:29:47
P002583,Harsh Kulkarni,M,1992-03-08,+91-9164298262,harsh.kulkarni992@mail.example.com,558168144606,Bangalore,H06,2025-04-20 18:01:30
P002584,Suresh Thakur,MALE,2002-06-30,0875775691,suresh.thakur210@mail.example.com,389207472645,Bengaluru,H06,2025-02-04 13:21:47
P002585,Rahul Bhatt,m,2022-01-22,90479-12150,rahul.bhatt121@example.org,521877221500,bengaluru,H06,2025-02-19 12:13:21
P002586,Kavita Pillai,F,05/09/1965,7124037203,kavita.pillai165@example.org,291956891395,Delhi,H03,2025-07-02 16:38:57
P002587,Nikhil Malhotra,male,1946-01-12,72399-01960,nikhil.malhotra769@example.com,347797440817,Delhi,H03,2025-09-06 16:18:13
P002588,  Pranav Gupta ,MALE,1995-05-18,+91 99694 66141,pranav.gupta152@example.net,762956562202, Pune,H01,2025-10-13 14:24:55
P002589,Tushar Menon,MALE,2004-02-29,+91 65209 34601,tushar.menon631@,825555492307,chennai,H05,2025-12-25 13:58:59
P002590,Manish Gupta,M,2009-09-07,91815-98803,manish.gupta127@example.net,987991586404,Bengaluru,H06,2025-12-02 09:40:28
P002591,Shweta Sharma,O,1976-06-30,09969730718,shweta.sharma893@mail.example.com,487881902825,Delhi,H03,2025-01-08 15:46:05
P002592,Tanvi Yadav,Female,16-Oct-1965,+91 86910 62247,tanvi yadav499@example.net,406747541739,Pune,H01,2025-01-17 20:21:44
P002593,Divya Menon,Female,1988-12-26,953 178 6206,divya.menon707@example.com,957026250555, Pune,H01,2025-08-16 18:57:46
P002594,Sneha Bhatt,F,20-Mar-1948,+91 76050 36896,sneha.bhatt503@example.com,505868121548,Chennai,H05,2025-08-08 14:21:21
P002595,Kavita Pandey,f,1985-05-26,716 562 7646,kavita.pandey158@mail.example.com,497411292065,Pune,H01,2025-09-26 20:18:18
P002596,Nisha Bhatt,F,1975-04-26,696 543 8213,nisha.bhatt462@mail.example.com,731603595400,MUMBAI ,H01,2025-07-14 10:02:20
P002597,Pallavi Chopra,F,1952-10-31,+91-6298104032,pallavi.chopra35@example.com,932147527646,Delhi,H03,2025-08-01 07:04:09
P002598,Prakash Jain,MALE,06/03/2011,+91-6611930612,prakash.jain696@example.com,698957820014,Chandigarh,H04,2025-06-26 10:48:00
P002599,Anjali Mishra,Female,17-May-1990,86134-87510,anjali.mishra770@example.com,498207883979,CHANDIGARH,H04,2025-10-14 20:47:14
P002600,Kunal Bhatt,M,1980-03-06,7332305935,kunal.bhatt127@example.com,506811338853,Pune,H01,2025-07-13 14:20:44
P002601,Sunita Mishra,female,1979-08-27,789255147,sunita.mishra554@example.org,831034076970,bengaluru,H06,2025-03-30 08:58:35
P002602,Rekha Rao,FEMALE,10/02/1980,690 957 2813,rekha.rao489@example.com,877161193763,Madras,H05,2025-12-27 17:53:49
P002603,Pallavi Rao,Female,01/03/1962,09655159688,pallavi.rao974@example.net,446601189241,MUMBAI ,H02,2025-04-04 13:11:11
P002604,  Anil Deshmukh ,M,1938-03-03,+91 78511 57028,anil.deshmukh632@mail.example.com,569043671549,Delhi,H03,2025-05-04 14:59:21
P002605,Rajesh Bose,M,1950-09-07,9100711330,rajesh.bose949@example.net,912202284551,Delhi,H03,2025-08-24 07:13:27
P002606,Siddharth Desai,male,1975-09-28,92837-94299,siddharth.desai726@,300419542998,Delhi,H02,2025-12-06 19:26:05
P002607,Suresh Deshmukh,m,2002-02-14,+91-780301050,suresh.deshmukh426.example.net,554819285849,Chennai,H06,2025-11-08 09:14:22
P002608,Pallavi Kulkarni,female,1964-08-02,+91 60024 51239,pallavi.kulkarni557@example.net,355277342610,Chandigarh,H02,2025-10-22 09:00:22
P002609,Rekha Agarwal,female,1994-08-19,06595688925,rekha.agarwal581@example.com,836338510794,Delhi,H03,2025-04-28 11:46:10
P002610,Rohan Kulkarni,male,18-Aug-1981,+91 61331 79824,rohan.kulkarni214@example.net,993101597170,Delhi,H03,2025-02-10 20:00:15
P002611,Deepak Agarwal,M,1945-08-02,07314703641,deepak.agarwal655@example.org,826626907353,Pune,H01,2025-11-15 13:17:38
P002612,Amit Pandey,M,02/01/2007,07166637280,amit.pandey169@example.org,487141723743,Delhi,H03,2025-12-18 14:09:41
P002613,Rohan Bose,M,1956-10-07,+91-9726969248,rohan.bose177@example.net,400114647421,Pune,H01,2025-08-25 18:55:55
P002614,Mansi Patil,female,2014-07-05,+91-8452795867,mansi.patil811@mail.example.com,769696534218,Bangalore,H06,2025-07-12 11:05:57
P002615,Varun Nair,male,15/10/1996,+91 66573 95605,varun.nair765@example.org,210407729771,chandigarh,H04,2025-08-01 09:10:44
P002616,Aarti Kulkarni,female,1994-07-21,906 641 0554,aarti.kulkarni99@example.net,235184756076, Pune,H01,2025-09-28 17:52:42
P002617,Shweta Nair,F,06/10/1940,+91-8887880514,shweta.nair830@example.com,567039662126,bengaluru,H06,2025-05-26 11:41:58
P002618,Deepak Kulkarni,M,06/10/1992,06598813860,deepak.kulkarni111@example.com,315554427245,Mumbai,H02,2025-05-21 09:44:26
P002619,Prakash Desai,M,2017-12-21,61236-33269,prakash.desai944@example.net,276380004642,Bengaluru,H01,2025-01-07 14:34:20
P002620,Sanjay Mehta,male,26-Jun-2001,08635297963,sanjay.mehta892@example.org,525764352152,Mumbai,H02,2025-04-25 14:07:33
P002621,Ritu Menon,female,1970-09-14,+91 73032 76302,ritu.menon353@example.net,374520229446,Chennai,H05,2025-04-29 13:46:31
P002622,Pranav Deshmukh,M,1967-11-06,628 900 504,pranav.deshmukh354@example.org,606789591272,Bengaluru,H06,2025-02-02 15:03:31
P002623,Neha Reddy,Female,11-Nov-2021,9178267092,neha.reddy770@example.net,627173981735,Bengaluru,H06,2025-03-15 19:51:22
P002624,Divya Chopra,F,30/01/2024,8278670760,divya.chopra14@example.net,983306391327,Chandigarh,H04,2025-02-24 19:34:09
P002625,Vikram Kulkarni,M,1973-08-19,9567898850,vikram.kulkarni798@example.com,794422922710,Delhi,H03,2025-06-23 13:47:39
P002626,Sandeep Chopra,M,1944-10-22,62032-83276,sandeep.chopra389@example.com,262868324467,PUNE ,H01,2025-03-25 12:14:03
P002627,Sneha Yadav,F,2000-09-04,07741724815,sneha.yadav448@example.org,547960991440,Chandigarh,H04,2025-12-03 18:31:07
P002628,Suresh Naik,m,02/04/2003,852 792 4467,suresh.naik440@example.com,666487003645,New Delhi,H03,2025-05-01 09:43:06
P002629,Arjun Gowda,M,1990-06-27,09568236264,arjun.gowda183@example.org,495145985463, Pune,H01,2025-08-04 07:10:24
P002630,Deepak Naik,M,1952-09-24,9688737922,deepak.naik498@mail.example.com,836658886033,BANGALORE ,H06,2025-12-04 15:07:20
P002631,Divya Patil,F,1952-06-03,86828-38377,divya.patil659@example.org,483218763705,Pune,H01,2025-02-01 10:16:42
P002632,Amit Naik,M,1953-09-20,62791-47210,amit.naik381@example.org,535728437551,Mumbai,H02,2025-05-08 09:38:09
P002633,Bhavna Joshi,f,1954-08-03,72816-57839,bhavna.joshi226@example.com,296566823084,Delhi,H03,2025-05-29 12:59:23
P002634,Aarti Chopra,FEMALE,10/09/1962,+91 83775 46684,aarti.chopra853@example.org,947834297712,Chennai,H05,2025-02-20 19:34:17
P002635,  Mohit Gowda ,male,1989-11-13,61052-36060,mohit.gowda502@mail.example.com,293698968640,Chennai,H05,2025-07-29 11:17:46
P002636,Anil Deshmukh,male,1990-01-21,90157-10868,anil.deshmukh365@mail.example.com,600303116677,Bengaluru,H06,2025-07-12 12:16:30
P002637,Arjun Malhotra,Male,17/09/2024,+91-6247521275,arjun.malhotra531@example.net,270064740679,Bengaluru,H06,2025-06-11 18:03:10
P002638,Tanvi Menon,FEMALE,1995-09-28,9311785650,tanvi.menon972@example.com,493333691514,Delhi,H03,2025-09-26 13:15:04
P002639,Radhika Mishra,Female,26-Mar-2007,+91-8752200600,radhika.mishra383@mail.example.com,628291319960,Delhi,H03,2025-05-18 20:43:26
P002640,Bhavna Gowda,F,1989-10-13,+91 94324 55742,bhavna.gowda285@example.com,305852783387,Chennai,H05,2025-08-13 20:23:11
P002641,Manish Deshmukh,m,24/10/1967,+91 92083 19193,manish.deshmukh861@example.net,666687811213,Chennai,H03,2025-12-18 19:35:41
P002642,Amit Joshi,MALE,2019-12-07,08026557505,amit.joshi333@example.net,919573909866,Pune,H01,2025-01-16 18:35:52
P002643,Sanjay Deshmukh,M,06/02/1939,+91 65783 79743,sanjay.deshmukh476@example.com,900117198824,Mumbai,H02,2025-11-05 08:54:18
P002644,Shruti Patil,F,1941-09-25,06682962105,shruti patil102@mail.example.com,938305334412,MUMBAI ,H02,2025-04-23 19:33:55
P002645,Shruti Bhatt,F,08/06/1978,918 787 871,shruti.bhatt885@example.net,785683938279,Mumbai,H02,2025-02-21 16:58:47
P002646,Harsh Iyer,,2020-03-14,8946290198,harsh.iyer742@mail.example.com,331978095927,PUNE ,H01,2025-01-20 08:41:23
P002647,Pallavi Chopra,F,2001-03-22,09930521089,pallavi.chopra236@example.com,625370774452,Chennai,H05,2025-08-02 08:37:21
P002648,Jyoti Bose,f,15/04/2017,08358245018,jyoti.bose734@example.com,341057604491,DELHI,H03,2025-01-17 09:04:54
P002649,Karan Bose,M,2002-06-19,08316720154,karan.bose734@example.org,767568341964,Chandigarh,H04,2025-05-02 08:06:54
P002650,Jyoti Menon,female,23/10/2006,81179-18449,jyoti.menon874@mail.example.com,290136836593,Bombay,H02,2025-03-24 10:24:00
P002651,Radhika Yadav,Female,1982-01-06,+91-6759940130,radhika.yadav799@example.com,979638564097,Delhi,H03,2025-09-04 10:00:20
P002652,Kavita Malhotra,FEMALE,1966-11-02,08378044846,kavita.malhotra813@example.net,374253897206,Pune,H01,2025-11-17 20:38:20
P002653,Rajesh Agarwal,M,06-Oct-1997,+91-9774274599,rajesh.agarwal172@example.net,239540763058,Bengaluru,H06,2025-12-08 13:39:15
P002654,Bhavna Bose,Female,1969-06-22,+91-9411483072,bhavna.bose703@example.net,674563619193,DELHI,H03,2025-12-12 08:28:05
P002655,Nisha Sharma,F,1964-01-15,+91 90236 42357,nisha.sharma336@example.net,230648003868,Mumbai,H02,2025-03-01 18:35:22
P002656,Prakash Singh,male,1961-04-25,63310-62334,prakash.singh380@mail.example.com,962351729744,Bengaluru,H06,2025-12-15 07:03:32
P002657,Prakash Kapoor,male,2006-10-27,88137-49534,prakash.kapoor129@example.org,579423867260,MUMBAI ,H02,2025-06-09 14:54:10
P002658,Rahul Malhotra,M,1954-01-16,+91 81654 66941,rahul.malhotra764@example.org,589004308912,New Delhi,H05,2025-03-19 21:14:37
P002659,Mansi Kulkarni,,2006-08-19,7826717218,mansi.kulkarni225@example.com,989848627291,Chennai,H03,2025-04-16 17:45:24
P002660,Pranav Yadav,m,26-Jul-2017,+91 72602 14385,pranav.yadav555@example.org,474737563125,delhi,H03,2025-12-22 20:26:59
P002661,Rahul Desai,Male,08/05/1998,9243474951,rahul.desai112@example.org,981521100047,Pune,H01,2025-01-15 20:09:16
P002662,Rajesh Agarwal,M,25/08/1984,+91 64988 89086,rajesh.agarwal195@example.net,981187534071,delhi,H03,2025-10-05 20:57:07
P002663,Arjun Menon,M,26/03/2003,893 115 9157,arjun.menon722@mail.example.com,929306989275,Pune,H01,2025-05-22 10:15:41
P002664,Arjun Malhotra,M,1950-09-11,+91-7296969787,arjun.malhotra802@mail.example.com,302597188598,Madras,H05,2025-03-07 13:25:18
P002665,Shweta Agarwal,F,2006-09-12,09616130338,shweta.agarwal881@mail.example.com,974322312292,Bengaluru,H06,2025-03-19 21:53:04
P002666,Pallavi Chopra,f,1961-09-14,87197-74083,pallavi.chopra918@mail.example.com,657726065035,Chandigarh,H04,2025-03-07 14:48:14
P002667,Bhavna Jain,F,02-Dec-1962,8302717537,bhavna.jain402@example.net,464122803622,DELHI,H01,2025-04-11 12:31:00
P002668,Deepak Thakur,M,25/09/1980,+91 62186 74794,deepak.thakur517@example.org,831002210013,Mumbai,H02,2025-02-22 14:57:47
P002669,Aarti Verma,F,15/10/1957,+91-8080191388,aarti.verma170@example.com,532990659648,Delhi,H02,2025-07-19 10:50:01
P002670,Manish Iyer,M,2003-09-07,06497216793,manish.iyer42@example.net,635890391785,Chandigarh,H04,2025-06-10 15:04:26
P002671,Kavita Mishra,f,1981-07-14,72076-30311,kavita.mishra310@mail.example.com,473482159795,MUMBAI ,H02,2025-10-15 12:35:42
P002672,Sunita Verma,O,1993-02-08,06623371192,sunita.verma713@example.com,917063478288,Chennai,H05,2025-06-26 08:26:20
P002673,Pallavi Chopra,F,1988-11-05,629 668 3324,pallavi.chopra134@example.com,461059588020,CHANDIGARH,H04,2025-07-28 13:37:13
P002674,Pranav Patil,MALE,1971-07-31,82503-42556,pranav.patil752@mail.example.com,576851873158,Madras,H05,2025-09-06 12:53:55
P002675,Pranav Verma,M,20-Jan-1983,0898844084,pranav.verma968@example.com,477668420955,mumbai,H02,2025-01-28 18:26:13
P002676,Tushar Desai,M,1975-02-14,+91-9256906765,tushar.desai500@example.com,811637179077,Chennai,H05,2025-11-07 20:25:27
P002677,Kavita Shah,F,25/07/1948,9403117240,kavita.shah885@example.com,865130345547,Chennai,H05,2025-08-18 09:31:14
P002678,Mohit Gowda,Male,1957-02-21,+91 72842 37794,mohit.gowda445@example.org,826460295977,Chennai,H03,2025-11-12 14:02:30
P002679,Rahul Patil,M,2001-10-24,805 612 2345,rahul.patil734@example.org,719137750263,CHENNAI,H05,2025-04-30 21:42:54
P002680,Sneha Gowda,FEMALE,30/01/1978,876 719 0981,sneha.gowda380@example.com,506231974025,chennai,H05,2025-12-12 18:29:46
P002681,Jyoti Singh,other,1946-12-19,+91-8660674183,jyoti.singh246@mail.example.com,567658614619,Delhi,H03,2025-03-04 16:53:01
P002682,Neha Gupta,F,16/10/2014,+91 71274 73650,neha.gupta798@example.net,921461487818,Chennai,H05,2025-11-06 16:17:50
P002683,Bhavna Reddy,F,1988-12-12,07192106083,bhavna.reddy670@example.com,360658606562,Delhi,H03,2025-12-02 17:59:15
P002684,Kavita Kapoor,female,2026-01-01,9596753231,kavita.kapoor898@example.com,261241499393,Chennai,H05,2025-07-31 10:06:42
P002685,Sanjay Bose,M,07-Nov-1983,+91-758030419,sanjay.bose56@example.org,439199152505,CHENNAI,H05,2025-08-17 20:38:55
P002686,Aditya Gowda,male,1940-05-02,+91 78201 74058,aditya.gowda216@mail.example.com,443858366914,Pune,H06,2025-01-30 15:48:54
P002687,Nisha Verma,f,1963-05-06,66610-44304,nisha.verma40@example.net,808873388582,Bengaluru,H06,2025-11-18 08:46:00
P002688,Jyoti Iyer,F,1951-09-12,603 001 5252,jyoti.iyer686@mail.example.com,214468374524,bengaluru,H06,2025-02-08 09:56:05
P002689,Harsh Gupta,M,1965-12-11,794 662 6107,harsh.gupta990@example.net,244720735187,CHENNAI,H05,2025-11-15 20:09:44
P002690,Shweta Mehta,FEMALE,1991-09-04,+91-7278512483,shweta.mehta553@example.net,956427391922,bengaluru,H03,2025-07-17 10:40:17
P002691,Sandeep Jain,male,1938-03-20,959 924 8684,sandeep.jain366@example.com,315422449801,Pune,H01,2025-01-25 10:18:48
P002692,Amit Bhatt,male,1988-09-10,08974821305,amit.bhatt26@example.com,634456068338,Chandigarh,H05,2025-05-10 13:18:17
P002693,Siddharth Kulkarni,Male,1956-03-20,+91-7375471944,siddharth.kulkarni303@example.net,832989172846,Mumbai,H02,2025-12-09 21:15:27
P002694,Shruti Singh,Female,2012-03-18,+91-8917480798,shruti.singh18@example.com,393164534672,mumbai,H02,2025-01-18 14:07:08
P002695,Divya Sharma,F,1936-09-16,7203658609,divya.sharma62@example.net,890240212142,Delhi,H03,2025-12-19 10:54:02
P002696,Jyoti Bose,f,12/07/1992,+91 91666 98125,jyoti.bose34@example.net,332727440814,Pune,H01,2025-12-02 11:22:04
P002697,Shweta Sharma,Female,1951-01-12,+91 87811 89091,shweta.sharma252@example.net,846207705813,Mumbai,H02,2025-05-01 12:54:01
P002698,Deepak Bhatt,M,1966-10-29,07587880938,deepak.bhatt455@mail.example.com,661387028655,Bengaluru,H06,2025-01-21 09:48:53
P002699,Radhika Rao,F,2017-09-15,801 372 4744,radhika.rao279@mail.example.com,933939751153,delhi,H03,2025-06-23 12:38:36
P002700,Meera Kulkarni,f,1948-04-09,89394-72931,meera.kulkarni977@mail.example.com,286148871278,Chennai,H05,2025-11-22 12:07:35
P002701,Prakash Nair,M,07/02/1957,07406586927,prakash.nair462@example.com,550476383476,DELHI,H03,2025-04-21 10:49:45
P002702,Nisha Gowda,F,18-Jun-1963,65503-22994,nisha.gowda449@mail.example.com,760285984478,Bengaluru,H06,2025-08-20 18:02:53
P002703,Swati Joshi,F,2000-12-25,+91-8684169710,swati.joshi995.mail.example.com,236232889267,Chandigarh ,H03,2025-07-24 10:08:09
P002704,Nisha Kapoor,F,1982-08-28,+91 74674 55146,,225508688874,Bombay,H02,2025-12-18 12:13:22
P002705,Tanvi Verma,FEMALE,2002-12-06,90649-61455,tanvi.verma807@example.org,680749293622,delhi,H03,2025-08-08 09:23:01
P002706,Yash Reddy,Male,27/11/1946,+91 67175 75998,yash.reddy242@example.net,928499754816,Chandigarh,H04,2025-06-29 09:06:57
P002707,Arjun Joshi,M,06/05/1999,677 789 5266,arjun.joshi391@example.com,508396126793,delhi,H05,2025-05-19 18:34:50
P002708,Anjali Sharma,F,1961-04-29,+91-7930333124,anjali.sharma716@example.org,257067642004,Pune,H01,2025-11-07 16:55:18
P002709,Vikram Menon,M,13/02/1978,67513-04130,vikram.menon107@example.com,874211389855,Pune,H01,2025-08-30 13:51:17
P002710,Varun Naik,M,1965-04-12,6033979196,varun.naik675.example.com,644297152735,Bombay,H02,2025-06-20 13:18:56
P002711,Sanjay Kulkarni,MALE,08/06/1971,09339681618,sanjay.kulkarni758@example.net,335117860432,Bombay,H02,2025-01-05 17:38:49
P002712,Siddharth Menon,M,17/05/1965,965 252 416,siddharth.menon946@example.org,788035850797,Chandigarh,H04,2025-03-11 10:13:00
P002713,Suresh Iyer,M,06/02/1998,+91 95938 38192,suresh.iyer670@example.com,488159995481,delhi,H02,2025-11-08 10:24:34
P002714,Prakash Malhotra,M,12-Jun-1959,663 432 6377,prakash.malhotra134@mail.example.com,848812185742,Delhi,H03,2025-08-22 09:09:37
P002715,Pooja Desai,F,26-Jan-1999,66935-93341,pooja.desai90@example.net,666664039777,Madras,H05,2025-12-19 11:19:51
P002716,Neha Verma,F,1971-04-13,+91-7921321880,neha.verma50@mail.example.com,873381102350,Bengaluru,H06,2025-09-25 16:50:51
P002717,Komal Malhotra,F,13-Jun-2013,+91-6719283843,komal.malhotra575@example.com,901647897981,CHANDIGARH,H04,2025-11-26 21:37:37
P002718,Sandeep Yadav,MALE,1935-10-30,08308613894,sandeep.yadav707@mail.example.com,213534502182,bengaluru,H06,2025-02-01 12:05:35
P002719,Vikram Agarwal,M,19/08/1964,07596909585,vikram.agarwal834@example.net,208759453600, Pune,H01,2025-01-09 11:23:03
P002720,Anjali Desai,FEMALE,1953-05-22,+91-8816341213,anjali.desai861@example.net,674151370943,Mumbai,H02,2025-09-13 20:10:54
P002721,Aditya Verma,M,1978-03-02,9370877548,aditya.verma110@example.org,333502093253,BANGALORE ,H06,2025-12-16 21:27:32
P002722,Pranav Gupta,M,2007-01-26,08102335210,pranav.gupta198@example.com,976382618358,bengaluru,H06,2025-04-19 08:03:16
P002723,Mohit Gowda,M,1971-11-11,9658819575,mohit.gowda306@example.com,989634196623,Pune,H01,2025-07-27 15:28:15
P002724,Harsh Yadav,MALE,30/09/1972,+91-8727461193,harsh.yadav280@example.org,926624032857,bengaluru,H06,2025-03-22 15:58:33
P002725,Anjali Agarwal,f,1950-05-03,6157538997,anjali.agarwal242@example.org,679596551345,Mumbai,H02,2025-12-19 19:01:01
P002726,Nikhil Chopra,M,07/06/1966,63466-44907,nikhil.chopra651@example.net,376758052966,chennai,H05,2025-07-04 20:29:48
P002727,Meera Rao,f,16/02/1996,9550618805,meera.rao453@mail.example.com,539535307317,Chennai,H05,2025-12-06 18:59:15
P002728,Vikram Verma,MALE,12-Sep-2004,8060432159,vikram.verma152@example.org,924602929835,Chandigarh ,H04,2025-08-22 17:39:18
P002729,Mansi Jain,F,1976-06-11,+91 90896 83206,mansi.jain609@example.org,928274019494,Chennai,H05,2025-08-12 16:53:49
P002730,Isha Kapoor,Female,2025-04-19,+91 69077 96725,isha.kapoor606@mail.example.com,745292379504,Bengaluru,H04,2025-07-23 16:59:59
P002731,Priya Desai,female,29/02/1952,+91-7366598758,priya.desai743@example.org,587491100174,Bengaluru,H02,2025-06-09 12:50:42
P002732,Pallavi Kulkarni,FEMALE,1961-09-25,+91 78319 43269,pallavi.kulkarni163.example.net,897401679737,Bengaluru,H02,2025-12-25 13:39:07
P002733,Meera Desai,FEMALE,2005-07-09,+91-6060116973,meera.desai305@example.org,476208468519,BANGALORE ,H06,2025-07-05 11:27:29
P002734,Kunal Mishra,M,2021-08-05,9751169280,kunal.mishra984@example.net,849352234874,Delhi,H03,2025-01-14 07:34:39
P002735,Amit Shah,Male,1998-02-19,07197145665,amit.shah77@example.net,329006686169,PUNE ,H01,2025-08-02 18:15:54
P002736,Aarti Desai,FEMALE,1970-08-18,08819337041,aarti.desai971@example.net,284773772114,Chennai,H05,2025-05-02 18:35:58
P002737,Nisha Bose,F,1978-02-04,06106541200,nisha.bose132@mail.example.com,528224297337,Bengaluru,H06,2025-07-29 20:30:52
P002738,Shweta Naik,F,26/11/1998,+91 92412 23940,shweta.naik30@example.com,874338688118,Mumbai,H02,2025-11-04 17:48:59
P002739,Sunita Reddy,Female,30/12/1984,939 260 5117,sunita.reddy534@example.com,382155130099,mumbai,H02,2025-06-10 14:34:33
P002740,Manish Rao,MALE,1995-02-16,96315-86561,manish.rao927@mail.example.com,305124643968,DELHI,H03,2025-07-11 17:45:56
P002741,Swati Yadav,F,1951-02-21,+91-9384914046,swati.yadav244@mail.example.com,924426975728,Chennai,H05,2025-09-30 19:52:19
P002742,Pranav Gupta,M,12-May-1977,+91-7275364019,pranav.gupta637@example.net,502256688796,pune,H01,2025-01-01 16:48:57
P002743,Swati Gupta,FEMALE,22/10/2007,+91-7397651946,swati.gupta154@example.org,928325094884,DELHI,H03,2025-05-23 19:22:24
P002744,Aditya Agarwal,M,26-May-1937,89078-54735,aditya.agarwal309@example.org,394507004966,Bengaluru,H06,2025-02-13 13:38:17
P002745,Jyoti Desai,f,11/12/1940,8051488956,jyoti.desai13@example.org,540936177172,Bangalore,H06,2025-06-07 12:07:35
P002746,Rekha Jain,FEMALE,1983-01-20,95802-77998,rekha.jain902@mail.example.com,388296012021,Mumbai,H02,2025-05-13 15:59:20
P002747,Bhavna Thakur,F,2015-10-24,80216-88437,bhavna.thakur371@mail.example.com,320815496779,Pune,H01,2025-08-12 20:24:22
P002748,Rajesh Jain,male,2002-04-16,90185-11721,rajesh.jain899@mail.example.com,562935440803,Bengaluru,H06,2025-02-07 18:35:08
P002749,Sanjay Menon,M,1979-07-14,98643-74587,sanjay.menon683@example.com,949775301163,Delhi,H05,2025-04-06 10:40:35
P002750,Rekha Gupta,O,1966-12-02,09666255003,rekha.gupta842@example.org,526087757561,Mumbai,H02,2025-05-27 21:44:21
P002751,Harsh Shah,M,1974-06-14,65786-70612,harsh.shah73@example.org,875115754133,Mumbai,H02,2025-10-04 07:51:39
P002752,Ananya Bhatt,,21/09/1965,8096023243,ananya.bhatt208@example.com,527136398958,Pune,H01,2025-04-29 17:42:50
P002753,Pallavi Bose,F,27-Aug-1944,+91 64139 59965,pallavi.bose114@example.org,872371725304,Delhi,H03,2025-02-27 07:25:23
P002754,Karan Chopra,M,1943-11-09,+91 85460 08343,karan.chopra206@mail.example.com,993605590148,pune,H01,2025-09-24 07:31:32
P002755,Anjali Gowda,FEMALE,1985-12-19,9888792626,anjali.gowda571@example.com,894463532077,Chennai,H05,2025-01-12 12:01:53
P002756,Bhavna Jain,F,2021-09-02,9887614014,bhavna.jain393@example.com,362850868421,Delhi,H03,2025-10-20 14:17:44
P002757,  Sandeep Rao ,m,26/03/1984,61960-57468,sandeep.rao872@example.com,699092170035,Mumbai,H02,2025-09-16 18:44:42
P002758,Priya Deshmukh,F,18/10/1995,79113-41910,priya.deshmukh135@example.org,790139682925,Bengaluru,H06,2025-10-15 13:13:36
P002759,Nikhil Shah,M,1969-01-14,06704120688,nikhil.shah894@example.com,653442403814,Bangalore,H06,2025-05-14 08:02:51
P002760,Aditya Naik,m,1969-08-26,+91 80495 49507,aditya.naik283@example.com,691818042929,Pune,H01,2025-03-29 13:18:15
P002761,Amit Naik,M,17/08/1985,+91-8141263433,amit.naik211@example.com,840757843117,mumbai,H02,2025-11-23 08:17:37
P002762,Arjun Deshmukh,MALE,1944-07-17,+91 61098 10338,arjun.deshmukh368@mail.example.com,312550098596,mumbai,H02,2025-09-20 10:19:24
P002763,Prakash Joshi,Male,2013-11-11,+91-6197717369,prakash.joshi259.mail.example.com,930294372881,Chennai,H01,2025-05-14 21:49:04
P002764,Manish Gowda,M,1950-06-17,+91-8533994207,manish.gowda947@example.net,428990798652,Bengaluru,H06,2025-04-21 16:11:12
P002765,Tanvi Rao,F,2014-01-18,612 558 5904,tanvi.rao213@example.org,663652459836,PUNE ,H02,2025-08-17 15:18:04
P002766,Pooja Kulkarni,F,2014-03-23,+91 66832 28546,pooja.kulkarni902@example.org,344170271836,Delhi,H02,2025-07-13 20:57:38
P002767,Anil Agarwal,Male,16/09/2000,+91 74620 39680,anil.agarwal723@example.net,504603923284,Pune,H01,2025-04-05 12:26:53
P002768,Rohan Yadav,M,2002-05-14,8237612326,rohan.yadav21@example.net,685355176697,Pune,H01,2025-08-26 10:10:54
P002769,Sandeep Agarwal,M,2005-07-12,8612731643,sandeep.agarwal329@example.com,562935351008,Chandigarh,H04,2025-09-27 07:20:09
P002770,Aarti Pillai,F,1961-01-04,759 009 6553,aarti.pillai829@example.com,664460231671,New Delhi,H03,2025-01-19 21:25:20
P002771,Shweta Pillai,Female,1968-05-28,+91-7966092593,shweta.pillai412@example.net,935214752368,Pune,H01,2025-08-18 19:23:21
P002772,Manish Patil,M,18/11/1950,+91-9599778626,manish.patil198@example.com,826241846077,DELHI,H03,2025-12-30 08:02:31
P002773,Pallavi Desai,f,1937-09-19,07476256556,pallavi.desai101@,321987410239,Chandigarh,H04,2025-08-24 07:37:19
P002774,Deepak Pandey,M,26-Nov-1977,+91-9920181884,deepak.pandey709@mail.example.com,356495166034,Mumbai,H02,2025-09-22 13:34:21
P002775,Neha Verma,F,26/11/1961,+91 86965 47788,neha.verma437@example.org,233997184131,Bengaluru,H06,2025-01-29 09:05:55
P002776,Divya Gowda,FEMALE,10/03/2024,877 135 0651,divya.gowda618@mail.example.com,364910585429,Bangalore,H06,2025-01-06 21:33:13
P002777,  Komal Mishra ,F,1947-04-01,9829220829,komal.mishra379@example.org,740929244322,Mumbai,H02,2025-07-08 21:33:47
P002778,Meera Kulkarni,F,1971-10-26,747 004 7270,meera.kulkarni208@mail.example.com,794895032745,Mumbai,H02,2025-05-10 13:50:59
P002779,Vikram Verma,M,05-Sep-1983,994 274 7078,vikram.verma71@example.net,546160205506,Delhi,H03,2025-09-24 19:41:13
P002780,Jyoti Yadav,F,1974-06-11,06784838676,jyoti.yadav16@example.net,364283665969,Chennai,H04,2025-04-17 11:23:02
P002781,Deepak Mishra,m,04/12/1986,8878086425,deepak.mishra487@example.net,932204010089,MUMBAI ,H02,2025-10-09 13:09:31
P002782,Aditya Bose,M,2007-03-09,+91 70380 01352,aditya.bose660@example.org,814632791694,New Delhi,H03,2025-08-10 18:25:51
P002783,Ananya Rao,Female,1950-03-22,06251693013,ananya.rao477@example.com,776130346685,Chandigarh,H02,2025-11-07 12:44:32
P002784,Pallavi Malhotra,F,17/09/1951,06294875946,pallavi.malhotra955@example.com,305107456909,Bengaluru,H06,2025-02-24 18:09:31
P002785,Vikram Deshmukh,M,07/11/2000,07123753546,vikram.deshmukh520@example.net,380776075197,BANGALORE ,H06,2025-06-21 07:32:03
P002786,Deepak Yadav,M,1976-02-06,+91 69534 20808,deepak.yadav778@example.com,557487495661,delhi,H03,2025-12-11 13:40:59
P002787,Arjun Menon,m,19/10/1955,09087209237,arjun.menon267@example.org,639910096203,Mumbai,H02,2025-06-21 12:52:38
P002788,Pooja Gupta,F,2007-05-07,669 209 5867,pooja.gupta138@example.org,475668751106,bengaluru,H06,2025-12-27 11:41:53
P002789,Priya Joshi,f,02/10/1980,9178852867,priya.joshi925@mail.example.com,245454398457,Mumbai,H02,2025-07-27 12:32:24
P002790,Bhavna Gowda,FEMALE,14/07/1961,8058774851,bhavna.gowda748@mail.example.com,225312032210,Bengaluru,H06,2025-09-01 14:29:17
P002791,Sandeep Nair,M,1967-05-23,09960031316,sandeep.nair357@example.com,528175642021,DELHI,H03,2025-12-03 18:24:52
P002792,Nisha Thakur,F,07-Feb-1972,85350-01448,nisha.thakur28@example.org,418641912063,Mumbai,H02,2025-05-23 09:09:32
P002793,Shweta Reddy,female,2002-06-12,0701524182,shweta reddy48@example.net,945635095911,mumbai,H02,2025-01-25 07:03:02
P002794,Prakash Reddy,M,1936-12-16,09375021836,prakash.reddy117@example.org,942433228610,Pune,H01,2025-10-30 13:14:48
P002795,Ritu Kapoor,F,18/08/1938,9615582407,ritu.kapoor533@example.org,977529510099,Mumbai,H02,2025-08-07 11:46:23
P002796,Aarti Rao,f,1964-03-04,763 885 3387,aarti.rao727@mail.example.com,300455628919,Delhi,H03,2025-08-18 18:13:45
P002797,Manish Desai,M,1940-05-06,8166440983,manish.desai593@mail.example.com,701127744841,chennai,H05,2025-07-24 19:49:46
P002798,Sanjay Sharma,M,1994-11-21,9437660674,,314773145529,Delhi,H03,2025-05-23 21:46:09
P002799,Rajesh Agarwal,O,1966-09-04,9802922122,rajesh.agarwal685@,291648609736,New Delhi,H03,2025-03-22 08:39:24
P002800,Pooja Kapoor,FEMALE,1966-11-28,+91-9574027081,pooja.kapoor250.example.org,564198709747,Mumbai,H02,2025-11-09 12:33:48
P002801,Divya Joshi,female,14-Apr-1951,722 022 4215,divya.joshi347@example.org,662300735559,Bengaluru,H06,2025-05-25 17:25:04
P002802,Deepak Pandey,male,1962-06-09,7164129114,deepak.pandey501@example.org,868526568121,CHENNAI,H05,2025-06-30 15:04:34
P002803,Rekha Nair,Female,1974-05-18,+91 89869 66005,rekha.nair127@example.org,679247957866,Pune,H01,2025-10-05 08:03:39
P002804,Anil Verma,M,31-Oct-2022,09410683849,anil.verma831@example.org,981773652094,Bengaluru,H06,2025-04-12 08:19:28
P002805,Jyoti Patil,F,11-Jul-2012,07366704237,jyoti.patil51.mail.example.com,781202024396,Bengaluru,H06,2025-01-22 10:01:34
P002806,Anjali Bose,,2005-09-17,6446797411,anjali.bose687@example.com,689272639262,Chandigarh ,H06,2025-01-14 12:44:33
P002807,Aarti Kulkarni,f,1998-10-03,+91 99419 41423,aarti.kulkarni764@example.net,420985042221,Pune,H01,2025-04-20 14:48:00
P002808,Siddharth Bhatt,O,03-Apr-1946,861 252 8792,siddharth.bhatt953@example.com,641909709973,Mumbai,H02,2025-04-30 09:40:57
P002809,  Swati Gowda ,F,2012-08-11,715 848 8977,swati.gowda883@example.org,506154894808,Mumbai,H02,2025-09-18 20:36:04
P002810,Priya Agarwal,F,08/10/2015,8209349070,priya.agarwal131@example.com,741648836378,PUNE ,H06,2025-12-04 13:53:05
P002811,Anil Kapoor,M,1991-10-30,+91-6045053060,anil.kapoor831@example.org,833459815123,Chandigarh,H04,2025-12-09 13:12:55
P002812,Aditya Iyer,M,04/12/1945,69504-73613,aditya.iyer938@example.net,670212183854,Delhi,H03,2025-04-16 13:53:26
P002813,Priya Pillai,F,21-Sep-1987,+91-7851065655,priya.pillai511@example.com,369934634877,Bangalore,H06,2025-05-08 08:50:20
P002814,Aarti Nair,F,27/10/1946,+91 80730 49966,aarti.nair952@mail.example.com,981237351346,MUMBAI ,H02,2025-09-14 14:47:40
P002815,Gaurav Agarwal,m,06-Sep-1981,07377006916,gaurav.agarwal156@,576082936336,Delhi,H03,2025-07-09 20:19:48
P002816,Karan Jain,,11/05/1957,+91-8289268475,karan.jain458@example.net,629340913889,Chandigarh,H01,2025-02-01 17:57:04
P002817,Arjun Jain,M,1955-09-23,+91 66908 31428,arjun.jain767@example.com,319979085564,bengaluru,H06,2025-01-31 12:51:44
P002818,Ananya Gupta,f,20/10/1944,07063244169,ananya.gupta119@example.net,850744284427,Bengaluru,H06,2025-05-22 13:24:01
P002819,Prakash Verma,M,1974-09-14,9038029467,prakash.verma725@mail.example.com,554287071460,delhi,H03,2025-06-10 12:57:24
P002820,Shweta Joshi,O,03/11/2002,07522925179,shweta.joshi52@example.net,816146769100,Chandigarh,H04,2025-06-05 17:18:05
P002821,Prakash Pillai,M,1986-12-06,+91 69994 61396,prakash.pillai918@example.org,224535666598,Mumbai,H02,2025-05-29 18:30:21
P002822,Sunita Mishra,F,1953-11-15,08257246110,sunita.mishra502@example.org,381785157023,bengaluru,H05,2025-06-02 12:28:32
P002823,Radhika Patil,FEMALE,1999-08-20,+91-8843096358,radhika.patil556@example.net,290119904513,Bengaluru,H01,2025-09-11 13:58:19
P002824,Shruti Verma,F,1943-02-18,79182-21054,shruti.verma99@mail.example.com,987671818463,Chennai,H05,2025-06-21 09:44:53
P002825,Tanvi Rao,FEMALE,22/11/1978,64445-81357,,863398050739,Delhi,H03,2025-01-03 12:59:17
P002826,Radhika Thakur,FEMALE,16/07/1990,+91 93970 76278,radhika.thakur460@example.com,860699804882, Pune,H01,2025-06-07 12:20:47
P002827,Nisha Reddy,F,10/01/1972,09458716099,nisha.reddy707@example.org,570311295017,BANGALORE ,H06,2025-05-15 08:03:20
P002828,Neha Desai,FEMALE,1961-02-13,98465-71492,neha.desai643@mail.example.com,350218495517,Chennai,H04,2025-01-29 15:20:24
P002829,Sanjay Pandey,MALE,29/10/1935,68424-62275,sanjay.pandey28@mail.example.com,607393768773,Bengaluru,H06,2025-10-23 14:48:39
P002830,Sandeep Singh,M,2009-10-29,626 505 7788,sandeep.singh98@example.net,549429541251,Bengaluru,H06,2025-10-12 15:20:00
P002831,Priya Thakur,FEMALE,08-May-1938,+91 83788 0295,priya.thakur108@example.net,234597004036,Delhi,H03,2025-08-08 19:07:39
P002832,Harsh Bose,M,17/01/1956,+91-6620304693,harsh.bose25@example.com,559222988688,Delhi,H03,2025-09-06 14:24:42
P002833,Kavita Nair,,25-Dec-1971,+91 61371 87647,kavita.nair262@example.net,384243271369,Bombay,H02,2025-02-03 08:14:45
P002834,Gaurav Bose,M,30-Jul-1962,+91 62630 07303,gaurav.bose198@mail.example.com,691299747939,New Delhi,H03,2025-10-11 07:12:36
P002835,Neha Pillai,Female,12-Jun-1978,7274738539,neha.pillai172@mail.example.com,645753273261,Bengaluru,H06,2025-07-02 17:45:48
P002836,Jyoti Malhotra,FEMALE,06/02/1961,78848-78984,jyoti.malhotra864@mail.example.com,813030989917,Chennai,H05,2025-03-06 21:53:03
P002837,Suresh Shah,M,1985-09-20,869 718 5547,suresh shah519@example.net,886281153072,Bengaluru,H06,2025-03-21 17:02:25
P002838,Anjali Rao,F,04/10/1959,07704747803,anjali.rao659@mail.example.com,302784451907,Delhi,H03,2025-04-06 19:20:26
P002839,Anil Shah,MALE,12/06/2005,691 835 5989,anil.shah988@example.net,796954491049,Bengaluru,H06,2025-02-13 12:40:01
P002840,Amit Yadav,M,1972-11-16,862 361 8982,amit.yadav425@example.org,503656116269,Chandigarh ,H04,2025-05-16 13:09:20
P002841,Mohit Nair,Male,13/04/1999,08619155653,mohit.nair181@example.com,313099118373,Bengaluru,H06,2025-10-08 09:10:28
P002842,Mohit Pandey,M,1973-10-19,74880-73979,mohit.pandey886@example.org,689730108728,Chandigarh,H01,2025-10-19 14:09:50
P002843,Shruti Desai,F,1983-08-06,76353-40452,shruti.desai512@mail.example.com,843949241063,Mumbai,H02,2025-05-12 10:09:54
P002844,Pooja Desai,FEMALE,1942-09-12,07840362113,,366485030454,Madras,H05,2025-05-21 09:26:35
P002845,Prakash Singh,M,02/03/1985,78414-16954,prakash.singh626@example.net,861233454322,Chennai,H02,2025-01-01 08:21:27
P002846,Gaurav Menon,m,1937-05-06,6440831562,,600248772777,Delhi,H03,2025-10-29 18:05:56
P002847,Rahul Yadav,M,1957-12-01,81991-59370,rahul.yadav918@example.net,860657389152,Pune,H01,2025-05-17 09:13:15
P002848,Karan Rao,M,1990-05-09,716 216 6889,karan.rao552@example.net,302855040459,Bengaluru,H06,2025-04-21 07:33:52
P002849,Anjali Bhatt,F,09/01/1944,06447373850,anjali.bhatt246@mail.example.com,785574498571,Chennai,H05,2025-06-15 20:01:47
P002850,Ananya Pandey,F,1936-07-26,+91 89194 17427,ananya.pandey741@example.com,525505764147,Bengaluru,H06,2025-08-14 19:50:46
P002851,Karan Gupta,m,1994-11-10,06247847890,karan.gupta319@example.com,772396977276,Chennai,H05,2025-08-06 12:22:38
P002852,Radhika Agarwal,other,1969-08-18,+91 87481 73255,radhika.agarwal280@mail.example.com,898119473527,Mumbai,H02,2025-09-05 16:15:54
P002853,Sanjay Deshmukh,M,1991-09-25,72222-14543,sanjay.deshmukh32@example.org,708535280156,BANGALORE ,H06,2025-06-04 09:59:33
P002854,Radhika Agarwal,F,1991-01-02,+91-9307840199,radhika.agarwal751@mail.example.com,888785873483,chandigarh,H04,2025-06-05 17:17:56
P002855,Prakash Thakur,M,26/04/2025,713 145 3430,prakash.thakur153@example.org,488068521246,Mumbai,H02,2025-01-02 16:15:38
P002856,Manish Bose,M,17/01/1957,70841-91495,manish.bose162@example.com,530172168654,Delhi,H03,2025-03-29 17:12:05
P002857,Karan Sharma,Male,03-Feb-1939,08324720172,karan.sharma811@example.org,617390611248,Bombay,H02,2025-12-27 19:05:07
P002858,Sneha Mishra,F,01/07/2021,84563-95516,sneha.mishra882@example.org,473419313001,Bengaluru,H03,2025-01-09 18:19:41
P002859,Meera Patil,F,1987-01-07,+91 99873 12341,meera.patil241@example.net,643260014699,Bengaluru,H06,2025-06-24 11:00:42
P002860,Anjali Mehta,F,09/11/1939,08237395822,anjali.mehta807@example.net,835536362631,BANGALORE ,H06,2025-12-30 07:38:49
P002861,Shweta Agarwal,f,31/07/1993,0695335420,shweta.agarwal333@mail.example.com,326950649563,Delhi,H03,2025-04-09 15:37:57
P002862,Pallavi Sharma,F,1996-09-09,+91-7876024919,pallavi.sharma902@mail.example.com,550344716437,Delhi,H03,2025-04-21 12:11:22
P002863,Prakash Desai,M,1970-09-30,6497459380,prakash.desai876@example.org,326966695694,Bengaluru,H06,2025-12-16 15:05:20
P002864,Varun Singh,M,1985-10-11,06380210629,varun.singh703@example.com,563159894085,Bengaluru,H06,2025-02-18 20:38:08
P002865,Suresh Deshmukh,Male,1942-03-02,+91 67219 14716,suresh.deshmukh464@example.com,621771267440,Chennai,H05,2025-07-19 07:56:05
P002866,Sneha Desai,F,21-Feb-1999,9764878745,sneha.desai39@example.net,551182769553,Madras,H05,2025-11-02 18:34:23
P002867,Anil Bhatt,M,1951-11-30,628 035 9532,,225547085716,Mumbai,H02,2025-09-16 21:52:47
P002868,Rohan Rao,Male,09-Nov-1997,08505779196,rohan.rao559@example.net,367656252389,delhi,H03,2025-12-25 21:50:23
P002869,Rohan Iyer,male,1950-12-24,+91-7891253606,rohan.iyer42@mail.example.com,775441415375,Mumbai,H03,2025-04-10 12:03:27
P002870,Mohit Mishra,MALE,16/01/1940,801 705 8976,mohit.mishra359@example.net,445247826034,Pune,H01,2025-02-26 17:39:28
P002871,Anjali Deshmukh,FEMALE,1936-08-08,+91 77352 22526,anjali.deshmukh461@example.org,852289199470,Chennai,H02,2025-08-16 14:13:04
P002872,Siddharth Pandey,MALE,1988-06-27,+91-6058306166,siddharth.pandey538@mail.example.com,612014769690,delhi,H03,2025-04-01 14:21:22
P002873,Rajesh Rao,male,1939-10-26,+91-960666292,rajesh.rao991@mail.example.com,679179982494,Delhi,H03,2025-06-20 17:39:32
P002874,Manish Sharma,M,2006-09-26,+91-8287245828,manish.sharma200@example.net,782705910612,mumbai,H02,2025-07-19 08:57:24
P002875,Shweta Sharma,female,1936-11-19,648 655 2320,shweta.sharma759@mail.example.com,676124775870,Mumbai,H02,2025-10-04 16:03:48
P002876,Shweta Mishra,female,28/11/1954,+91-9001746841,shweta.mishra44@mail.example.com,707186010902,Mumbai,H02,2025-03-22 14:31:51
P002877,Bhavna Sharma,Female,1957-08-17,+91 69846 55613,bhavna.sharma766@example.net,590750978492,Madras,H05,2025-07-26 07:13:20
P002878,Pallavi Agarwal,F,13-Feb-1972,668 133 7938,pallavi.agarwal642@example.net,926197843787,Madras,H05,2025-07-22 13:01:43
P002879,Shweta Sharma,female,01/07/1964,+91 72307 75101,shweta.sharma132@example.com,752657296361,Bengaluru,H06,2025-07-07 09:36:08
P002880,Vikram Agarwal,m,2019-01-20,724 348 8631,vikram.agarwal363@example.org,331328451671,Chennai,H05,2025-04-14 19:40:15
P002881,Sandeep Kapoor,MALE,1963-06-10,07923052244,sandeep.kapoor958@example.com,214172613404,Delhi,H03,2025-07-27 16:55:02
P002882,Rajesh Agarwal,Male,16/10/1964,86810-86077,rajesh.agarwal959@example.net,954312437639,bengaluru,H04,2025-08-18 14:18:38
P002883,Yash Patil,M,1964-02-12,822 191 8957,yash.patil10@example.com,741880838554,Bombay,H02,2025-06-13 16:52:11
P002884,Ananya Mehta,FEMALE,1972-07-27,84369-72755,,982575778365,Delhi,H03,2025-05-01 13:14:06
P002885,Tushar Joshi,male,1937-04-01,06481223760,tushar.joshi716@mail.example.com,484260658688,mumbai,H02,2025-04-25 12:53:45
P002886,Pallavi Agarwal,F,02/07/2003,06481334122,pallavi.agarwal242@example.net,920589001419,Delhi,H03,2025-12-24 09:18:47
P002887,Harsh Bose,M,1948-05-18,6769669525,harsh.bose509@mail.example.com,973109681732,Bombay,H02,2025-07-30 14:39:23
P002888,Neha Pillai,Female,26/09/2009,6634763089,neha.pillai362@mail.example.com,950498035051,Delhi,H03,2025-05-24 14:15:48
P002889,Rahul Rao,other,2024-11-10,+91 68944 63074,rahul.rao292@example.org,968743993628,Delhi,H01,2025-06-06 18:19:25
P002890,Pallavi Patil,F,1943-09-22,706 960 8468,,578564883683,Bengaluru,H06,2025-08-07 09:53:53
P002891,Isha Iyer,F,21/04/1962,+91-9438715710,isha iyer836@example.com,829020424843,mumbai,H03,2025-03-10 17:35:41
P002892,Priya Jain,FEMALE,1986-07-03,710 490 2500,priya.jain84@mail.example.com,350224795052,Chandigarh ,H04,2025-02-11 13:12:45
P002893,Tushar Joshi,M,16/04/2012,+91 70543 51461,tushar.joshi48@example.org,989875358904,Chandigarh ,H04,2025-08-11 18:09:23
P002894,  Karan Patil ,MALE,24/11/2023,+91-8120491566,karan.patil238@example.net,701185597907,Pune,H01,2025-11-03 17:41:24
P002895,Meera Naik,F,1988-05-22,606 652 2924,meera.naik557@example.com,950253311492,Mumbai,H02,2025-02-20 08:58:23
P002896,Priya Thakur,F,2015-07-02,07245292443,priya.thakur41.example.net,200429880179,Chennai,H05,2025-05-08 20:42:35
P002897,Ritu Yadav,F,25/05/1939,0943203712,ritu.yadav635@example.com,394436536426,Chandigarh,H04,2025-12-15 10:31:51
P002898,Rahul Thakur,m,19/01/1968,972 682 3440,rahul.thakur196@example.net,764343776055,MUMBAI ,H02,2025-07-30 15:17:48
P002899,Siddharth Deshmukh,M,25/05/1972,+91-6326632668,siddharth.deshmukh151@example.org,773618096956,chandigarh,H04,2025-09-02 16:23:12
P002900,Mansi Malhotra,F,2006-08-30,+91-8520006481,mansi.malhotra527@example.com,473075867771,Pune,H01,2025-07-15 15:55:57
P002901,Siddharth Sharma,m,1980-01-10,+91-9849723366,siddharth.sharma901@example.org,213784421518,Chennai,H05,2025-07-15 08:03:29
P002902,Radhika Sharma,FEMALE,26-Jul-1987,+91-8444727794,radhika.sharma837@example.com,218651554245,Mumbai,H02,2025-09-02 08:49:54
P002903,Ananya Malhotra,F,1999-08-26,83302-17980,ananya.malhotra393@example.net,624729511173,Chandigarh,H04,2025-01-12 20:38:32
P002904,Yash Yadav,M,20/01/1963,70791-87457,yash.yadav897@example.com,403144963249,Madras,H05,2025-05-11 14:32:59
P002905,Varun Joshi,M,17-Jan-1997,89284-5982,varun.joshi50@example.com,969160970157,Delhi,H01,2025-04-14 16:39:22
P002906,Shruti Gowda,F,1991-04-17,70988-37387,shruti.gowda311@example.org,742143427027,Bombay,H02,2025-12-08 17:49:05
P002907,Ananya Menon,F,1984-03-13,+91-6828216402,ananya.menon949@mail.example.com,456255484869,Mumbai,H02,2025-11-01 14:15:02
P002908,Isha Shah,F,1959-06-01,64323-05055,isha.shah650@example.net,440260815839,Chandigarh,H04,2025-07-02 09:56:16
P002909,  Ritu Naik ,F,2005-06-29,60305-19550,ritu.naik417@example.net,628024439787,Delhi,H03,2025-01-13 20:29:57
P002910,Vikram Verma,m,26/03/2011,+91 71916 18604,vikram.verma525@example.com,744733038510,Bengaluru,H06,2025-02-19 12:03:49
P002911,Shruti Nair,F,2011-04-07,+91-9625016951,shruti.nair768@example.net,909684147528,mumbai,H06,2025-09-18 16:58:26
P002912,Nisha Naik,F,11-May-1991,+91 70047 98168,,732293565952,DELHI,H03,2025-03-16 08:37:01
P002913,Amit Rao,Male,30/11/1939,09311685223,amit.rao181@example.org,266473385418,Delhi,H03,2025-11-30 15:20:02
P002914,Sanjay Bose,male,1935-07-09,07191364465,sanjay.bose366@example.net,998518220943,Mumbai,H02,2025-03-16 11:06:47
P002915,Kunal Kulkarni,M,1960-04-10,91685-46162,kunal.kulkarni595@example.com,761519686274,Bengaluru,H06,2025-08-25 16:49:21
P002916,Sneha Pandey,F,1962-12-25,+91 91396 65553,sneha.pandey45@example.com,341014447487,Mumbai,H02,2025-09-28 21:33:33
P002917,Meera Shah,F,1967-10-20,925 923 1426,meera.shah837@example.com,933401729094, Pune,H01,2025-07-18 18:52:48
P002918,Kunal Yadav,male,1984-11-22,617 850 7864,kunal.yadav866@example.net,705640012909,Chennai,H05,2025-12-08 10:53:53
P002919,Prakash Bhatt,M,1963-08-04,+91-6993698710,prakash.bhatt40@example.net,771065369715,DELHI,H03,2025-08-19 08:06:14
P002920,Harsh Reddy,male,1974-02-07,09367601558,harsh.reddy939@example.net,369217010311,Delhi,H03,2025-01-09 07:28:53
P002921,Divya Patil,F,1982-06-09,+91 95919 35993,divya.patil679@example.com,341983923308,chennai,H05,2025-07-05 14:12:25
P002922,Suresh Nair,male,1937-08-10,+91-9229049240,suresh.nair670@example.org,683895281646,New Delhi,H02,2025-10-07 09:06:36
P002923,Siddharth Gowda,Male,1998-05-05,753 571 2779,siddharth.gowda860@mail.example.com,441954097748,Mumbai,H02,2025-06-11 20:31:24
P002924,Anil Reddy,M,2008-08-08,+91 86598 77688,anil.reddy855@example.com,894572385442,delhi,H03,2025-10-14 17:46:30
P002925,Ritu Gowda,F,1988-04-13,80671-57228,ritu.gowda115@example.org,282101327289,delhi,H05,2025-01-26 20:05:46
P002926,Gaurav Jain,Male,05/08/1986,83463-12042,gaurav.jain4@example.com,893514464524,Bengaluru,H03,2025-02-25 15:19:48
P002927,Gaurav Patil,,2001-01-03,+91-9114724334,gaurav.patil153@example.com,347765344555,PUNE ,H01,2025-07-22 15:29:53
P002928,Nikhil Pillai,MALE,1978-06-06,+91-6880214366,nikhil.pillai123@example.com,585371059370,Pune,H01,2025-03-17 15:35:08
P002929,Gaurav Thakur,m,1974-01-24,+91-9479769283,,599809309784,Chandigarh,H04,2025-10-14 13:14:57
P002930,Rohan Reddy,male,20/11/1954,8519841841,rohan.reddy351@example.com,278594927073,Pune,H01,2025-05-16 15:10:22
P002931,Karan Joshi,M,1966-10-18,+91-6363325232,karan.joshi683@example.org,235960210638,chandigarh,H04,2025-12-06 20:10:22
P002932,Divya Sharma,F,1964-06-07,948 095 9291,divya.sharma82@mail.example.com,927525929063,Pune,H01,2025-12-02 07:19:11
P002933,Kunal Rao,M,2003-06-26,6847727043,kunal.rao467@example.net,862062872525,Chennai,H03,2025-11-07 15:39:51
P002934,Karan Shah,M,05/11/2004,+91 80006 14330,karan.shah235@mail.example.com,895470282835,Delhi,H03,2025-12-25 07:17:48
P002935,Anjali Chopra,F,19/03/1971,+91-6598067967,anjali.chopra459@example.org,566789038418,Mumbai,H02,2025-10-25 11:01:50
P002936,Pranav Gupta,MALE,2018-03-21,+91-8502184695,pranav.gupta691@example.net,585247494993,PUNE ,H01,2025-04-26 20:42:28
P002937,  Vikram Deshmukh ,M,2023-04-10,9274882234,vikram.deshmukh634@example.com,263019993088,Chandigarh,H04,2025-04-28 18:41:53
P002938,Nisha Jain,F,1965-10-27,77528-82925,nisha.jain980@example.com,783468123224,Pune,H06,2025-04-23 15:16:03
P002939,Suresh Naik,M,1996-12-27,09290536764,suresh.naik826@example.org,513466118053,Chennai,H05,2025-02-04 16:52:43
P002940,Anjali Bose,f,1950-01-28,65661-23964,anjali.bose304@example.com,883852827674,Pune,H01,2025-02-02 20:57:38
P002941,Anil Naik,M,2022-07-25,8274348462,anil.naik185@mail.example.com,387594064978,Chennai,H05,2025-05-29 19:25:13
P002942,Anjali Patil,Female,2006-04-09,86733-10181,anjali.patil956@example.com,351296151467,Delhi,H03,2025-04-13 17:51:36
P002943,Radhika Sharma,Female,1972-02-02,958 246 7434,radhika.sharma429@example.com,637715410452,Chennai,H05,2025-05-11 07:34:30
P002944,Prakash Thakur,m,2018-08-29,+91-9277955140,prakash.thakur596.mail.example.com,389568517393,Pune,H01,2025-09-20 17:16:31
P002945,Manish Patil,Other,1949-03-26,08526280978,manish.patil495@example.com,692118540714,Mumbai,H02,2025-06-12 11:29:59
P002946,Meera Kulkarni,F,2004-10-13,68158-27839,meera.kulkarni295@example.com,538131148412,MUMBAI ,H02,2025-07-19 20:03:51
P002947,Shweta Mishra,Female,1957-08-25,+91 79347 86306,shweta.mishra543@mail.example.com,521407682070,Pune,H01,2025-06-21 08:06:29
P002948,Radhika Kapoor,Female,20/01/1980,+91-6192007724,radhika.kapoor408@mail.example.com,476203264409,Bengaluru,H06,2025-04-17 16:47:05
P002949,Komal Kapoor,female,1973-10-28,7874958644,komal.kapoor622@example.com,346339991699,Delhi,H06,2025-06-15 18:42:28
P002950,Siddharth Naik,MALE,1975-01-13,9652722982,siddharth.naik659@mail.example.com,783973670736,Chennai,H05,2025-05-27 11:37:53
P002951,Swati Gupta,F,1965-12-03,+91 61424 92765,swati.gupta268@example.com,519225100869,Delhi,H03,2025-11-05 18:18:18
P002952,Neha Joshi,f,2021-06-14,891 269 0533,neha.joshi654@mail.example.com,858320700430,Bangalore,H05,2025-09-30 19:36:40
P002953,Divya Verma,FEMALE,1954-07-28,07971980796,divya.verma481@example.com,405677841033,Pune,H01,2025-03-18 17:54:53
P002954,Varun Gowda,M,1985-11-28,89044-60895,varun gowda118@mail.example.com,537318438301,mumbai,H02,2025-11-03 18:39:58
P002955,Siddharth Naik,m,24/11/1986,8017642930,siddharth.naik701@mail.example.com,581451419230,BANGALORE ,H06,2025-09-16 13:02:07
P002956,Anjali Menon,FEMALE,2015-03-09,+91-6239404919,anjali.menon129@example.org,466958374566,New Delhi,H03,2025-07-13 15:38:46
P002957,Sandeep Pandey,MALE,06/07/1984,73080-84770,sandeep.pandey451@mail.example.com,674440525159,Mumbai,H04,2025-03-30 18:35:56
P002958,Sunita Kapoor,FEMALE,31/03/1993,748 210 8201,sunita.kapoor507@mail.example.com,690447899397,Pune,H01,2025-08-28 07:51:02
P002959,Ritu Joshi,female,2017-06-11,7295047122,ritu.joshi625@example.org,864164828098,Bengaluru,H06,2025-02-01 18:14:36
P002960,Nisha Gupta,FEMALE,09/10/1983,930 841 6356,nisha.gupta219@mail.example.com,294694796111,BANGALORE ,H06,2025-12-02 10:40:14
P002961,Anjali Sharma,Female,05-Apr-1977,87017-84940,anjali.sharma967@example.net,798118232723,Delhi,H03,2025-12-20 19:25:08
P002962,Nikhil Gowda,male,22/05/2005,891 627 4467,nikhil.gowda402@example.net,401183692474,Chennai,H05,2025-01-01 13:45:40
P002963,Sneha Sharma,F,2011-12-27,+91-7279253000,sneha.sharma764@mail.example.com,396079009348,Delhi,H03,2025-06-08 13:55:53
P002964,Deepak Chopra,male,04/07/1994,786 742 7847,deepak.chopra332.example.net,359603585200,Chennai,H05,2025-03-27 19:00:07
P002965,Komal Pandey,F,1995-10-24,07437854728,komal.pandey561@example.com,302337388684,Pune,H02,2025-12-04 17:04:01
P002966,Kunal Kulkarni,MALE,1952-08-17,934 839 6160,kunal.kulkarni669@example.org,762657071744,Chandigarh,H02,2025-05-26 17:38:12
P002967,Sunita Naik,f,2012-06-25,9904646759,sunita.naik624@example.net,570828322747,Mumbai,H02,2025-08-20 17:29:30
P002968,Siddharth Yadav,male,01/05/2021,848 203 6961,,378263184105,delhi,H03,2025-10-19 12:31:53
P002969,  Karan Malhotra ,M,2019-03-11,9089090437,karan.malhotra845@example.net,730272668963,Delhi,H03,2025-06-04 10:33:29
P002970,Amit Gowda,MALE,1963-10-07,74442-51502,amit.gowda772@example.org,643393980613,mumbai,H02,2025-01-29 16:16:44
P002971,Manish Sharma,M,1988-01-21,+91-7628464825,manish.sharma771@example.com,434769984932,chandigarh,H04,2025-05-10 12:54:43
P002972,Siddharth Mishra,M,18/02/1986,+91 77662 58305,siddharth.mishra880@example.org,833562566359,Chandigarh,H04,2025-07-24 16:12:34
P002973,Shruti Gowda,F,14-May-1941,736 293 143,shruti.gowda512@example.com,329142990652,Bengaluru,H06,2025-05-13 16:50:44
P002974,Arjun Deshmukh,m,1972-08-10,629 760 3265,arjun.deshmukh769@example.com,972477928834,Bengaluru,H06,2025-04-23 07:12:48
P002975,Ritu Patil,F,07-Sep-2003,+91 60838 59302,ritu.patil455@example.org,414790543046,Chandigarh,H04,2025-12-18 14:02:57
P002976,Swati Menon,other,1991-04-28,6165598978,swati.menon868@mail.example.com,284793380122,Chennai,H05,2025-06-24 19:29:18
P002977,Rajesh Mehta,male,2020-11-06,+91-9175891460,rajesh.mehta918@example.org,910444589471,Chennai,H05,2025-02-25 15:25:28
P002978,Pallavi Nair,F,24/02/2000,06885796825,pallavi.nair541@mail.example.com,563286126223,Pune,H01,2025-03-04 08:02:20
P002979,Gaurav Kapoor,M,2023-06-02,07194030203,gaurav.kapoor491@example.org,515889607758,Bengaluru,H02,2025-12-05 21:47:20
P002980,Rahul Verma,Male,1976-01-04,670 038 9758,rahul.verma771@mail.example.com,396458026151,Pune,H01,2025-10-19 17:49:15
P002981,Divya Menon,FEMALE,19/11/2001,7945749085,divya.menon371@example.org,475632168406,pune,H01,2025-07-31 11:21:20
P002982,Tushar Reddy,male,02-Dec-2021,66030-38872,tushar.reddy132@example.com,621938623091, Pune,H01,2025-01-28 13:08:36
P002983,Neha Reddy,Female,1959-07-28,9916991768,neha.reddy68@mail.example.com,307247189303,Delhi,H03,2025-10-11 11:08:03
P002984,Priya Patil,Female,10-Dec-1953,06745791653,priya.patil891@example.net,847822417282,Delhi,H03,2025-02-27 07:11:21
P002985,Pooja Deshmukh,female,1966-07-28,64687-86264,pooja.deshmukh345@mail.example.com,769015079443,PUNE ,H03,2025-11-11 11:11:45
P002986,Neha Nair,FEMALE,2018-10-20,998 646 6636,neha.nair984@example.com,815655879852,Chennai,H05,2025-03-15 08:38:00
P002987,Divya Nair,FEMALE,08/06/2020,06635315182,divya.nair592@example.com,500913819488,Delhi,H03,2025-11-09 19:29:26
P002988,Sandeep Iyer,M,13-Dec-1981,7185508308,sandeep.iyer272@mail.example.com,811528482535,Chennai,H05,2025-04-02 19:11:14
P002989,Pranav Reddy,M,1996-06-11,7079610931,pranav.reddy515@example.org,415742466309,Delhi,H03,2025-01-03 15:02:54
P002990,Rekha Shah,Female,1951-08-24,70229-27259,rekha.shah558@mail.example.com,945597670695,Mumbai,H02,2025-05-01 12:33:41
P002991,Harsh Bose,M,1992-11-26,642 732 9616,harsh.bose477@example.net,322175295665,chandigarh,H01,2025-02-26 12:54:23
P002992,  Nikhil Thakur ,M,17/05/1936,93077-78563,nikhil.thakur475@,355340492176,Bengaluru,H06,2025-06-17 10:05:30
P002993,Rajesh Gowda,M,05/11/1936,+91-652620402,rajesh.gowda637@mail.example.com,604647326603,Delhi,H03,2025-07-28 15:11:54
P002994,Suresh Bhatt,M,2005-01-10,749331291,suresh.bhatt391@example.com,684592609660,Chandigarh ,H04,2025-07-06 18:15:25
P002995,Manish Joshi,M,12-Apr-1956,08651903339,manish.joshi300@example.org,653122441635,BANGALORE ,H05,2025-08-22 16:12:29
P002996,Deepak Sharma,M,1993-04-25,63924-36850,deepak.sharma785@mail.example.com,417554806700,mumbai,H02,2025-09-19 18:21:18
P002997,Aarti Bhatt,FEMALE,1957-07-29,638 231 386,aarti.bhatt977@example.org,801606050828,Mumbai,H02,2025-11-12 21:17:10
P002998,Bhavna Thakur,FEMALE,30-Oct-1998,90560-04223,bhavna.thakur379@mail.example.com,856975166793,Chandigarh,H04,2025-09-07 13:03:15
P002999,Rekha Yadav,FEMALE,05-May-1992,08299582465,rekha.yadav568@example.com,628361567423,Bengaluru,H06,2025-03-23 10:01:33
P003000,Yash Mishra,M,25/11/1938,90425-87654,yash.mishra277@example.com,472947646676,Chennai,H05,2025-06-07 07:47:28
P003001,Ananya Pillai,F,05/06/2020,+91 63797 60003,ananya.pillai871@example.org,414716958084,Pune,H01,2025-01-31 11:44:46
P003002,Priya Iyer,F,1998-12-11,+91 69562 83834,priya.iyer189@example.org,450869386994,Bengaluru,H06,2025-10-12 11:32:30
P003003,Radhika Rao,FEMALE,1990-03-30,842 267 7594,,841146343909,Bengaluru,H06,2025-11-28 21:58:42
P003004,Tanvi Naik,female,25/04/1977,678 856 0213,tanvi.naik810@example.org,507980878789,BANGALORE ,H06,2025-07-08 11:24:19
P003005,Tanvi Mehta,f,21/02/1942,7541755899,tanvi.mehta971@mail.example.com,805897691840,Delhi,H03,2025-07-24 12:28:08
P003006,Prakash Bose,M,13-Jul-1990,+91-8071256673,prakash.bose820@example.net,658255661981,Delhi,H06,2025-07-01 08:07:50
P003007,Sandeep Gowda,M,1991-11-11,73578-50047,sandeep.gowda700@example.org,526207031506,CHANDIGARH,H04,2025-07-03 18:50:07
P003008,Bhavna Thakur,F,2007-12-05,81886-61814,bhavna.thakur750@example.org,926243560990,Chandigarh,H04,2025-11-12 07:19:24
P003009,Karan Shah,M,1978-04-18,83546-67737,karan.shah494@mail.example.com,950325569930,Mumbai,H02,2025-10-16 21:11:20
P003010,Komal Joshi,F,06/07/2023,97168-72306,komal.joshi667@example.com,567512835064,Bengaluru,H06,2025-10-03 20:23:05
P003011,Aditya Nair,Male,2000-08-28,+91 79425 17738,aditya.nair491@example.net,507685145453,chennai,H05,2025-04-28 09:11:48
P003012,Divya Agarwal,female,1998-07-12,+91 75810 08708,divya.agarwal887@mail.example.com,932781001456,delhi,H03,2025-11-25 10:20:34
P003013,Divya Agarwal,F,13-Aug-1994,+91-8460928218,divya agarwal730@example.com,295458816100,Chennai,H05,2025-02-09 16:03:06
P003014,Nikhil Gupta,M,2020-01-06,72738-32028,nikhil.gupta658@mail.example.com,646904694969,delhi,H03,2025-12-17 20:32:55
P003015,Manish Pillai,MALE,1935-10-06,+91-6403626520,manish.pillai47@example.org,270540651735,CHENNAI,H05,2025-08-02 21:58:33
P003016,Kunal Patil,M,12/07/1993,+91 71799 92542,kunal.patil204@example.com,360547280109,Mumbai,H02,2025-11-28 17:37:55
P003017,Isha Mehta,FEMALE,1982-08-02,89022-03695,isha.mehta720@mail.example.com,224279367569,Bombay,H02,2025-04-10 17:09:17
P003018,Sanjay Rao,Male,1974-08-19,07115770427,sanjay.rao257@example.com,594817606891,Mumbai,H02,2025-12-06 10:24:20
P003019,Sandeep Desai,M,1980-09-08,8554400110,sandeep.desai632@mail.example.com,850447780832,Pune,H01,2025-12-11 13:05:33
P003020,Meera Mehta,female,1994-12-29,653 448 9495,meera.mehta803@example.com,921483872331,Pune,H01,2025-12-24 19:29:04
P003021,Neha Jain,F,14/01/1957,867 293 5423,neha.jain368@example.net,366474089261,Delhi,H03,2025-07-08 10:23:31
P003022,Tanvi Gupta,Female,20/04/1978,09638248764,,693942602569,Chandigarh ,H04,2025-06-12 17:07:58
P003023,Nikhil Naik,MALE,1967-09-14,+91-7796152413,nikhil.naik886@example.org,800670972001,Bengaluru,H06,2025-02-21 12:03:44
P003024,Divya Verma,F,1969-11-30,+91-7719124736,divya.verma931@mail.example.com,337594979788,Chennai,H05,2025-01-19 18:46:51
P003025,Shruti Bhatt,female,06-Nov-1981,8886264872,shruti.bhatt849@example.net,793583748596,bengaluru,H06,2025-07-24 15:43:51
P003026,Rekha Nair,Female,2025-11-06,91428-20526,rekha.nair362@example.com,683103645257,Pune,H01,2025-12-01 19:33:04
P003027,Nisha Joshi,F,04/05/1996,95662-24540,nisha.joshi516@example.com,808064229995,Mumbai,H02,2025-11-28 17:37:52
P003028,Nisha Jain,FEMALE,1937-01-15,8831745769,nisha.jain706@example.org,312969721910,Chennai,H05,2025-03-27 17:32:15
P003029,Tanvi Gupta,F,1994-04-01,+91 99778 99343,tanvi.gupta956@mail.example.com,985579004962,Madras,H06,2025-05-07 18:00:50
P003030,Aditya Kulkarni,M,30-Jan-2023,+91 92545 78158,aditya.kulkarni792@example.org,429814584176,Bengaluru,H06,2025-05-16 15:02:50
P003031,Karan Iyer,M,1960-01-03,773 852 6388,karan.iyer273@example.com,808818921848,pune,H01,2025-11-25 11:35:17
P003032,Sanjay Gowda,MALE,21-May-1986,9988458882,sanjay.gowda109@example.org,892998308671,Madras,H05,2025-09-08 19:54:45
P003033,Gaurav Shah,MALE,1935-08-02,8055894081,gaurav.shah891@mail.example.com,261000397959,Delhi,H03,2025-08-21 13:28:38
P003034,Nisha Agarwal,female,2004-02-11,8436530190,nisha.agarwal453@example.com,333821992629,Bengaluru,H06,2025-07-07 18:40:11
P003035,Tushar Bose,M,30-May-1958,7947994172,tushar.bose756@example.org,798179603798,Mumbai,H02,2025-02-05 12:07:21
P003036,Manish Thakur,MALE,29-Mar-2007,+91-6371881668,manish.thakur296@example.com,584990547225,Bengaluru,H06,2025-10-08 07:08:16
P003037,Karan Mishra,M,1949-08-02,7944874017,karan.mishra222@mail.example.com,272911172081,BANGALORE ,H03,2025-12-24 13:59:05
P003038,Tushar Verma,Male,1967-12-05,90283-9040,tushar.verma126@,959189261538,Bengaluru,H06,2025-09-03 17:55:38
P003039,Meera Kapoor,O,1974-04-14,+91-9308593316,meera.kapoor42@mail.example.com,248879362276,Delhi,H03,2025-06-04 14:36:22
P003040,Prakash Jain,M,03/08/2012,70160-05444,prakash.jain769@example.com,943209281338,MUMBAI ,H06,2025-11-15 10:32:04
P003041,Isha Deshmukh,FEMALE,2020-10-29,799 492 6110,isha.deshmukh392@example.com,327361501507,Mumbai,H02,2025-08-20 17:01:36
P003042,Divya Chopra,,1988-11-15,+91-6587407400,divya.chopra851@example.com,515804008184,Bengaluru,H06,2025-06-27 19:11:42
P003043,Anjali Pillai,FEMALE,30/12/1936,68648-24357,anjali.pillai337@example.org,952598163826,Chandigarh,H04,2025-03-03 17:09:44
P003044,Anil Naik,M,1974-11-03,+91 79262 25883,anil.naik573@mail.example.com,844196646944,Pune,H01,2025-01-22 08:47:58
P003045,Suresh Pandey,M,27/03/1948,983 852 3236,suresh.pandey241@example.org,340929345112,delhi,H03,2025-07-02 15:45:58
P003046,  Karan Gowda ,M,1967-01-22,09149809982,karan.gowda235@example.net,486325532793,pune,H01,2025-05-08 21:41:23
P003047,Sanjay Patil,Male,1995-07-23,666 298 2843,sanjay.patil819@mail.example.com,409746293749,Pune,H01,2025-11-18 21:00:25
P003048,Isha Shah,F,1972-01-13,777 713 267,isha.shah838@example.org,431363388202,Chennai,H05,2025-03-09 20:08:03
P003049,Mohit Pandey,m,17-Nov-1951,87240-30210,mohit.pandey156@mail.example.com,379776913007,Madras,H05,2025-05-11 18:29:10
P003050,Mansi Rao,Female,1981-06-23,+91 88078 40618,mansi.rao564@example.org,813622660088,Bengaluru,H06,2025-03-23 09:35:50
P003051,Rajesh Bhatt,M,07-Dec-1949,66473-18341,rajesh.bhatt75@example.net,308130553655,Pune,H06,2025-01-05 18:08:58
P003052,Komal Singh,Female,18-Oct-1955,06899319721,komal.singh643@mail.example.com,613717916491,Bangalore,H06,2025-03-24 21:10:18
P003053,Yash Reddy,M,1979-12-01,+91 84335 97861,yash.reddy172@mail.example.com,604427144052,Chandigarh,H04,2025-02-07 16:37:11
P003054,Aarti Mishra,Female,2011-08-26,+91-9311305680,aarti.mishra582@mail.example.com,845155909964,Chandigarh,H03,2025-11-27 13:21:43
P003055,Sneha Agarwal,FEMALE,1959-11-06,72563-45764,sneha.agarwal409@example.org,470833826348, Pune,H01,2025-04-12 14:34:28
P003056,Aditya Iyer,M,28-Jan-1983,+91-9139553382,aditya.iyer575@example.net,754810153593,Chennai,H05,2025-02-04 21:50:17
P003057,Rajesh Desai,M,05/06/1970,7590853780,rajesh.desai20@mail.example.com,446316845768,Bengaluru,H05,2025-01-09 08:27:00
P003058,Meera Yadav,F,1937-09-02,+91 96265 77444,meera.yadav62@example.com,482646032432,Bengaluru,H06,2025-09-25 13:56:13
P003059,Sunita Sharma,Female,1963-04-03,91647-60109,sunita.sharma653@example.com,600409407832,DELHI,H03,2025-01-23 15:56:53
P003060,Rohan Chopra,M,1989-07-24,09699650411,rohan.chopra682@example.net,724776973880,Delhi,H03,2025-04-28 08:23:32
P003061,Mohit Rao,m,08/09/2019,9694130265,mohit.rao318@example.com,780706065953,mumbai,H02,2025-05-19 21:36:57
P003062,Mohit Kapoor,M,2011-01-31,8973626327,mohit.kapoor195@example.org,729077890942,Delhi,H03,2025-04-16 11:04:37
P003063,Mohit Joshi,m,1995-11-30,08924372165,mohit.joshi880@example.com,366581836947,delhi,H05,2025-09-11 10:45:19
P003064,Sunita Kulkarni,F,05-Aug-1979,909 497 3975,sunita.kulkarni467@example.net,309920744116,pune,H01,2025-07-11 09:04:09
P003065,Prakash Joshi,M,2021-08-11,71995-73658,prakash.joshi848@example.com,648095453081,Pune,H01,2025-01-22 14:10:22
P003066,Komal Reddy,f,1980-12-12,+91 92011 56322,komal.reddy326@mail.example.com,781409875250,Mumbai,H02,2025-01-16 14:47:42
P003067,  Komal Deshmukh ,F,2003-08-29,+91-7299743426,komal.deshmukh77@mail.example.com,422873456293,Chandigarh,H04,2025-02-23 10:44:12
P003068,Tushar Desai,M,10/03/1996,86276-57496,tushar.desai823@example.com,563564184136,Bengaluru,H06,2025-01-28 10:39:29
P003069,Suresh Naik,MALE,30-Jul-2007,+91-6754741791,suresh.naik667@mail.example.com,937264973101,CHANDIGARH,H04,2025-12-23 07:15:35
P003070,Pallavi Pandey,FEMALE,1958-11-10,664 190 1452,pallavi pandey496@mail.example.com,737163378166,New Delhi,H03,2025-09-13 16:45:24
P003071,Karan Gowda,Male,17/01/1964,+91 83804 55013,karan.gowda582@mail.example.com,687711199946,CHANDIGARH,H04,2025-08-29 07:02:02
P003072,Rekha Kapoor,F,1945-07-20,+91-7094469982,rekha.kapoor189@mail.example.com,315774322017,Pune,H01,2025-03-09 08:08:07
P003073,Ritu Shah,female,02-May-1982,90317-72867,ritu.shah792@example.org,343432295149,Pune,H01,2025-08-16 16:08:24
P003074,Varun Naik,M,2007-03-11,926 549 8597,varun naik868@example.net,568769507128,Mumbai,H02,2025-07-31 16:47:39
P003075,Gaurav Shah,M,1997-10-05,84896-04199,gaurav.shah261@example.com,727556512586,Chandigarh,H04,2025-07-16 13:05:35
P003076,Aditya Pandey,M,1980-05-27,95678-88643,aditya.pandey277@mail.example.com,488768176961,mumbai,H03,2025-06-23 16:11:13
P003077,Priya Joshi,F,1989-06-22,620 489 2183,priya.joshi725@example.com,935415477417,Pune,H01,2025-11-27 15:55:34
P003078,Mohit Pandey,M,1987-01-07,9777707544,mohit.pandey447@example.org,773800315476,DELHI,H03,2025-11-06 18:12:21
P003079,Karan Thakur,M,16/11/2004,08998630919,karan.thakur802@example.com,888302033218,pune,H01,2025-12-03 21:18:14
P003080,Suresh Pandey,M,1998-08-11,06740853249,suresh.pandey32@example.net,677342429344,Mumbai,H02,2025-06-09 21:51:13
P003081,Rajesh Jain,M,1946-01-30,72235-98872,rajesh.jain959@example.com,897413767522,Chandigarh,H04,2025-01-13 10:26:01
P003082,Aarti Pillai,F,2007-11-03,+91 74608 66714,aarti.pillai916@example.net,984446074846,Delhi,H03,2025-03-15 16:24:06
P003083,Nisha Kapoor,F,1992-01-14,885 484 3187,nisha.kapoor491@example.com,803501501223,BANGALORE ,H06,2025-01-15 08:12:51
P003084,Ritu Rao,F,1993-12-31,60082-01863,ritu.rao888@example.org,385902857395,Bengaluru,H06,2025-09-09 15:12:24
P003085,Isha Singh,,1972-02-06,94707-72051,isha singh686@example.com,456149630768,Delhi,H03,2025-11-28 07:38:48
P003086,Shweta Nair,F,21/07/1962,+91 80840 32789,shweta.nair893@mail.example.com,234492233300,Mumbai,H02,2025-03-03 15:42:40
P003087,Deepak Iyer,M,18/11/1978,6812153785,deepak.iyer995@mail.example.com,612287411450,Delhi,H03,2025-10-21 09:47:00
P003088,Karan Joshi,,2002-09-09,71220-09899,karan.joshi267@example.net,585243571390,Bengaluru,H06,2025-08-27 10:38:08
P003089,Yash Sharma,Male,07/11/1964,+91 69222 69577,yash.sharma924@example.com,531343269303,Chandigarh,H04,2025-10-03 17:12:31
P003090,  Jyoti Bhatt ,Female,18/09/1985,+91-6051611019,jyoti.bhatt983@mail.example.com,344944698774,Bengaluru,H06,2025-11-10 12:08:02
P003091,Amit Jain,M,1995-11-09,+91-8076341418,amit.jain279@example.com,596499119074,Pune,H06,2025-04-11 11:20:28
P003092,Vikram Bhatt,Male,1985-03-04,78197-92718,vikram.bhatt493@example.net,365140300948,Madras,H05,2025-08-31 11:38:48
P003093,Tanvi Iyer,F,20/06/1962,642 148 8727,tanvi iyer857@example.org,511810093746,Mumbai,H02,2025-06-28 15:02:17
P003094,Sneha Gowda,FEMALE,1951-04-11,7985106132,sneha.gowda206@example.org,805389501997,New Delhi,H03,2025-12-15 14:27:44
P003095,Ritu Malhotra,O,27/09/1965,08339928133,ritu.malhotra238@example.com,506568160736,Bengaluru,H06,2025-04-16 17:44:27
P003096,Meera Shah,F,06/09/1994,+91-6824286873,meera.shah835@example.org,214972053733,Pune,H01,2025-08-15 19:45:12
P003097,Yash Patil,Male,1998-09-26,+91 99233 57844,yash.patil757@mail.example.com,805180899639,delhi,H03,2025-08-16 11:27:59
P003098,Amit Nair,MALE,08-Jun-1967,8822270729,amit.nair970@example.net,593162000910,Chennai,H05,2025-08-07 20:16:19
P003099,Anjali Rao,FEMALE,17/02/2005,943 714 2967,anjali.rao566@mail.example.com,309962620570,Mumbai,H02,2025-01-19 19:22:43
P003100,Vikram Mishra,male,19/07/1964,79093-43641,vikram.mishra595@example.net,479051887306,pune,H01,2025-02-11 14:07:42
P003101,Radhika Chopra,F,1970-03-21,+91 91213 40861,radhika.chopra137@example.net,670718546479,Mumbai,H02,2025-12-12 13:08:13
P003102,Deepak Pandey,M,24/09/2023,+91-6499766490,deepak.pandey206@mail.example.com,882023230665,Delhi,H03,2025-07-22 17:10:25
P003103,Karan Sharma,M,1987-10-18,09282837379,karan.sharma62@example.org,759003750152,Chennai,H06,2025-01-03 17:40:58
P003104,Suresh Patil,MALE,2004-02-04,735 069 8524,suresh.patil963@example.com,318743117137,Mumbai,H04,2025-01-15 15:09:27
P003105,Pallavi Naik,F,2005-07-15,668 651 2631,pallavi.naik218@example.net,470596093657,BANGALORE ,H06,2025-01-10 21:25:11
P003106,Arjun Yadav,MALE,26/02/1984,+91-8553089615,arjun.yadav300@example.org,248020354135,Madras,H05,2025-11-05 08:14:14
P003107,Nikhil Patil,M,22/05/1982,69182-81762,nikhil.patil38.mail.example.com,238102450717,Chennai,H03,2025-10-18 13:59:37
P003108,Siddharth Rao,MALE,1993-02-21,09858246307,siddharth rao460@example.net,531192942976,Chennai,H05,2025-10-15 15:18:56
P003109,Sanjay Gupta,M,1958-11-21,96783-26576,sanjay.gupta292@example.net,553747627010,Delhi,H03,2025-08-25 13:58:47
P003110,Swati Yadav,Female,12/09/1993,+91 65537 81135,,520093409414,PUNE ,H01,2025-08-29 13:19:36
P003111,Ritu Gupta,F,26/01/2004,06162868130,ritu.gupta455@example.com,597771898928,Bengaluru,H06,2025-06-29 19:46:44
P003112,Kavita Mishra,female,1990-03-29,+91-8505691570,kavita mishra126@example.org,216596719020,Mumbai,H02,2025-01-25 20:28:40
P003113,Aditya Naik,Male,1969-03-04,+91 72394 91129,aditya.naik395@mail.example.com,373165449973,Chandigarh,H04,2025-06-09 20:15:05
P003114,Tushar Chopra,Male,1961-10-13,09782941700,tushar.chopra394@mail.example.com,411878174877,CHANDIGARH,H04,2025-04-09 17:38:24
P003115,Varun Mishra,M,1980-04-16,+91 98043 9461,varun.mishra472@,619358558208,Chandigarh,H04,2025-04-10 20:19:21
P003116,  Prakash Pandey ,M,14/01/1974,7897420240,prakash.pandey350@example.com,591434277948,Delhi,H03,2025-01-02 21:17:29
P003117,Neha Pandey,FEMALE,02/06/2005,8599859414,neha.pandey904@example.org,225440466352,Chennai,H05,2025-01-11 17:38:19
P003118,Rahul Nair,M,2009-08-31,06496834452,rahul.nair406@example.com,663954212053,Delhi,H03,2025-11-10 13:46:31
P003119,Neha Pillai,FEMALE,12/05/1942,7109213051,neha pillai450@example.net,481168028673,Delhi,H03,2025-01-28 07:41:08
P003120,Tushar Pandey,m,2008-02-11,+91-8596337781,tushar.pandey277@example.net,299495332200,Delhi,H03,2025-02-27 20:30:25
P003121,Jyoti Bose,F,1935-04-04,9432673301,jyoti.bose492@example.net,710494886821,mumbai,H02,2025-09-12 19:07:53
P003122,Divya Menon,Female,1942-11-06,6568877031,divya.menon452@example.org,740225175096,Mumbai,H02,2025-06-23 15:27:14
P003123,Shruti Yadav,F,10-Sep-2006,9590367470,shruti.yadav798@example.org,622853143411,Bengaluru,H06,2025-08-28 19:20:59
P003124,Tushar Deshmukh,M,2016-03-04,7206334643,tushar.deshmukh59@example.org,600470993816,Chandigarh,H04,2025-11-30 17:04:40
P003125,Anil Singh,male,04/06/2005,06509329215,anil.singh677@example.com,854727306018,New Delhi,H03,2025-11-29 08:03:08
P003126,Deepak Bose,male,24/11/1985,6727547707,deepak.bose395@example.net,811965805032,Mumbai,H02,2025-05-26 16:03:39
P003127,Neha Jain,F,2013-08-03,08849766678,neha.jain406@example.org,520591924628,CHENNAI,H05,2025-02-24 13:35:36
P003128,Harsh Pillai,male,1956-02-17,+91 70823 45980,harsh.pillai749@mail.example.com,673872934392,Delhi,H03,2025-10-21 17:37:08
P003129,Rohan Mishra,M,1943-05-28,9784548069,rohan.mishra961@mail.example.com,676184896811,Delhi,H03,2025-04-05 21:38:18
P003130,Mansi Mehta,f,1979-03-20,+91-6901256411,mansi.mehta908@example.org,812381232990,Chandigarh,H02,2025-03-22 14:46:32
P003131,Amit Thakur,M,1979-09-22,975 336 4334,amit.thakur396@example.net,659025289159,Chandigarh,H04,2025-08-08 14:46:25
P003132,Rahul Malhotra,M,2000-07-28,+91 93073 24770,rahul.malhotra957@mail.example.com,722835141276,Madras,H05,2025-11-25 15:21:13
P003133,Mansi Desai,F,1978-09-09,7072094568,mansi.desai491@example.net,355656978147,New Delhi,H03,2025-12-25 15:54:34
P003134,Anil Shah,M,2004-08-18,+91-6193402173,anil.shah24@example.org,394445222776,Mumbai,H02,2025-09-09 18:04:24
P003135,Mohit Joshi,M,1977-08-04,+91 68431 76299,mohit.joshi476@example.com,643491209185,Bengaluru,H06,2025-08-04 14:07:34
P003136,Priya Patil,F,01-Oct-1993,+91-6239426259,priya.patil634.example.org,995477428768,mumbai,H02,2025-01-13 10:08:19
P003137,Sanjay Kapoor,male,1979-05-16,+91-6155186685,sanjay.kapoor206@mail.example.com,401535870490, Pune,H05,2025-07-23 18:54:50
P003138,Siddharth Sharma,M,05/03/1960,95612-63365,siddharth.sharma333@example.org,622367212422,Pune,H01,2025-10-28 10:37:17
P003139,Radhika Pandey,F,1942-02-09,+91-9775581787,radhika.pandey71.example.com,760728815895,Pune,H01,2025-04-11 19:52:29
P003140,Ananya Gowda,F,1942-04-02,9220255136,ananya.gowda891@example.net,557348902618,Delhi,H03,2025-10-15 16:58:31
P003141,Isha Desai,F,1976-07-29,75364-63503,isha.desai436@example.com,466227257004,Pune,H01,2025-09-11 13:58:46
P003142,Kunal Gowda,male,2000-06-17,97219-88327,kunal.gowda667@example.net,436313358471,PUNE ,H01,2025-11-03 13:30:28
P003143,Meera Reddy,female,1951-10-28,09001034636,meera.reddy668@mail.example.com,355087122994,Bengaluru,H06,2025-01-17 10:39:27
P003144,Tushar Pandey,Male,06/05/2011,724 611 9809,tushar.pandey608@example.org,717109611686,Mumbai,H02,2025-12-05 18:02:18
P003145,Neha Kapoor,F,19/07/1953,07683347638,neha.kapoor797@mail.example.com,992576336041,Bengaluru,H06,2025-10-15 17:04:36
P003146,Harsh Pandey,M,1974-03-14,957 276 4999,harsh.pandey668@example.org,486638807532,Mumbai,H02,2025-05-21 10:10:08
P003147,Kavita Jain,FEMALE,26-May-1961,8281642483,kavita.jain817@example.com,835085542310,Chandigarh,H04,2025-03-15 18:56:55
P003148,Tushar Bhatt,male,1999-04-15,828 567 608,,296237756718,Chennai,H05,2025-01-08 19:56:01
P003149,Meera Sharma,f,03-Dec-1962,602 689 2823,meera.sharma840@mail.example.com,440701878066,Chandigarh,H04,2025-05-31 21:24:11
P003150,Priya Bhatt,FEMALE,1974-03-03,+91-7196025282,priya.bhatt785@example.org,330235473511,CHANDIGARH,H04,2025-09-27 21:19:52
P003151,Sunita Jain,F,08/11/2003,8861655157,sunita.jain659@example.org,549601994371,PUNE ,H02,2025-03-01 08:56:27
P003152,Rohan Verma,m,06/05/1999,+91 87136 70200,,907539770435,Bengaluru,H06,2025-04-09 16:55:01
P003153,Sneha Malhotra,Female,1952-09-18,+91 98302 79890,sneha.malhotra757@example.org,842479606338,Delhi,H03,2025-03-11 18:23:22
P003154,Ritu Deshmukh,,1961-10-19,+91-8523737416,ritu.deshmukh691@mail.example.com,912891942625,PUNE ,H01,2025-04-15 11:50:46
P003155,Swati Verma,F,2021-04-08,8286485825,swati.verma829@mail.example.com,621322957953,pune,H01,2025-09-14 16:15:27
P003156,Ananya Patil,Female,26/02/1956,675 925 2378,ananya patil795@example.org,395329207833,Chandigarh,H04,2025-10-12 08:56:51
P003157,Isha Thakur,f,05/04/1951,+91-7619837414,isha.thakur832@example.org,767985635265, Pune,H01,2025-01-23 20:01:21
P003158,Priya Patil,FEMALE,1976-01-20,71123-64641,priya.patil450@example.net,892161833179,Delhi,H03,2025-01-22 14:06:40
P003159,Anil Kulkarni,M,11-Sep-2025,6474397985,anil.kulkarni212@example.net,252559243641,Delhi,H03,2025-07-28 20:50:21
P003160,Yash Thakur,m,2022-08-31,+91 66113 90046,yash.thakur735@mail.example.com,532031374324,Delhi,H03,2025-08-04 09:01:14
P003161,Ananya Deshmukh,F,1955-08-16,06886975755,ananya.deshmukh179@example.net,660290407355,Delhi,H03,2025-10-17 13:30:38
P003162,Kavita Pillai,F,2002-12-22,72452-9160,kavita.pillai914@example.com,592804459465,Delhi,H03,2025-04-27 10:20:05
P003163,Ritu Shah,Female,07-Feb-1949,77918-05012,ritu.shah610@example.com,248061978633,Chennai,H05,2025-09-27 18:05:13
P003164,Aditya Chopra,M,16/11/1960,975 315 1893,aditya.chopra3@example.org,275316578993,MUMBAI ,H02,2025-11-30 15:45:03
P003165,Nisha Gupta,f,2005-06-28,08049801059,nisha.gupta867@example.com,236029778084,Chennai,H05,2025-06-07 13:42:50
P003166,Swati Kulkarni,,1973-08-26,+91-6426785690,swati.kulkarni639@mail.example.com,565705046243,Delhi,H01,2025-11-07 16:11:33
P003167,Jyoti Agarwal,f,13-Jul-2016,94288-77548,jyoti.agarwal433@example.org,565619798334,Delhi,H03,2025-06-18 10:45:33
P003168,  Isha Shah ,F,02-Aug-1941,643 877 5349,isha.shah182@example.net,574545937787,Chennai,H03,2025-09-04 09:10:54
P003169,Arjun Menon,m,1962-01-25,76793-52115,arjun.menon372@example.net,466153916222,Mumbai,H02,2025-03-31 11:11:32
P003170,Priya Deshmukh,F,1971-03-29,99980-29940,priya.deshmukh478@example.com,716288789985,Pune,H04,2025-12-31 17:14:53
P003171,Shruti Menon,FEMALE,2003-05-23,84191-13439,shruti.menon42@example.com,684603253084,MUMBAI ,H02,2025-09-21 17:20:52
P003172,Meera Desai,F,07/01/1954,+91-8621236958,meera.desai314@example.org,463484642242,Mumbai,H02,2025-04-12 16:18:00
P003173,Rahul Deshmukh,M,1983-04-28,09673427498,rahul.deshmukh591@example.com,232234438550,Bengaluru,H06,2025-12-31 12:39:14
P003174,  Sandeep Agarwal ,Male,04/11/1935,+91-9520901532,sandeep.agarwal153@example.org,644259268982,Mumbai,H02,2025-07-11 21:51:02
P003175,Prakash Nair,Male,13-Nov-2015,06291631602,prakash.nair943@,266125681911,Bangalore,H06,2025-02-01 11:30:16
P003176,Rohan Bose,male,1968-01-19,+91 88846 49787,rohan.bose941@example.com,961370462991,Delhi,H03,2025-07-18 15:34:51
P003177,Manish Rao,MALE,1990-10-31,+91-9252611084,manish.rao497@example.com,988118695910,Delhi,H05,2025-08-21 14:53:06
P003178,Radhika Bhatt,F,24/07/1980,+91 72548 21337,radhika.bhatt775@example.com,866391985050,Mumbai,H02,2025-11-30 09:30:17
P003179,Nisha Menon,F,1984-12-20,+91-8228961503,nisha.menon997@example.org,659380250307,Bengaluru,H06,2025-02-23 16:44:46
P003180,Ananya Naik,female,23/02/1946,8784733836,ananya.naik619@mail.example.com,475243899393,Chandigarh,H04,2025-03-03 11:23:04
P003181,Gaurav Patil,M,1943-06-06,79824-41366,gaurav.patil8@example.com,217811972231,DELHI,H03,2025-06-06 14:24:24
P003182,Pranav Kulkarni,Male,1995-07-31,+91 75511 40019,pranav.kulkarni603@example.net,548720662578,Bangalore,H06,2025-12-08 07:41:06
P003183,Bhavna Bose,Female,16/12/1937,+91-7554024173,bhavna.bose650@example.com,396605219780,Delhi,H03,2025-11-09 15:20:24
P003184,Karan Verma,M,06/10/2022,99892-59090,karan.verma274@example.net,391170191944,Delhi,H03,2025-03-10 10:52:08
P003185,Nisha Rao,FEMALE,24-Jun-2018,09889978975,,897138072457,BANGALORE ,H01,2025-02-23 08:10:14
P003186,Rahul Mehta,m,24/11/1964,+91-6478539256,rahul.mehta72@example.com,411167713279,DELHI,H03,2025-02-26 09:38:51
P003187,Mansi Sharma,female,07/10/1938,+91 96506 01350,mansi.sharma84@mail.example.com,294267063679,Chandigarh,H04,2025-03-02 16:03:17
P003188,Anjali Gowda,F,20-Sep-1959,+91-6424267056,anjali.gowda909@example.net,792069646911,Pune,H01,2025-05-24 15:37:10
P003189,Tushar Pillai,m,1974-06-19,08991422332,tushar.pillai229@example.org,344276655883,Pune,H01,2025-01-18 10:11:53
P003190,Rekha Verma,FEMALE,20-Jan-1988,+91 63089 73149,rekha.verma807@example.org,770602897992,Chandigarh,H06,2025-03-29 09:44:15
P003191,Anil Thakur,,1996-06-06,+91 91153 22718,anil.thakur646@example.com,626351365268,Bengaluru,H05,2025-09-07 08:24:22
P003192,Rajesh Patil,M,07/12/2017,67697-05016,rajesh.patil581.example.com,401671480125,Chandigarh,H04,2025-12-14 16:59:28
P003193,Nisha Gupta,F,1954-12-04,07648737674,nisha.gupta56@mail.example.com,596623056566,Pune,H01,2025-11-17 13:32:25
P003194,Komal Verma,female,03/10/2001,+91-8820862456,komal.verma895@mail.example.com,949939208458,New Delhi,H03,2025-09-21 16:55:06
P003195,Sunita Gowda,F,1960-06-01,+91 93838 14901,sunita.gowda512@mail.example.com,314366940355,Delhi,H03,2025-03-02 20:04:34
P003196,Swati Thakur,F,23-Dec-1990,+91-6886325656,swati.thakur255@mail.example.com,744680369111,Bengaluru,H06,2025-07-23 11:46:14
P003197,Sunita Menon,F,2019-04-15,+91-7259636010,sunita.menon722@example.org,526210933890,Chandigarh ,H04,2025-09-23 17:16:23
P003198,Pooja Agarwal,F,2022-03-30,+91-8558909277,pooja.agarwal662@example.net,933331206286,Madras,H05,2025-01-03 20:54:46
P003199,Karan Reddy,M,06/09/1937,+91-8158754543,karan.reddy215@example.org,665657606292,Bengaluru,H06,2025-02-04 12:11:13
P003200,Karan Gowda,,2023-11-18,69262-39465,karan.gowda593@mail.example.com,707497370261,Chandigarh,H04,2025-02-16 20:14:33
P003201,Karan Verma,male,1972-09-07,730 483 9974,karan.verma965@mail.example.com,888627224350,chandigarh,H04,2025-12-14 11:40:31
P003202,Yash Gupta,,02/02/1977,+91 82773 37000,yash.gupta302@example.net,767276968599,Mumbai,H05,2025-08-30 15:48:59
P003203,Amit Jain,M,18/03/1948,+91 64234 51632,amit.jain386@example.com,445492013471,pune,H01,2025-11-23 19:43:08
P003204,Sandeep Joshi,M,2019-05-26,991 281 9737,sandeep.joshi447@example.org,395694268086,Pune,H01,2025-12-10 13:15:26
P003205,Sandeep Desai,MALE,23/10/1951,06777471197,sandeep.desai824@mail.example.com,348103520451,Chandigarh,H04,2025-02-22 08:18:15
P003206,  Harsh Nair ,M,1968-05-04,+91 92392 69425,harsh.nair922@mail.example.com,883623069192,Delhi,H03,2025-04-10 19:34:14
P003207,Kavita Rao,female,02/12/1996,+91-9195405512,kavita.rao607@example.com,963360723268,Chennai,H05,2025-01-28 13:11:04
P003208,Shruti Kulkarni,F,21/11/1964,+91 75565 22229,shruti.kulkarni166@mail.example.com,211288245608,Pune,H01,2025-11-25 19:18:53
P003209,Rahul Gupta,M,1946-08-08,70519-06191,rahul.gupta675@mail.example.com,942644610730,Delhi,H03,2025-02-10 09:23:50
P003210,Meera Menon,F,21/06/1935,+91-7522282296,meera.menon135@example.com,525687262488,Pune,H01,2025-07-12 09:48:03
P003211,  Suresh Verma ,M,11/07/1970,77833-87850,suresh.verma795@example.com,875261062774,Bengaluru,H06,2025-12-05 19:33:49
P003212,Tushar Bhatt,Male,1951-06-23,07418992869,tushar.bhatt659@example.org,673232322192,MUMBAI ,H02,2025-08-02 16:59:21
P003213,Rajesh Mishra,M,02/03/1955,977 847 0316,rajesh.mishra482@example.net,541193156222,Chennai,H05,2025-10-09 18:57:48
P003214,Radhika Kapoor,F,13/06/1947,608 241 6663,radhika.kapoor295@example.net,587936007193,Chandigarh,H02,2025-06-12 19:34:04
P003215,  Amit Shah ,M,1974-12-06,+91-6660948336,amit.shah667@mail.example.com,503365204255,Chandigarh ,H04,2025-08-24 17:42:28
P003216,Bhavna Kulkarni,FEMALE,1988-02-04,74545-38553,bhavna.kulkarni174@mail.example.com,224089029773,mumbai,H02,2025-06-13 07:06:36
P003217,Pallavi Singh,,2025-07-17,83949-17266,pallavi.singh682@example.org,561045098074,Bengaluru,H06,2025-04-30 12:01:29
P003218,Deepak Naik,M,2000-08-16,68633-79543,deepak.naik994@example.org,542490164414,delhi,H03,2025-12-18 10:16:42
P003219,Yash Rao,M,1972-05-04,857 693 1532,yash.rao300@example.org,912873455000,MUMBAI ,H02,2025-01-25 15:17:44
P003220,Sandeep Jain,m,2001-11-30,+91 64755 7159,sandeep.jain809@mail.example.com,297975279372,Delhi,H03,2025-10-18 07:01:50
P003221,Sanjay Verma,male,02/07/2020,770 675 0192,sanjay.verma555@example.net,605015472247,Delhi,H03,2025-11-05 18:17:35
P003222,Shweta Menon,F,07-Sep-1991,+91-8921409650,shweta.menon509@mail.example.com,357592891944,Chandigarh,H04,2025-09-19 10:09:47
P003223,Divya Malhotra,Female,1957-04-24,+91 64646 19853,divya.malhotra272@example.com,430978715837,Pune,H01,2025-03-13 08:22:11
P003224,Neha Gowda,F,1994-05-13,79090-24469,neha.gowda130@example.org,205370988183,Mumbai,H02,2025-12-29 08:09:49
P003225,Nisha Agarwal,F,16-May-2015,07868638224,,474867035036,MUMBAI ,H02,2025-02-25 21:28:27
P003226,Sanjay Bhatt,M,12-Jan-1961,+91-9147591459,sanjay bhatt875@mail.example.com,612661811938,Chennai,H05,2025-03-07 12:30:13
P003227,Siddharth Kapoor,M,10/09/1948,06004713263,siddharth.kapoor651@example.com,360149112576,Pune,H01,2025-11-22 15:38:12
P003228,Aditya Pandey,m,1989-06-14,+91 78026 50475,aditya.pandey317@,308981430952,Chandigarh,H02,2025-10-03 07:43:57
P003229,Varun Menon,MALE,1953-01-11,7621744030,varun.menon555@example.com,255775302790,Delhi,H03,2025-05-14 17:15:41
P003230,Sneha Shah,F,1947-12-24,+91 79875 29217,sneha.shah608@example.net,992169953467,Bengaluru,H06,2025-03-26 10:35:17
P003231,Pranav Rao,M,2002-07-28,68422-95176,pranav.rao503.mail.example.com,739707839864,Chennai,H05,2025-09-03 10:00:28
P003232,Ritu Bose,Female,1998-02-22,9272022965,ritu.bose118@example.org,560106661700,Madras,H05,2025-03-31 20:06:34
P003233,Suresh Joshi,M,2007-12-28,+91-715818109,suresh.joshi572@mail.example.com,605999211266,Pune,H06,2025-05-26 17:05:17
P003234,Rekha Bhatt,O,1948-01-13,+91 96528 63825,rekha.bhatt317@example.com,891179890311,Mumbai,H02,2025-03-25 11:56:04
P003235,Amit Yadav,M,2016-05-01,+91-7430643384,amit.yadav780@example.org,376542579197,Pune,H01,2025-08-27 13:19:25
P003236,Pallavi Verma,F,16/02/1970,+91 89147 28093,pallavi.verma609@example.net,719287396810, Pune,H01,2025-03-17 19:12:08
P003237,Sanjay Verma,M,1975-06-12,+91 94293 79494,sanjay.verma810@mail.example.com,246111674361,Bengaluru,H05,2025-02-07 08:25:30
P003238,Ananya Gowda,F,2002-07-03,77290-7897,ananya.gowda343@example.net,280904638624,pune,H01,2025-03-01 20:52:10
P003239,Komal Deshmukh,f,2014-04-22,+91 75241 48643,komal.deshmukh467@mail.example.com,462985939440,Chennai,H05,2025-11-17 14:23:22
P003240,Arjun Malhotra,,17/03/1980,797 826 123,arjun.malhotra239@example.com,854293734882,Madras,H05,2025-06-08 11:19:25
P003241,Kavita Rao,Female,2015-04-18,+91-8601546348,kavita.rao191@example.com,723329020993,CHANDIGARH,H04,2025-03-02 15:06:16
P003242,Ritu Deshmukh,Female,2020-03-28,66645-5046,ritu.deshmukh539@mail.example.com,911287316721,Bengaluru,H06,2025-01-24 08:45:15
P003243,Rekha Mehta,F,20/07/2020,06970816533,rekha.mehta480@mail.example.com,510615030967,DELHI,H03,2025-06-13 19:22:57
P003244,Rekha Joshi,F,01-Jun-1986,06463453511,rekha.joshi788@example.net,439773465084,Delhi,H03,2025-01-11 08:45:11
P003245,Tanvi Joshi,female,29/06/1972,+91-9185259166,tanvi.joshi556.example.com,587490084288,Madras,H05,2025-02-22 20:51:33
P003246,Swati Iyer,f,1991-10-24,896 485 8643,swati.iyer336@example.com,629762411786,Bengaluru,H06,2025-05-18 08:12:40
P003247,Sunita Verma,Female,2016-01-03,+91-8482559931,sunita.verma769@example.net,923219168253,chennai,H05,2025-03-26 14:49:36
P003248,Nisha Agarwal,FEMALE,11-Jun-1951,06902346122,nisha.agarwal513@example.org,382719828137,Chennai,H05,2025-04-03 21:25:18
P003249,Varun Shah,M,1952-10-29,91144-36238,varun.shah435@example.net,979120944929,pune,H01,2025-07-14 14:11:07
P003250,Pooja Rao,F,14-Feb-1937,736 850 7261,pooja.rao170@example.org,566682636656,Chandigarh,H03,2025-08-12 19:38:23
P003251,Priya Pandey,F,1947-09-29,9392944498,priya.pandey942@example.net,953920084131,Bengaluru,H06,2025-06-25 14:30:56
P003252,Tanvi Gowda,F,01/09/1954,+91-6109022084,tanvi.gowda205@example.org,556557810181,Mumbai,H02,2025-03-12 21:46:25
P003253,Neha Bose,F,1996-12-04,08824651370,neha.bose212@example.org,844090288477,mumbai,H02,2025-10-18 13:05:33
P003254,Sunita Iyer,F,1998-05-11,+91-9850899029,sunita.iyer900@example.org,989576700999,New Delhi,H03,2025-04-13 19:45:37
P003255,Sneha Pandey,F,1946-06-15,+91-7472942447,sneha.pandey280@example.net,771967886270,Chennai,H05,2025-08-05 13:42:47
P003256,Yash Deshmukh,Male,1946-05-20,+91-7797979830,yash.deshmukh776@mail.example.com,690839388174,Chandigarh ,H04,2025-03-17 07:13:31
P003257,Prakash Pillai,M,2002-04-12,84296-01842,prakash.pillai638@mail.example.com,857076064384,mumbai,H02,2025-09-11 10:26:13
P003258,Divya Bhatt,female,1969-06-11,785 689 3973,divya bhatt414@example.org,244845003092,Bengaluru,H06,2025-11-13 19:55:23
P003259,Varun Malhotra,M,1969-12-25,6473832282,varun.malhotra189@mail.example.com,586061390343,Bengaluru,H06,2025-10-30 20:24:33
P003260,Harsh Malhotra,MALE,24-Sep-2013,+91-7063826975,harsh malhotra301@mail.example.com,815447608693, Pune,H01,2025-07-11 12:23:06
P003261,Nisha Pillai,F,13/04/1987,94865-09000,nisha pillai900@example.com,801847841381,Bengaluru,H01,2025-07-18 16:27:14
P003262,Bhavna Deshmukh,F,2014-10-17,61210-49147,,349994635625,New Delhi,H03,2025-10-08 12:49:13
P003263,Anjali Patil,F,15-May-1940,+91-7232926829,anjali.patil196@example.net,318177751607,delhi,H03,2025-09-16 16:09:58
P003264,Ritu Desai,f,1987-08-11,92802-63500,ritu.desai829@example.org,846707045344,Chandigarh,H04,2025-07-09 08:34:51
P003265,  Sneha Agarwal ,f,1979-03-22,81039-14868,sneha.agarwal61@example.com,224927760176,Chandigarh,H04,2025-10-28 13:02:26
P003266,Ritu Malhotra,F,2010-04-02,657145757,ritu.malhotra561@example.org,731489022418,Delhi,H01,2025-08-27 13:06:17
P003267,Rohan Chopra,M,1975-04-03,+91-8555835128,rohan.chopra210@example.org,706692753197,bengaluru,H06,2025-06-30 19:29:56
P003268,Isha Rao,F,26/04/1976,70236-39739,isha.rao223@example.com,395216665996,New Delhi,H03,2025-02-17 07:18:01
P003269,Sandeep Pillai,male,1988-08-17,79285-12205,sandeep.pillai526@example.org,743448328532,Mumbai,H02,2025-04-28 13:06:11
P003270,Aditya Deshmukh,M,2004-05-25,697 152 8237,aditya.deshmukh543@example.net,994202564087,DELHI,H02,2025-04-30 15:05:14
P003271,Tushar Naik,M,06/03/2004,701600486,tushar.naik586@example.net,690528711472,Delhi,H03,2025-01-08 17:36:53
P003272,Suresh Kapoor,M,20/11/2006,06446073975,suresh.kapoor755@example.net,603256640494,Pune,H01,2025-12-05 09:50:52
P003273,Isha Patil,f,2012-06-03,+91-8483247236,isha.patil780@mail.example.com,802441657194,Pune,H01,2025-06-18 14:59:27
P003274,Yash Gupta,m,2023-12-25,7522062767,yash.gupta961@example.com,410313423395,delhi,H03,2025-01-29 20:19:54
P003275,Bhavna Nair,Female,2023-05-07,+91-6644357610,bhavna.nair575@example.com,706710767656,Bangalore,H06,2025-01-23 07:09:04
P003276,Sandeep Gowda,M,1938-05-31,8828145340,sandeep.gowda689@mail.example.com,564497982813,pune,H01,2025-05-14 14:09:37
P003277,Isha Singh,f,1978-12-09,+91 74258 73397,isha.singh335@example.net,372011091579,delhi,H03,2025-07-30 10:37:30
P003278,Sunita Sharma,F,10-Jan-1995,+91 70956 75088,sunita.sharma673@example.net,881385825125,Mumbai,H02,2025-05-21 12:13:08
P003279,Mansi Verma,other,09-Sep-2016,+91-9390048886,mansi.verma12@mail.example.com,487832656014,Chennai,H01,2025-05-18 18:29:52
P003280,Amit Bose,M,28-Jun-1958,79239-63092,amit.bose124@example.org,457177734666,Mumbai,H02,2025-09-21 14:05:02
P003281,Kavita Patil,FEMALE,17-Feb-1982,+91 86584 53583,kavita.patil176@example.com,539051449779,Bombay,H03,2025-03-02 11:53:53
P003282,Anil Naik,M,29/10/1971,+91 93178 30295,anil.naik353@example.net,991855076221,Pune,H01,2025-09-11 12:42:41
P003283,Rajesh Kulkarni,M,1972-10-02,0761728964,rajesh.kulkarni107@example.net,825496785333,Bengaluru,H06,2025-12-27 13:08:47
P003284,Sanjay Shah,O,26-Jun-1957,06478354190,,616660330097,Mumbai,H02,2025-02-28 08:46:28
P003285,Anjali Rao,F,1992-10-31,72349-97874,anjali.rao146@mail.example.com,631882249300,MUMBAI ,H04,2025-08-07 11:13:45
P003286,Anjali Verma,female,1958-06-03,92914-36386,anjali.verma10@example.com,362131935504,Delhi,H05,2025-02-16 13:54:59
P003287,Rahul Mishra,MALE,26/10/1976,+91-7199354891,rahul.mishra878@example.org,823210698260,Chennai,H05,2025-05-21 10:10:05
P003288,Pranav Thakur,m,1961-05-23,+91-9415970694,pranav.thakur889@example.org,750152801166,Delhi,H03,2025-07-07 12:04:45
P003289,Pooja Kulkarni,female,1981-10-16,774 444 3047,pooja.kulkarni297@mail.example.com,371188096394,Mumbai,H02,2025-05-27 18:02:16
P003290,Kavita Jain,F,23/09/1964,+91-6406591145,kavita.jain637@example.net,662092489261,MUMBAI ,H02,2025-02-25 17:16:25
P003291,Shweta Yadav,F,1940-06-11,7733558738,shweta.yadav726@example.net,517592951399,CHANDIGARH,H03,2025-06-23 15:28:33
P003292,Amit Sharma,M,2005-09-24,89097-31495,amit.sharma907@example.org,625418343345,Chandigarh,H04,2025-09-06 17:08:41
P003293,Vikram Thakur,M,05-Apr-2015,+91-9464744334,vikram.thakur526.example.net,514542492428,bengaluru,H06,2025-05-31 18:06:35
P003294,Nisha Pandey,F,1962-07-06,+91 95946 16531,nisha.pandey553@example.org,411816237672,Delhi,H03,2025-10-04 15:47:26
P003295,Manish Mehta,m,22-Mar-1978,735 007 9053,manish.mehta93@example.net,777526814985,Mumbai,H02,2025-10-12 07:16:15
P003296,Mohit Deshmukh,male,30-Oct-1996,9486810424,mohit.deshmukh282@example.com,968478191506,MUMBAI ,H02,2025-09-21 15:36:50
P003297,Ananya Gupta,female,08/10/1972,830 918 0683,ananya.gupta46@mail.example.com,556985202285,chennai,H05,2025-12-06 08:27:02
P003298,Shweta Sharma,f,2005-01-29,9514643826,shweta.sharma932@mail.example.com,675466821298,Bengaluru,H06,2025-04-04 14:03:22
P003299,Swati Sharma,F,2003-08-01,977 663 6229,swati.sharma623@mail.example.com,321645880282,Chandigarh,H04,2025-01-31 09:15:50
P003300,Prakash Naik,M,1937-08-22,61321-33653,prakash.naik245@example.org,347227532647,PUNE ,H01,2025-12-07 21:00:47
P003301,Nikhil Rao,male,1937-11-02,+91 88878 12841,nikhil.rao416@example.com,470968476887,Mumbai,H01,2025-05-08 12:18:23
P003302,Rekha Mishra,F,23-Sep-1940,+91-6174743982,rekha.mishra820@example.net,520425803398,Chennai,H05,2025-04-18 13:42:04
P003303,Rekha Mehta,Female,17-Jan-1967,+91-8609736977,rekha.mehta85@example.net,811322868675,Mumbai,H02,2025-02-19 14:37:59
P003304,Karan Yadav,M,1988-04-12,93129-56364,karan.yadav229@example.net,556787777114,DELHI,H03,2025-12-14 12:03:58
P003305,Priya Malhotra,FEMALE,16-Dec-1946,+91 82321 82507,priya.malhotra158@example.org,639690211813,Mumbai,H02,2025-04-02 11:28:06
P003306,Sandeep Bhatt,M,25-Mar-1936,7480154752,sandeep.bhatt800@example.net,779198125708,Mumbai,H02,2025-11-25 15:55:50
P003307,Suresh Pandey,M,1970-06-05,807 966 5586,suresh.pandey769@mail.example.com,344048351798,Delhi,H02,2025-04-26 15:02:40
P003308,Vikram Naik,M,1937-07-19,+91-7186000590,vikram.naik247@example.org,874843537750,Pune,H01,2025-07-09 16:32:11
P003309,Deepak Gowda,M,03-Nov-1958,859 716 8641,deepak.gowda268@example.com,642062924515,Bengaluru,H06,2025-01-01 18:32:21
P003310,Rekha Gowda,F,1999-09-09,80211-81849,,597336591277,Madras,H05,2025-10-14 15:54:03
P003311,Amit Chopra,m,1979-01-19,06012694388,amit.chopra623@example.net,842126963079,Bengaluru,H06,2025-12-10 07:53:32
P003312,Tushar Iyer,male,21-Apr-2002,08802642784,tushar.iyer365@example.org,361846456899,Pune,H01,2025-10-03 15:31:27
P003313,Deepak Joshi,M,1972-07-30,+91 66226 91372,deepak.joshi128@example.com,764450632059,Bengaluru,H06,2025-01-13 20:28:49
P003314,  Jyoti Chopra ,female,1992-01-30,+91-7126839835,jyoti.chopra180@example.net,427867433456,Delhi,H03,2025-06-02 13:50:42
P003315,Amit Naik,MALE,06/09/1937,09549479836,amit.naik853@example.org,407493278593,Chennai,H05,2025-05-28 16:41:06
P003316,Divya Mishra,F,1980-10-05,850 734 0910,divya.mishra989@example.net,485237250063,Mumbai,H02,2025-06-17 20:56:05
P003317,Arjun Gowda,M,02-Jan-1958,7128733143,arjun.gowda31@example.net,300295404083,Pune,H01,2025-12-30 08:03:06
P003318,  Gaurav Pillai ,M,2010-10-05,+91 75480 99023,gaurav.pillai985@mail.example.com,872936819230,Bengaluru,H06,2025-02-04 13:55:44
P003319,Vikram Reddy,m,2012-05-05,75104-9637,vikram.reddy583@mail.example.com,655176427544,CHANDIGARH,H04,2025-10-02 19:45:17
P003320,Tushar Gowda,M,1945-07-26,882 529 2091,tushar.gowda438.example.com,714860107552,Chandigarh,H04,2025-02-11 07:35:03
P003321,Tanvi Reddy,F,1994-12-05,07402478670,tanvi.reddy676@example.net,933247275520,Mumbai,H02,2025-11-10 14:52:21
P003322,Divya Kulkarni,Female,1943-05-04,9550641841,divya.kulkarni714@example.com,692534234239,Mumbai,H02,2025-07-23 10:08:01
P003323,Shruti Bhatt,female,1965-03-02,726 498 2878,shruti.bhatt262@example.com,381341767583,Chandigarh,H04,2025-11-21 16:10:46
P003324,Swati Patil,f,1970-12-19,+91 89507 61647,swati.patil906@example.net,919909995369,Pune,H01,2025-10-17 21:32:19
P003325,Meera Mehta,female,02/06/1997,+91 66544 01063,meera.mehta217@example.net,908965865567,Delhi,H03,2025-05-12 11:55:44
P003326,Pranav Nair,Male,12-Sep-1962,+91 73718 65687,pranav.nair630@example.net,886592417920,Pune,H01,2025-05-15 18:52:54
P003327,Mansi Patil,f,1979-05-20,+91-6305311361,mansi.patil358@example.com,752852646263,Bengaluru,H06,2025-08-16 16:37:22
P003328,Rajesh Yadav,MALE,11-Dec-1958,+91 92359 51487,rajesh.yadav877@,337544489868,Mumbai,H02,2025-02-10 16:29:51
P003329,Rahul Kulkarni,M,11/06/1939,+91 68754 85146,rahul.kulkarni553@example.net,807832886619,Pune,H01,2025-06-16 12:21:51
P003330,Gaurav Desai,other,1946-03-06,06302682237,gaurav.desai15@mail.example.com,879047945401,BANGALORE ,H06,2025-06-28 16:39:16
P003331,Rahul Deshmukh,M,30/03/1944,+91-6326380822,rahul.deshmukh977@example.net,912724034504,delhi,H03,2025-09-29 13:16:20
P003332,Harsh Joshi,male,1935-08-06,75932-00912,harsh.joshi965@example.com,868709284174,Bombay,H02,2025-01-08 09:40:42
P003333,Shruti Singh,F,1982-04-26,+91 70676 75651,shruti.singh99@example.com,475851003196,mumbai,H02,2025-11-24 11:22:58
P003334,Karan Agarwal,M,2023-11-13,8553198287,karan.agarwal425@example.net,231691655753,Chennai,H05,2025-04-14 15:23:44
P003335,Rahul Naik,MALE,1975-09-24,99440-57510,rahul.naik601.example.org,241925566382,chandigarh,H04,2025-06-10 09:25:05
P003336,Pooja Shah,FEMALE,17/01/2023,74852-42948,pooja.shah427@example.net,409824922397,delhi,H03,2025-04-05 20:53:27
P003337,Suresh Gowda,m,01/01/1942,+91-6451850233,suresh.gowda554@mail.example.com,717106560338,Chennai,H03,2025-11-07 07:21:01
P003338,Rohan Gupta,m,09-Oct-1975,860 071 7947,rohan.gupta246@example.com,951812961124,DELHI,H03,2025-11-07 16:46:00
P003339,Shweta Sharma,F,2019-01-19,695 469 260,shweta.sharma135@mail.example.com,341130623986, Pune,H01,2025-05-26 11:24:10
P003340,Jyoti Kulkarni,F,2025-01-06,6946259070,jyoti.kulkarni986@example.org,553339386623,Delhi,H03,2025-04-25 18:27:57
P003341,Ananya Rao,F,06/03/2005,916 626 7469,ananya.rao219@example.net,669391116355,PUNE ,H01,2025-10-28 17:31:28
P003342,Yash Verma,Male,01/11/1983,+91-8532386510,yash.verma285@mail.example.com,568758080219,Chennai,H05,2025-08-04 14:02:45
P003343,Anjali Reddy,FEMALE,06-Feb-2021,898 227 2572,anjali.reddy73@example.org,471739892411,Delhi,H03,2025-06-13 13:18:01
P003344,Anjali Mehta,F,2017-02-16,+91-7579784194,anjali.mehta183@example.net,833401874114,Bengaluru,H06,2025-03-30 10:31:08
P003345,Rohan Chopra,M,1972-01-27,84366-98984,rohan.chopra358@mail.example.com,924110395781,CHENNAI,H05,2025-03-10 11:55:27
P003346,Vikram Patil,m,1990-11-11,693 642 5438,vikram.patil523@example.com,590498907502,Chennai,H05,2025-02-13 17:04:58
P003347,Radhika Jain,F,1993-11-03,07291394038,radhika.jain658@example.com,659174232803,pune,H01,2025-01-28 15:28:48
P003348,Sunita Agarwal,female,20/05/1982,8779896136,sunita.agarwal739@mail.example.com,274443596466,Delhi,H03,2025-10-27 10:04:15
P003349,Anil Mehta,Male,2019-03-08,+91 77726 68138,anil.mehta996@example.com,842828508322,Chennai,H05,2025-08-30 21:16:48
P003350,Mohit Patil,Male,04/11/1976,84897-40284,mohit.patil5@example.net,654407975042,Bengaluru,H06,2025-08-06 20:37:55
P003351,Radhika Bose,F,20-Mar-1954,831 665 3471,radhika.bose399@mail.example.com,288643927942,Chandigarh ,H04,2025-07-09 21:34:44
P003352,Nisha Naik,F,1946-12-09,09822936021,nisha.naik361@example.net,831984817419,CHANDIGARH,H05,2025-05-27 20:19:46
P003353,Prakash Patil,m,25/07/2008,9462112727,prakash.patil10@example.net,970337034153,Chennai,H05,2025-11-03 14:17:32
P003354,Harsh Naik,M,1951-05-30,83095-03017,harsh.naik760@example.org,643516836893,Delhi,H01,2025-02-08 15:29:08
P003355,Harsh Rao,M,1999-10-05,7617562211,harsh.rao860@example.org,728076541561,Bengaluru,H06,2025-07-30 11:08:23
P003356,Radhika Pandey,F,07/12/1983,8751987765,radhika.pandey783@example.com,602063466479,New Delhi,H03,2025-07-30 14:04:32
P003357,Jyoti Reddy,F,1990-06-06,+91 84998 99829,jyoti.reddy889@example.com,308382493158,Mumbai,H02,2025-01-08 19:47:56
P003358,Aarti Bhatt,F,1988-06-22,08376208975,aarti.bhatt533@mail.example.com,968796375597,Pune,H01,2025-07-02 16:09:37
P003359,Kunal Nair,M,01-Jul-1987,+91-8379031718,kunal.nair257@example.net,301794392365,Pune,H01,2025-07-09 19:21:23
P003360,Tanvi Pandey,F,17/08/1998,91146-72329,tanvi.pandey844@example.org,525397774293,Pune,H01,2025-10-08 10:41:58
P003361,Tushar Patil,O,1960-03-26,+91 66689 90455,tushar.patil926@example.com,239976464823,Delhi,H03,2025-11-12 16:45:17
P003362,Kunal Gupta,M,1975-09-21,72969-83196,kunal.gupta969@mail.example.com,954504880560,Mumbai,H02,2025-06-08 09:37:10
P003363,Yash Singh,M,1979-06-06,73675-95938,yash.singh549@example.net,837713784576,Delhi,H03,2025-09-07 08:24:58
P003364,Kunal Joshi,M,1968-11-21,928 984 9019,kunal.joshi22@example.net,595226049446,Mumbai,H02,2025-12-20 16:07:13
P003365,  Mohit Pandey ,M,2021-06-14,+91 70210 3216,mohit.pandey97@mail.example.com,347066673753,Mumbai,H02,2025-12-19 12:25:02
P003366,Kavita Joshi,F,2022-07-29,775 171 5859,kavita.joshi191@example.org,256685288592,Chennai,H05,2025-07-10 20:31:52
P003367,Tushar Desai,M,2003-06-25,+91 93436 45234,tushar.desai600@mail.example.com,457311382026,Mumbai,H02,2025-11-16 09:08:41
P003368,Anil Iyer,,13/06/1976,+91 85996 35891,anil.iyer571@example.com,718182575357,Pune,H01,2025-02-28 17:12:36
P003369,Komal Verma,F,25/04/1966,+91 79051 37142,,408461262288,Mumbai,H02,2025-01-30 15:40:33
P003370,Sanjay Naik,M,1993-11-22,994056569,sanjay.naik867@example.org,932747969445,chandigarh,H04,2025-03-09 14:34:08
P003371,Vikram Nair,MALE,1971-11-11,97670-16212,vikram.nair918@example.net,581626092125,Chandigarh,H04,2025-06-09 11:10:58
P003372,Mansi Bose,F,1974-11-15,07736510706,mansi.bose60@example.com,464086246348, Pune,H01,2025-09-01 14:53:03
P003373,Rajesh Naik,MALE,19/10/2020,08345414015,rajesh.naik266@example.net,325402060784,Chennai,H05,2025-01-28 14:39:04
P003374,Kavita Yadav,Female,1952-08-22,999 050 3407,kavita.yadav581@mail.example.com,239657353240,Chennai,H05,2025-05-14 14:05:08
P003375,Prakash Pandey,M,1954-10-21,+91-9151956245,prakash pandey601@mail.example.com,843778779029,Chandigarh,H04,2025-11-20 19:27:01
P003376,Vikram Mishra,Male,24/08/1982,+91-7307492276,vikram.mishra996@mail.example.com,428692578735,MUMBAI ,H03,2025-07-10 15:05:40
P003377,Vikram Kulkarni,M,03-Jan-1977,06779906396,vikram.kulkarni76@example.net,462813621109,Delhi,H03,2025-08-20 11:59:54
P003378,Pallavi Pillai,F,1979-01-25,+91 98061 2554,pallavi.pillai743@mail.example.com,576972586026,Mumbai,H02,2025-09-16 11:25:31
P003379,Kavita Gupta,F,09-Dec-2017,664 596 9890,kavita.gupta493@example.com,815507576971,Chennai,H05,2025-01-20 20:17:17
P003380,Ritu Menon,FEMALE,14-Jun-1995,09231235770,ritu.menon71@example.net,928140697775,Delhi,H03,2025-05-30 18:54:02
P003381,Nisha Pillai,FEMALE,24-Jul-1944,980 894 3342,nisha.pillai459@mail.example.com,906303875122,Delhi,H03,2025-02-02 09:21:18
P003382,Tushar Malhotra,M,05/09/1989,+91-6005599143,tushar.malhotra907@example.net,481541307644,Chennai,H05,2025-12-24 12:53:56
P003383,Pooja Jain,F,01-Dec-1985,731 824 0884,pooja.jain889@example.org,587134420625,Chandigarh,H04,2025-11-01 13:47:52
P003384,Shruti Agarwal,F,12/08/1937,773 621 9027,shruti.agarwal17@mail.example.com,912178450485,PUNE ,H01,2025-11-09 21:43:44
P003385,Swati Kulkarni,F,31-Aug-2019,9124448227,swati.kulkarni163@example.net,650756367662,Madras,H05,2025-11-22 08:47:28
P003386,Rohan Nair,O,1954-01-21,06489477477,rohan.nair579@mail.example.com,867699573407,Chennai,H01,2025-12-30 18:38:08
P003387,Shweta Bhatt,F,1992-06-27,7322688916,shweta.bhatt820@example.net,656043442096,Delhi,H03,2025-07-05 11:06:56
P003388,Radhika Singh,F,1962-12-24,80534-89795,radhika.singh297@example.org,926146483940,delhi,H03,2025-06-02 07:13:31
P003389,Siddharth Yadav,MALE,08-Dec-1982,09144736115,siddharth.yadav40@mail.example.com,336241609093,Chandigarh,H04,2025-05-03 10:59:17
P003390,Sneha Yadav,F,20-Apr-2021,737 133 5732,sneha.yadav994@example.net,990591031635,Chandigarh,H05,2025-07-02 18:58:51
P003391,Radhika Jain,F,1942-02-23,6610293614,radhika.jain128@example.com,943694721535,bengaluru,H06,2025-04-12 08:01:19
P003392,Siddharth Patil,M,2004-05-17,+91-8586115309,siddharth.patil737@example.com,855789931207,Chandigarh,H04,2025-01-19 12:14:10
P003393,Aarti Kulkarni,f,12-Jul-1948,85862-75382,aarti.kulkarni292@example.com,623303792067,Mumbai,H02,2025-02-04 18:37:09
P003394,Pallavi Shah,Female,1943-06-20,+91 95798 66008,pallavi.shah531@,764939462396,chandigarh,H04,2025-01-16 13:22:28
P003395,Ananya Jain,F,1964-03-02,07607359661,ananya.jain423@example.org,963340315924,BANGALORE ,H01,2025-10-15 07:57:24
P003396,Nisha Shah,FEMALE,2023-05-18,800 999 7941,,377265304099,delhi,H05,2025-10-08 20:18:25
P003397,Pooja Deshmukh,Female,09-Jun-1987,09863510382,pooja.deshmukh424@example.org,580410571005,Bengaluru,H06,2025-09-06 08:24:29
P003398,Arjun Shah,m,05/02/1965,71745-18423,arjun.shah521@mail.example.com,431133287508,Bengaluru,H06,2025-10-16 08:42:45
P003399,Meera Mishra,F,08/12/2013,882 172 6473,meera.mishra22@example.net,789313237014,Mumbai,H02,2025-03-26 17:21:54
P003400,Rohan Thakur,male,1971-04-12,+91 69560 14875,rohan.thakur223@example.com,465454974230,PUNE ,H01,2025-07-12 21:24:45
P003401,Siddharth Joshi,,2015-05-02,09957568513,siddharth.joshi350@mail.example.com,594507610038,Mumbai,H02,2025-09-19 07:19:26
P003402,Pallavi Nair,F,23-Feb-2009,957 929 8581,pallavi.nair758@example.net,643891465772,Mumbai,H02,2025-12-13 14:08:09
P003403,Radhika Agarwal,F,1975-12-21,+91 61095 99417,radhika.agarwal91@example.net,937990529969, Pune,H01,2025-01-08 21:42:38
P003404,Bhavna Shah,F,01/05/2015,+91 77824 53264,bhavna.shah510@mail.example.com,623953482685,Delhi,H03,2025-06-24 07:42:19
P003405,Kunal Desai,m,18/03/1999,06749123990,kunal.desai788@example.org,854213480623,PUNE ,H01,2025-01-02 14:23:01
P003406,Ananya Gupta,Female,24/12/1947,654 327 761,ananya.gupta527@mail.example.com,285461873473,Bengaluru,H06,2025-03-11 19:33:05
P003407,Rajesh Rao,M,18/01/1977,+91-9771507778,,880326094646,Mumbai,H02,2025-03-11 19:05:34
P003408,Sunita Mehta,F,1968-05-29,08403508259,sunita.mehta67@example.com,776647543322,Delhi,H03,2025-01-26 21:35:00
P003409,Shruti Jain,F,1962-06-24,6513644381,shruti.jain533@example.org,451920716660,Mumbai,H02,2025-07-04 12:09:31
P003410,Suresh Iyer,M,2018-09-07,+91-6429743054,suresh.iyer490@mail.example.com,344959161676,Madras,H05,2025-04-25 13:03:59
P003411,Sneha Sharma,female,27/03/1940,94500-67878,sneha.sharma330@example.org,429329450772,Madras,H05,2025-07-17 17:33:55
P003412,Isha Mehta,F,11-Jul-1996,65785-63442,isha.mehta820@mail.example.com,605197045202,Delhi,H03,2025-05-18 07:27:32
P003413,Ritu Nair,F,12/12/1987,+91-8416034992,ritu.nair220@example.net,644052268394,Mumbai,H02,2025-04-04 07:15:47
P003414,Sunita Yadav,F,10-Jan-1997,78587-49196,sunita.yadav312@example.org,805756353504,Chandigarh,H04,2025-05-08 13:33:17
P003415,Aditya Pillai,MALE,23/11/2004,09240460152,aditya.pillai204@example.org,355786437795,Mumbai,H02,2025-10-28 08:31:01
P003416,Amit Yadav,M,10-Oct-1966,622 945 8535,amit.yadav145@mail.example.com,928693176077,Bengaluru,H06,2025-10-03 13:39:39
P003417,Kavita Bhatt,F,20/02/1998,07117837869,kavita.bhatt956@example.org,483994991446,Bengaluru,H05,2025-05-14 08:09:19
P003418,Komal Rao,F,1944-07-25,7258098172,komal.rao995@example.org,738389014928,Delhi,H03,2025-04-05 07:54:51
P003419,Prakash Reddy,M,1951-07-17,06507381983,prakash.reddy353@example.com,762692015370,Chennai,H05,2025-07-19 16:11:58
P003420,Pallavi Sharma,female,12/10/1967,6453581270,pallavi.sharma412@example.net,662524438638,Bengaluru,H06,2025-10-09 08:43:54
P003421,Gaurav Yadav,M,04-Jun-2011,+91-9479614127,gaurav.yadav150@mail.example.com,707440838778,delhi,H03,2025-01-03 09:58:54
P003422,Deepak Malhotra,M,03-Jun-1997,6715855148,deepak.malhotra857@mail.example.com,670448150639,Pune,H01,2025-07-02 09:12:33
P003423,Arjun Nair,M,1968-06-27,+91-7749104541,arjun.nair559@example.com,775562000927,PUNE ,H01,2025-09-24 10:26:02
P003424,Rahul Iyer,M,1994-01-08,+91-6504053235,rahul.iyer940@example.org,217647282590,Mumbai,H02,2025-07-10 16:57:16
P003425,Rohan Mehta,M,02-Mar-1975,+91-8263128452,rohan.mehta589@example.com,695115336066,Pune,H01,2025-09-21 12:28:02
P003426,Rohan Kulkarni,m,1991-12-20,90283-99182,rohan.kulkarni637@mail.example.com,749891763126,Bengaluru,H06,2025-04-19 08:45:45
P003427,Kunal Mishra,M,2003-05-19,84179-67560,kunal.mishra574@example.net,763091318682,Delhi,H03,2025-11-01 11:07:00
P003428,Bhavna Mehta,F,23/01/1942,+91-709538773,bhavna.mehta874@mail.example.com,255843062053,Pune,H01,2025-07-01 15:39:11
P003429,  Mansi Agarwal ,F,1972-05-17,+91-6071205729,mansi.agarwal716@example.org,278250549567,BANGALORE ,H06,2025-01-09 14:02:44
P003430,Sunita Malhotra,F,1939-06-02,78391-48820,sunita.malhotra237@example.com,909149227185,chennai,H05,2025-02-21 14:34:24
P003431,Neha Shah,F,2002-05-24,+91 67646 06324,neha.shah826@example.net,409138809370,Pune,H01,2025-09-06 18:59:26
P003432,Tanvi Mehta,F,23-Jan-1987,96765-34480,tanvi.mehta621@example.net,906520847667,Bengaluru,H06,2025-11-18 09:56:37
P003433,Rajesh Iyer,male,1945-05-22,7522785354,rajesh.iyer297@example.net,422105251392,Pune,H02,2025-07-25 14:46:49
P003434,Bhavna Joshi,F,02/12/1971,+91-8680336313,bhavna.joshi655@,627390601779,Delhi,H03,2025-06-22 21:40:18
P003435,Karan Verma,Male,2020-11-30,68969-1458,karan.verma771@example.com,794057949861,MUMBAI ,H02,2025-10-12 17:33:50
P003436,Anil Iyer,male,1950-08-20,65194-02393,anil.iyer869@mail.example.com,335701057256,Mumbai,H02,2025-11-05 08:49:59
P003437,Kavita Iyer,F,1988-03-26,+91-9361767409,kavita.iyer674@example.com,873813388964,Bengaluru,H06,2025-02-19 13:14:18
P003438,Sanjay Patil,Male,14-Jul-1940,0868338627,sanjay.patil574@example.org,442735021971,Mumbai,H05,2025-10-28 17:45:12
P003439,Sunita Gowda,F,2010-11-06,78613-22865,sunita.gowda840@example.org,935645778387,Chandigarh,H04,2025-04-10 13:24:33
P003440,Gaurav Jain,Male,1964-12-03,+91-9397773128,gaurav.jain984@mail.example.com,292838057917,Bengaluru,H01,2025-03-04 18:37:45
P003441,Radhika Gowda,F,1943-02-10,92422-7826,radhika.gowda681@example.org,407271628504,Pune,H01,2025-09-16 09:38:25
P003442,Tushar Iyer,M,1965-06-07,7052815766,tushar.iyer519@example.com,876804951920,delhi,H03,2025-01-12 12:15:02
P003443,Jyoti Patil,F,18-Dec-1980,+91 91195 8408,jyoti.patil510@example.org,962773089881,Pune,H01,2025-02-10 10:53:41
P003444,Rekha Mishra,F,1993-12-25,07681584269,rekha.mishra65@example.org,295094744059,Chennai,H03,2025-12-15 13:03:10
P003445,Aditya Gowda,,14-Oct-1982,8688571799,aditya.gowda216@example.com,399460269518,CHANDIGARH,H04,2025-04-22 09:30:33
P003446,Meera Rao,F,1988-08-21,74506-73027,meera.rao224@example.com,485071410949,CHENNAI,H05,2025-04-17 21:45:14
P003447,Kunal Pillai,M,09/10/1961,613 268 8440,kunal.pillai746@mail.example.com,956001199827, Pune,H06,2025-11-22 11:37:57
P003448,Arjun Mehta,male,04/04/1961,77629-44184,arjun.mehta198@mail.example.com,360404398827,Delhi,H03,2025-09-06 11:03:31
P003449,Mansi Gupta,F,2006-06-07,06848028753,mansi.gupta114@example.net,719330132989,Chennai,H05,2025-10-31 12:12:33
P003450,Tanvi Pandey,F,29-Jan-1999,7820043318,tanvi.pandey367@mail.example.com,742369702599,chandigarh,H02,2025-11-14 20:34:33
P003451,Shweta Bose,,07-Jan-2003,+91-9474703468,shweta.bose240@example.com,308974142646,Delhi,H03,2025-04-11 17:19:42
P003452,Ritu Singh,F,1937-08-05,+91-9584253064,ritu.singh789@mail.example.com,298436662392,PUNE ,H01,2025-06-06 12:00:42
P003453,Meera Mehta,f,1966-09-06,611 364 2153,meera.mehta714@example.net,296234022410,Bengaluru,H06,2025-12-13 13:18:12
P003454,Pranav Kulkarni,M,1939-08-20,09789153853,pranav.kulkarni785@example.net,887270178693,Chandigarh,H02,2025-12-28 19:18:16
P003455,Karan Mehta,male,2015-10-10,92793-23639,karan.mehta599@example.org,552519331159, Pune,H01,2025-07-07 19:09:00
P003456,Anjali Verma,female,1942-06-26,69897-07015,anjali.verma245@example.com,770756661502,PUNE ,H01,2025-02-04 08:44:23
P003457,Sandeep Mishra,M,31-Aug-1969,07847145013,,731145837711,Chandigarh,H04,2025-03-08 08:47:34
P003458,Siddharth Patil,male,27-Sep-1989,66844-87809,siddharth.patil943@example.org,437726079868,Mumbai,H02,2025-06-19 09:44:20
P003459,Shruti Yadav,,25/07/1985,902 111 7522,shruti.yadav934@example.com,535725875337,Bombay,H02,2025-07-23 08:16:33
P003460,Rajesh Bhatt,M,1938-01-11,07608972691,rajesh.bhatt798@example.org,891852692571,Bombay,H02,2025-11-17 19:48:36
P003461,Rohan Nair,M,26/12/1955,80838-40949,rohan.nair308@example.org,365095767108,Bengaluru,H06,2025-01-09 15:06:43
P003462,Arjun Menon,other,1973-06-20,+91-9641527628,arjun.menon826@mail.example.com,785753747749,Pune,H01,2025-09-16 09:12:54
P003463,Shweta Desai,F,2003-11-02,+91-6902240935,shweta.desai394@example.net,495617845964, Pune,H01,2025-09-09 14:17:59
P003464,Radhika Naik,F,25/06/1959,+91-7773637794,radhika.naik502@mail.example.com,399365372808,Chandigarh,H04,2025-12-16 08:28:44
P003465,Komal Agarwal,F,1993-10-18,+91-6851697508,komal.agarwal789@example.net,403378006708,Chandigarh,H02,2025-03-05 19:20:45
P003466,Aditya Bose,Male,25/05/1967,97262-08952,aditya.bose235@example.com,517202399643,Chennai,H05,2025-03-01 14:50:47
P003467,Harsh Mishra,M,1974-06-17,9931543404,harsh.mishra839@example.org,602464041205,Madras,H05,2025-09-03 15:54:28
P003468,Pallavi Shah,FEMALE,16/10/2024,+91 76473 19263,pallavi.shah421@example.org,944468672868,Bombay,H02,2025-01-22 10:38:25
P003469,Siddharth Jain,M,1986-02-20,772 518 4580,siddharth.jain347@mail.example.com,616633160105,Chandigarh,H04,2025-05-07 20:15:46
P003470,Isha Gupta,F,1994-09-12,08332543158,isha.gupta485@mail.example.com,498298376420,delhi,H03,2025-08-07 13:27:58
P003471,Sanjay Singh,male,1935-01-25,07163241716,sanjay.singh583@example.com,652034631003,delhi,H03,2025-05-11 12:10:22
P003472,Sneha Shah,F,1973-08-05,+91-9400045018,sneha.shah468@mail.example.com,496383896999,MUMBAI ,H02,2025-07-28 14:07:28
P003473,Anjali Shah,FEMALE,11/11/1997,7115163542,anjali.shah518@example.org,960660858797,Bengaluru,H06,2025-07-02 19:26:36
P003474,Suresh Iyer,M,1986-09-26,9632534607,suresh.iyer472@mail.example.com,223856538732,Mumbai,H02,2025-12-26 07:59:05
P003475,Pooja Kapoor,Female,2003-12-22,734 885 4212,pooja.kapoor519@mail.example.com,826342227148,Delhi,H03,2025-04-21 19:21:35
P003476,Arjun Kulkarni,M,2003-05-09,+91-6961377115,arjun.kulkarni835@example.com,433038222809,Bengaluru,H06,2025-05-06 16:58:08
P003477,Sneha Bhatt,Female,1997-03-03,+91 79896 55593,sneha.bhatt710@example.com,354086524191,Chennai,H05,2025-01-04 09:04:37
P003478,Yash Bose,M,1951-10-27,09156375084,yash.bose147@example.net,208164611357,Bengaluru,H06,2025-10-31 13:39:44
P003479,Aarti Deshmukh,F,16-Jan-1960,06317732592,aarti.deshmukh565@example.org,570595424675,Chandigarh,H01,2025-10-20 10:31:06
P003480,Rajesh Rao,M,2003-03-20,+91-887711990,rajesh.rao778@example.com,601532184480, Pune,H01,2025-04-11 14:22:53
P003481,Vikram Pandey,Other,2015-05-10,67679-98441,vikram.pandey343@example.com,418495110709,Chennai,H05,2025-10-09 14:03:58
P003482,Ananya Shah,f,1984-09-07,09781064467,ananya.shah255@mail.example.com,444296409376,Delhi,H03,2025-04-16 16:38:00
P003483,Swati Joshi,F,1951-12-04,+91-9151754685,swati.joshi107.example.net,441401614819,mumbai,H02,2025-12-05 20:31:20
P003484,Sanjay Jain,m,11/01/1972,74923-08689,sanjay.jain633@mail.example.com,867955513458,Bengaluru,H06,2025-07-31 13:50:49
P003485,Rahul Mishra,MALE,1997-07-20,86960-56589,rahul.mishra243@example.org,397967815539,Chandigarh,H04,2025-11-18 16:47:27
P003486,Rahul Kapoor,MALE,2025-05-08,60899-20806,rahul.kapoor364@example.com,243508421816,delhi,H03,2025-12-20 14:17:39
P003487,Isha Gowda,F,2011-06-05,09794643191,isha.gowda492@mail.example.com,265670295386,delhi,H04,2025-01-07 07:13:47
P003488,Priya Iyer,F,18/10/1976,+91-9736271257,priya.iyer858@example.org,500404877468,Chandigarh,H04,2025-09-09 13:12:57
P003489,Nikhil Chopra,m,1963-08-23,+91-7925276732,nikhil.chopra916@example.com,518885102022,Mumbai,H02,2025-09-06 17:04:23
P003490,Suresh Gowda,,1974-07-09,06705276567,suresh gowda649@example.com,917068798266,Mumbai,H02,2025-12-13 07:25:49
P003491,Pooja Bose,f,1992-02-08,0943745755,pooja.bose363@mail.example.com,979569446671,Chennai,H03,2025-03-11 19:17:17
P003492,Tanvi Kapoor,f,25-Mar-1975,81272-99919,tanvi.kapoor561.mail.example.com,640404225843,Pune,H01,2025-04-26 08:40:12
P003493,Shruti Pandey,F,2004-10-04,09180911937,shruti.pandey828@mail.example.com,311275471281,chennai,H05,2025-11-21 08:44:43
P003494,Nikhil Desai,M,1962-12-28,723 228 9025,nikhil.desai894@example.net,685695938593,Pune,H01,2025-03-09 08:41:04
P003495,Shruti Agarwal,female,26/08/1983,+91 77898 27906,shruti.agarwal334@example.org,353292544126,Chennai,H03,2025-06-24 13:22:54
P003496,Nisha Singh,female,1997-11-13,+91-8922528421,nisha.singh189@example.com,405669066272,Pune,H01,2025-01-09 13:17:30
P003497,Prakash Kapoor,m,22/07/2015,+91 97069 98158,prakash.kapoor238@example.net,356072692837,Bengaluru,H06,2025-11-07 14:50:05
P003498,Ananya Mishra,Female,21/06/2014,80971-53955,ananya.mishra801@mail.example.com,503598282464,Delhi,H03,2025-03-14 21:58:29
P003499,Amit Kapoor,M,1975-04-01,08328628947,amit.kapoor329@example.org,645541951165,Pune,H01,2025-09-15 20:33:41
P003500,Suresh Sharma,MALE,1986-08-29,+91-7061258630,,782294369186,Bombay,H02,2025-02-24 17:55:46
P003501,Aarti Bhatt,,1991-02-13,956 505 8041,aarti.bhatt765@mail.example.com,408272024778,Chennai,H05,2025-06-14 12:56:07
P003502,Bhavna Jain,F,2005-01-09,7930921145,bhavna.jain265@example.org,877743365567,PUNE ,H01,2025-05-22 21:02:12
P003503,Vikram Thakur,Male,08-Apr-1976,+91 84801 15796,vikram.thakur895@example.net,942026509115,Bengaluru,H05,2025-10-04 08:35:43
P003504,Harsh Bose,MALE,17-May-1986,+91 69919 36082,harsh.bose712@example.com,946026178819,BANGALORE ,H06,2025-03-01 17:28:00
P003505,Priya Nair,F,27/02/2023,06018260239,priya.nair535@example.org,650155008584,bengaluru,H06,2025-11-13 17:23:39
P003506,Ritu Iyer,F,1973-03-15,+91-8148647408,ritu.iyer672@mail.example.com,354991413251,Delhi,H03,2025-07-02 08:35:30
P003507,Komal Gowda,F,03/02/2024,+91 85871 13749,komal.gowda136@mail.example.com,849606729593,Delhi,H03,2025-10-01 19:19:43
P003508,Sneha Malhotra,f,29/05/1942,+91 92270 56643,sneha.malhotra916@example.net,831363889448,Delhi,H03,2025-07-22 09:47:59
P003509,Karan Rao,Male,1983-06-08,06174740069,karan.rao674@mail.example.com,754098601523,delhi,H03,2025-05-25 13:19:18
P003510,Pallavi Malhotra,F,1997-10-25,+91-6248471040,,367549069229,Chennai,H05,2025-10-18 17:52:14
P003511,Sunita Menon,Female,22/08/2025,89932-35839,sunita.menon785@example.net,356926098454,DELHI,H03,2025-06-10 18:16:00
P003512,Nisha Deshmukh,FEMALE,01-Oct-1965,679 287 8207,nisha.deshmukh506@mail.example.com,986620696346,Bengaluru,H06,2025-05-18 14:10:43
P003513,Shruti Iyer,f,1987-01-29,08287836099,shruti.iyer625@example.org,604488007666,Bombay,H02,2025-02-09 12:00:22
P003514,Rohan Nair,MALE,10/07/1966,+91-6271608631,rohan.nair723@mail.example.com,381165570560,Chennai,H05,2025-09-16 11:16:15
P003515,Rajesh Desai,m,1986-11-28,+91 99886 33278,rajesh.desai875@example.org,651438720092,Chandigarh,H04,2025-11-11 12:34:09
P003516,Sanjay Menon,M,15/09/1988,84822-63103,sanjay.menon782@example.net,685759377566,Bengaluru,H06,2025-12-11 21:24:27
P003517,Pranav Mehta,M,1945-03-16,9896343147,pranav.mehta771@example.net,653799664825,Pune,H01,2025-05-12 16:12:27
P003518,Siddharth Kapoor,m,05-Apr-1988,+91 71869 5351,siddharth.kapoor529@mail.example.com,267999358656,Delhi,H03,2025-01-25 19:28:30
P003519,Shruti Rao,F,1951-03-12,07481816755,shruti.rao937@example.com,832290718914,Delhi,H03,2025-06-03 19:22:52
P003520,Rahul Rao,M,12/06/2018,693 206 2505,rahul rao30@mail.example.com,714181309040,Pune,H01,2025-02-10 14:24:43
P003521,Swati Reddy,F,29-Jun-2007,+91 70707 98852,swati.reddy759@example.org,502624281457,Chandigarh,H04,2025-06-02 21:40:41
P003522,Nikhil Bose,M,1961-12-17,6621192406,nikhil.bose817@example.net,429299263264,Delhi,H03,2025-01-08 20:07:58
P003523,Amit Singh,male,2025-12-19,+91-6563887151,amit.singh526@,992272124741,Bengaluru,H06,2025-04-25 20:15:25
P003524,Swati Kulkarni,F,2009-10-06,06053405717,swati.kulkarni892@example.com,824978513819,Delhi,H03,2025-01-19 16:38:44
P003525,Amit Singh,MALE,2020-08-26,8353908804,amit.singh700@mail.example.com,492706571253,delhi,H03,2025-05-25 21:17:49
P003526,Tanvi Kulkarni,female,1982-09-15,627 347 7372,,464763250769,DELHI,H03,2025-12-24 07:40:45
P003527,Sneha Iyer,female,1990-04-17,8040449365,sneha.iyer200@example.net,870171788248, Pune,H01,2025-10-28 07:38:25
P003528,Rahul Iyer,M,2020-03-08,92283-48045,rahul.iyer837@mail.example.com,351212937916,Chennai,H05,2025-05-02 21:30:10
P003529,Sanjay Rao,m,31-Dec-1973,09062739208,sanjay.rao609@example.org,875786601901,MUMBAI ,H02,2025-02-19 15:17:01
P003530,Jyoti Reddy,F,1978-09-29,+91-8655308410,jyoti.reddy252@example.com,480077106115,Pune,H01,2025-06-03 10:17:07
P003531,Priya Agarwal,FEMALE,13/05/1943,770 520 2596,priya.agarwal792@example.com,619115117579,Chennai,H05,2025-06-14 20:38:55
P003532,Rohan Sharma,m,24/10/1972,+91 60380 47755,rohan.sharma438@example.com,593017248937,Mumbai,H02,2025-05-09 21:38:31
P003533,Mohit Pandey,M,1989-02-15,+91 68276 74986,,537628789940,Mumbai,H05,2025-07-08 08:39:53
P003534,Divya Singh,F,21-May-2013,94028-08903,divya.singh784@mail.example.com,591629283063,Chandigarh,H04,2025-05-22 19:08:03
P003535,Karan Agarwal,m,1966-05-21,07510738037,karan.agarwal247@example.com,766141160163,Bangalore,H06,2025-01-11 17:48:54
P003536,Siddharth Shah,M,1949-06-27,+91-7642334663,siddharth.shah922@example.org,873991283309, Pune,H02,2025-08-25 08:07:50
P003537,Meera Patil,Female,27/10/1972,967 275 7838,meera.patil373@example.org,457824565710,Chennai,H05,2025-01-15 10:01:48
P003538,Pranav Naik,M,2014-06-11,+91-7702866296,pranav.naik887.example.net,508497211698,Bengaluru,H06,2025-04-17 18:32:06
P003539,Pallavi Agarwal,F,1983-09-14,+91-8063782563,pallavi.agarwal585@example.org,791113664857,Chennai,H05,2025-12-31 16:36:56
P003540,Anil Menon,M,2018-12-08,09033816181,anil.menon568@mail.example.com,569234463798,bengaluru,H06,2025-03-26 11:23:55
P003541,Deepak Gowda,M,08/12/2013,8530011006,,476340147874,Bengaluru,H06,2025-08-22 12:14:19
P003542,Rohan Joshi,M,2024-09-06,6178855186,rohan.joshi154@example.com,810257732965,Chandigarh,H01,2025-09-22 20:07:17
P003543,Bhavna Iyer,F,23-Sep-1991,+91-7941007924,bhavna.iyer581@example.com,944961339067,Madras,H05,2025-05-01 14:56:08
P003544,Shweta Gupta,f,01-Nov-1960,980 900 3120,shweta.gupta190@mail.example.com,947591357872,Pune,H02,2025-03-05 19:00:45
P003545,Pooja Mishra,female,2001-07-08,8423426764,pooja.mishra602@mail.example.com,485787132579,Pune,H01,2025-04-22 17:34:30
P003546,Sneha Sharma,F,06/12/1939,6501242712,sneha.sharma848@example.com,314516714788,Mumbai,H02,2025-10-12 08:04:28
P003547,Mansi Thakur,F,2005-01-12,+91 96374 10392,mansi.thakur777@example.com,784561565344,Delhi,H03,2025-04-14 18:59:40
P003548,Meera Mishra,F,2024-05-31,85419-62775,meera.mishra586@example.net,440853695728,Delhi,H03,2025-01-22 14:15:39
P003549,Siddharth Rao,MALE,23/05/2001,0821441183,siddharth.rao451@mail.example.com,353576127790,Chandigarh,H04,2025-04-13 18:51:42
P003550,  Kunal Nair ,M,04-Jun-1936,+91-8290484752,kunal.nair994@example.org,429031097320,Pune,H01,2025-01-18 09:56:43
P003551,Amit Singh,m,11-Jul-1974,7610896797,amit.singh673@example.com,539712813101,Chandigarh,H04,2025-04-02 10:48:31
P003552,Suresh Jain,MALE,1989-03-22,7078367828,suresh.jain50@example.com,207198461801,Pune,H01,2025-07-14 18:45:55
P003553,Neha Agarwal,Female,1984-09-12,9968726195,neha.agarwal249@mail.example.com,709485686865,Chandigarh,H04,2025-07-22 09:52:28
P003554,Anil Mishra,M,2002-01-19,+91-8978020038,anil.mishra15@example.net,981018787060,Bombay,H02,2025-04-21 18:24:48
P003555,Mansi Chopra,f,24/11/2007,7632071998,mansi.chopra821@example.com,891210803435,Bengaluru,H06,2025-10-26 10:05:36
P003556,Tushar Chopra,,1972-02-28,705 980 9597,tushar.chopra302@example.com,377772955434,Chandigarh,H04,2025-02-17 16:00:17
P003557,Neha Naik,F,1951-10-14,6211854872,neha.naik328@example.org,677378564630,Bengaluru,H06,2025-08-23 15:58:07
P003558,Komal Gowda,F,1936-12-29,89019-20063,komal.gowda680@example.net,960758601741,Chennai,H05,2025-12-23 19:25:47
P003559,Sunita Rao,Female,1985-01-06,84871-72535,sunita.rao638@example.org,863690949238,chennai,H05,2025-01-31 10:47:55
P003560,Rohan Gupta,M,1999-11-14,81367-60731,rohan.gupta571@example.net,887600362001,Bengaluru,H06,2025-04-02 21:18:12
P003561,Kunal Joshi,MALE,1970-09-11,826 656 8413,kunal.joshi383@mail.example.com,221760032691,Chandigarh,H04,2025-08-11 09:36:51
P003562,Priya Menon,,1981-02-13,07289080319,priya.menon734@example.org,351502360247,CHENNAI,H05,2025-04-14 16:09:20
P003563,Kavita Chopra,F,1972-01-06,+91-6663649625,kavita.chopra563@example.com,381465221342,Pune,H01,2025-08-17 13:12:01
P003564,  Nikhil Bhatt ,male,23-Dec-1993,08628021671,nikhil.bhatt258@example.org,612593414994,delhi,H03,2025-07-16 20:03:10
P003565,Isha Malhotra,F,1981-04-17,947259086,isha.malhotra969@example.com,451321509231,mumbai,H02,2025-04-03 11:25:16
P003566,Amit Verma,male,2006-02-23,07462098893,amit.verma274@example.com,239808696013,BANGALORE ,H06,2025-02-01 18:45:30
P003567,Tushar Singh,Male,29-Jul-1958,77183-41537,tushar.singh990@example.com,703631517059,Delhi,H03,2025-05-27 18:48:14
P003568,Radhika Patil,F,13-Nov-1987,63961-00220,radhika.patil479@example.com,481789801511,CHANDIGARH,H04,2025-01-12 17:17:15
P003569,Mansi Agarwal,F,08/06/1985,920 629 7928,mansi.agarwal921@example.com,515843799904,Delhi,H03,2025-09-04 13:53:51
P003570,Shweta Kapoor,F,1996-03-03,06114554522,shweta kapoor620@example.net,701356613494,Bangalore,H06,2025-01-10 14:33:40
P003571,Anjali Mishra,F,1966-03-14,+91-9899336487,anjali.mishra220@mail.example.com,297252705365,Pune,H06,2025-01-29 19:56:51
P003572,Yash Bose,M,19-Oct-2023,+91-6920235442,yash.bose630@example.com,206106854422,Bengaluru,H06,2025-01-28 18:57:33
P003573,Sanjay Malhotra,M,1991-04-08,6787130834,sanjay.malhotra908@example.org,472356902457,Mumbai,H02,2025-05-29 16:53:23
P003574,Tushar Gowda,M,2003-05-19,+91-7185324763,tushar.gowda943@,435143541619,BANGALORE ,H06,2025-04-01 12:17:49
P003575,Isha Bose,f,1991-02-09,62994-56022,isha.bose927@example.org,482764919105,Delhi,H03,2025-10-28 12:36:27
P003576,Rajesh Joshi,Male,12/06/2004,91028-28447,rajesh.joshi873@mail.example.com,584967947415,Bengaluru,H06,2025-10-31 08:01:36
P003577,Karan Mehta,Male,1988-04-11,75623-90631,karan.mehta142@mail.example.com,370340083800,DELHI,H03,2025-12-31 20:15:36
P003578,Divya Gowda,female,1978-03-06,+91 96384 06237,divya.gowda246@,299140702274,PUNE ,H06,2025-03-02 07:09:21
P003579,Pranav Jain,O,13-Feb-1963,9618596051,pranav.jain424@mail.example.com,739888679875,Bengaluru,H06,2025-09-22 18:05:43
P003580,Deepak Rao,M,2013-04-21,636 806 0178,deepak.rao526@example.com,632808067307,PUNE ,H01,2025-05-20 13:13:10
P003581,Siddharth Iyer,M,1958-10-01,0899339785,siddharth.iyer153@example.org,469854720002,Mumbai,H02,2025-01-20 12:57:22
P003582,Mohit Mehta,Male,1979-07-08,+91 93199 09099,mohit.mehta666@example.net,382891149481, Pune,H01,2025-04-08 13:37:39
P003583,Tushar Bose,M,1942-05-28,8868879209,tushar bose268@example.com,698068649325,Bengaluru,H06,2025-09-20 10:33:47
P003584,Rajesh Naik,male,1988-09-23,+91-7517582401,rajesh.naik962@example.net,481866732849,Mumbai,H02,2025-08-23 20:01:40
P003585,Aarti Bhatt,Female,1989-02-28,+91 89743 05060,aarti.bhatt355@example.com,526157862246,Delhi,H03,2025-07-20 10:31:21
P003586,Anil Thakur,m,17/07/1993,+91 85573 39808,anil.thakur5@example.org,235763795389,New Delhi,H03,2025-05-11 11:49:31
P003587,Pranav Patil,m,13/03/2006,64820-63932,pranav.patil68@example.com,837974876326,Chandigarh,H06,2025-07-31 16:51:46
P003588,Tushar Kapoor,M,12/11/1958,7228915313,tushar.kapoor590@example.org,637993045794,Chennai,H06,2025-06-26 13:07:56
P003589,  Shweta Pillai ,f,2013-12-18,882 260 8391,shweta.pillai683@example.org,821517088113,Pune,H01,2025-01-03 18:53:58
P003590,Vikram Nair,M,1997-06-29,6889502384,vikram.nair554@mail.example.com,825974056320,Delhi,H03,2025-03-19 11:20:53
P003591,Radhika Rao,F,27/03/1967,+91-7425148903,radhika.rao143@example.net,499428311458,Chandigarh,H04,2025-03-28 15:24:08
P003592,Arjun Naik,O,2017-01-23,+91-6043788761,arjun.naik518@example.org,316381717461,Bombay,H02,2025-06-17 12:25:18
P003593,Rekha Desai,F,1969-12-19,7976704188,rekha.desai838@example.org,383208585133,Chennai,H05,2025-03-14 15:21:13
P003594,Sunita Kulkarni,f,24/07/1984,911 063 6870,sunita.kulkarni779@example.com,370446030129,Mumbai,H05,2025-03-23 11:43:38
P003595,Gaurav Kapoor,M,10/11/1958,73136-52081,gaurav kapoor638@example.com,385172750853,Pune,H01,2025-12-11 15:11:56
P003596,Vikram Nair,MALE,2007-04-27,08785058956,vikram.nair398@example.com,642013872509,Mumbai,H02,2025-02-20 09:57:28
P003597,Shruti Deshmukh,F,2023-06-25,862 528 8566,shruti.deshmukh773@example.net,295547944382,DELHI,H03,2025-07-09 19:53:55
P003598,Ritu Sharma,FEMALE,07/05/1987,75609-00526,ritu.sharma857@example.net,990103665466,Chandigarh,H04,2025-05-12 13:56:15
P003599,Sunita Kulkarni,Female,1977-04-16,+91-8860771120,sunita.kulkarni216@example.net,665925930657,CHANDIGARH,H04,2025-12-22 20:34:29
P003600,Jyoti Desai,F,19/08/2015,61852-81303,jyoti.desai139@example.com,950632342656,Delhi,H03,2025-10-27 13:57:23
P003601,Harsh Kapoor,Male,07/12/1974,8628657611,harsh.kapoor870@example.com,368783532047,Chandigarh,H04,2025-12-02 13:28:05
P003602,Rajesh Pillai,M,1978-11-12,+91-8954504461,rajesh.pillai933@example.com,865445883235,Bengaluru,H03,2025-10-03 14:48:57
P003603,Bhavna Pillai,female,21/06/2009,991 934 3918,bhavna.pillai881@example.org,831505032795,Mumbai,H02,2025-03-06 11:14:04
P003604,Harsh Reddy,M,19/12/2017,+91-7049095007,harsh.reddy200@mail.example.com,696493849912,Delhi,H03,2025-06-23 07:42:55
P003605,Nisha Nair,,26/10/2000,06121283594,nisha.nair253@mail.example.com,667905637009,Delhi,H03,2025-03-18 14:54:13
P003606,Shruti Kulkarni,F,1960-07-18,71450-77949,shruti.kulkarni317@example.org,716126963142,chandigarh,H02,2025-06-28 16:02:43
P003607,Suresh Sharma,M,1989-03-24,62049-91237,suresh.sharma812@example.org,759699210299,Delhi,H03,2025-10-30 13:20:17
P003608,Rajesh Kulkarni,M,1940-03-07,07396362009,rajesh.kulkarni238@example.com,309681382892,Pune,H01,2025-11-21 07:28:49
P003609,  Ananya Jain ,female,1942-05-30,9014286165,ananya.jain916@example.net,357426231009,Chennai,H05,2025-05-03 20:12:26
P003610,Rajesh Rao,m,1942-10-21,98524-62020,rajesh.rao134@mail.example.com,895221471969,Bangalore,H06,2025-11-02 20:18:11
P003611,Neha Rao,F,07/08/1996,7476954000,neha.rao743@mail.example.com,710170462645,Chennai,H05,2025-10-23 18:22:43
P003612,Mohit Verma,Male,1959-04-16,07846975757,mohit.verma762@example.com,514316098771,Bengaluru,H06,2025-04-13 19:12:12
P003613,Jyoti Patil,f,2015-02-10,08145827410,jyoti.patil176@example.com,951532886925,Chennai,H05,2025-06-01 11:01:00
P003614,Siddharth Desai,M,1957-09-24,+91 66475 03582,siddharth.desai927@mail.example.com,483597189251,Pune,H06,2025-06-24 13:48:14
P003615,Mansi Agarwal,F,1995-06-11,7641121580,,455469958880,Chandigarh ,H04,2025-09-22 10:13:40
P003616,Suresh Pandey,M,1988-09-05,93084-01799,suresh.pandey784@mail.example.com,793509524032,Mumbai,H02,2025-07-05 17:14:48
P003617,Divya Gupta,FEMALE,1970-08-12,09847655233,divya.gupta257@mail.example.com,511333021946,Bengaluru,H04,2025-02-13 08:46:59
P003618,Siddharth Bose,male,04-May-1979,06861722991,siddharth.bose726@example.com,740276986943,Chennai,H05,2025-05-11 08:35:19
P003619,Mansi Mishra,F,02-Oct-1983,+91-6625503634,mansi.mishra896@example.org,804140089931,PUNE ,H01,2025-12-18 09:21:52
P003620,Divya Desai,f,1942-02-02,978 642 3402,divya.desai420@example.org,455344864087,Pune,H01,2025-09-11 12:12:18
P003621,Radhika Chopra,F,1991-06-13,07825665143,radhika.chopra630@example.com,891571214492,Chandigarh,H04,2025-12-23 09:10:34
P003622,Ananya Singh,female,18-Feb-1977,9528293512,ananya.singh65@example.com,295355392224,delhi,H03,2025-04-26 07:41:53
P003623,Bhavna Reddy,f,1987-01-16,76625-39002,bhavna.reddy147@mail.example.com,663526734030,chandigarh,H04,2025-09-20 14:57:17
P003624,Gaurav Reddy,M,04-Jun-1942,61040-68734,gaurav.reddy53@,704792797271,Bengaluru,H06,2025-09-18 15:49:01
P003625,Rekha Kapoor,female,1953-08-25,803 554 1939,rekha.kapoor924@mail.example.com,904196251786,Delhi,H03,2025-11-28 15:16:18
P003626,Vikram Thakur,M,20-Sep-1988,+91-6072268524,vikram.thakur162@example.com,610532294254,mumbai,H02,2025-02-16 11:43:18
P003627,Sandeep Sharma,M,11-Jun-2004,+91 73167 51647,sandeep.sharma499@example.net,989726475366,Chennai,H05,2025-06-29 11:01:37
P003628,Aarti Jain,FEMALE,06/10/1968,896 584 3109,aarti.jain578@example.net,589763345932,Bengaluru,H04,2025-05-19 19:45:32
P003629,Sunita Rao,F,06/12/1966,+91 97498 45755,sunita.rao983@example.org,988827455352,pune,H01,2025-11-28 19:27:38
P003630,Neha Pillai,female,2019-07-08,06562961728,neha.pillai984@mail.example.com,514084808823,Chennai,H05,2025-01-28 20:26:36
P003631,Suresh Naik,M,1986-09-19,905 686 5425,suresh.naik571@mail.example.com,762952098252,CHENNAI,H05,2025-06-25 20:54:43
P003632,Isha Deshmukh,F,2002-11-10,+91-8506954341,isha.deshmukh493@example.org,220832857026, Pune,H01,2025-09-04 12:03:31
P003633,Siddharth Agarwal,M,1997-03-18,+91-8414461906,siddharth.agarwal911@example.com,951982873336,Delhi,H03,2025-10-18 11:33:41
P003634,Jyoti Bhatt,f,1948-09-28,07832298734,jyoti.bhatt778@example.net,232405505154,bengaluru,H06,2025-07-01 16:29:07
P003635,Tanvi Pandey,F,05/11/1996,09751086177,tanvi.pandey449@mail.example.com,366749495301,MUMBAI ,H02,2025-02-09 15:38:29
P003636,Kavita Gowda,f,10/02/2010,+91-8378038208,kavita.gowda887@example.org,300541614676,Bengaluru,H06,2025-06-02 07:08:57
P003637,Varun Menon,M,1986-10-05,907 716 4220,varun.menon189@example.net,422978527192,Chandigarh,H04,2025-08-10 07:09:29
P003638,Prakash Gupta,M,1981-07-14,09687652391,,519700355939,Delhi,H03,2025-08-31 21:23:48
P003639,Kunal Joshi,,23/04/1947,+91 68809 77435,kunal.joshi329@mail.example.com,272450101615,Bengaluru,H04,2025-10-08 08:49:01
P003640,Pooja Mehta,Female,1990-08-30,+91 88549 40462,pooja.mehta520@mail.example.com,706466767549,Delhi,H03,2025-03-26 15:24:31
P003641,Isha Kapoor,F,14/12/1961,637 188 5035,isha.kapoor196@mail.example.com,778841791734,Delhi,H03,2025-05-21 21:03:23
P003642,Rahul Gowda,Male,1982-07-17,09881731889,rahul.gowda569@mail.example.com,711582524796,Bengaluru,H01,2025-10-18 13:33:06
P003643,Isha Bose,F,05/09/1941,7616662492,isha.bose442@mail.example.com,553230174789,Bengaluru,H06,2025-10-16 17:17:55
P003644,Aarti Nair,F,02/10/1972,95116-79433,aarti.nair144@example.net,292144622766,CHENNAI,H05,2025-04-28 07:13:43
P003645,Pallavi Bhatt,f,2003-06-04,+91 92727 61814,pallavi.bhatt377.example.com,846326711945,Mumbai,H02,2025-09-22 12:05:42
P003646,Sanjay Rao,Male,02-Apr-1969,9455512299,sanjay.rao56@example.org,608160443568,Chennai,H05,2025-01-10 18:08:42
P003647,Harsh Kapoor,MALE,1970-03-15,8775801433,harsh.kapoor131@example.net,802688294577,Bangalore,H06,2025-09-13 11:03:08
P003648,Anjali Rao,F,2002-11-09,8345060964,,771381797324,Bengaluru,H06,2025-06-23 19:42:45
P003649,Sanjay Yadav,M,30/09/1956,956 909 5479,sanjay.yadav959@example.org,342991345337,Bangalore,H06,2025-08-26 08:39:27
P003650,Sanjay Yadav,M,1962-02-24,8498499281,sanjay.yadav910@example.org,445741366331,Madras,H05,2025-12-18 10:59:20
P003651,Deepak Kulkarni,male,1996-01-21,+91-7176672648,deepak.kulkarni348@example.net,240419937344,Delhi,H03,2025-01-13 07:10:43
P003652,  Pooja Joshi ,F,1995-08-15,+91 65871 56187,pooja.joshi65@example.net,297540975638,Pune,H01,2025-11-30 12:24:45
P003653,Kavita Deshmukh,F,1985-01-09,+91-9401019527,kavita.deshmukh737@example.com,564538139734,Pune,H03,2025-04-22 20:00:29
P003654,Rahul Pandey,MALE,16/06/2006,0774465432,rahul.pandey513@example.net,964888817470,Delhi,H03,2025-10-30 17:28:13
P003655,Amit Bose,Male,2009-09-22,76157-73280,amit.bose942@mail.example.com,948348272763,BANGALORE ,H06,2025-06-30 11:44:04
P003656,Nisha Kulkarni,female,04-Sep-2005,09679210472,nisha.kulkarni398@example.net,547158464937,Mumbai,H03,2025-07-24 07:39:23
P003657,Siddharth Chopra,M,20-Jul-1984,+91 81171 23740,siddharth.chopra316@example.com,530555414820,Delhi,H03,2025-08-16 16:55:52
P003658,Sneha Malhotra,F,1960-02-09,698174227,sneha.malhotra795@example.net,556792945657,Mumbai,H02,2025-06-28 09:16:16
P003659,Varun Gupta,M,19/11/1993,+91 72485 71166,varun.gupta879@,512288101175,Chennai,H05,2025-03-06 17:15:20
P003660,Priya Jain,F,1983-01-20,7276013253,priya.jain774@mail.example.com,534938381640,Chennai,H05,2025-10-13 18:24:48
P003661,Anil Joshi,M,09/02/1962,900 184 9964,anil.joshi976@mail.example.com,287944545275,Chennai,H05,2025-10-05 09:54:19
P003662,Jyoti Reddy,f,1942-12-07,+91-876457839,jyoti.reddy695@example.com,876526174718,Pune,H01,2025-05-10 12:35:03
P003663,Priya Pillai,F,2007-08-18,9659073560,priya.pillai245@example.com,414453167869,Pune,H01,2025-11-08 12:40:59
P003664,Nikhil Verma,M,1979-01-25,+91 63297 49390,nikhil.verma985@example.net,469628365165,Pune,H01,2025-02-03 08:25:00
P003665,Isha Rao,F,1992-01-28,69540-29507,isha.rao460@example.net,612652181937,Delhi,H03,2025-03-03 20:21:35
P003666,Rajesh Rao,M,13/11/1956,73516-5127,rajesh.rao289@example.net,399886497455,Bangalore,H06,2025-07-29 15:26:24
P003667,Rahul Gowda,M,09/08/2019,90063-57183,rahul.gowda171@mail.example.com,480108340073,Mumbai,H02,2025-06-01 18:34:44
P003668,Bhavna Nair,F,1943-12-19,62966-89245,bhavna.nair18@mail.example.com,642195159072,Pune,H01,2025-04-29 15:23:44
P003669,Siddharth Singh,M,1964-04-29,6550658411,siddharth.singh105@example.org,555684051329,CHENNAI,H05,2025-11-02 14:37:06
P003670,Sandeep Desai,M,1980-01-16,7294819608,sandeep.desai358@mail.example.com,771941861816,Delhi,H03,2025-08-02 12:53:35
P003671,Arjun Bose,M,10/08/2001,681 175 160,arjun.bose235@example.net,405650757654,Bengaluru,H06,2025-01-27 15:31:20
P003672,Rahul Bose,MALE,1983-09-12,+91-830928433,rahul.bose492@mail.example.com,370486242533,Chennai,H05,2025-02-14 12:47:30
P003673,Nisha Bose,female,1943-06-03,+91 75744 72375,nisha.bose745@example.org,790841363386,Pune,H01,2025-10-08 18:29:30
P003674,Karan Deshmukh,M,10/05/1998,06708085850,karan.deshmukh498@example.com,840400595914,Mumbai,H02,2025-04-28 19:14:35
P003675,Rajesh Nair,male,01-Jun-1954,9322592301,rajesh.nair656@mail.example.com,951893770372,Chennai,H05,2025-01-15 10:42:04
P003676,Suresh Kapoor,Male,2015-03-28,06706075869,suresh kapoor409@mail.example.com,999153068837,CHANDIGARH,H04,2025-09-14 10:11:53
P003677,Shweta Pandey,F,21/07/1981,672 757 5339,shweta.pandey866@example.net,382441433008,Bengaluru,H06,2025-03-07 08:19:12
P003678,Jyoti Chopra,FEMALE,1967-10-01,74684-54730,jyoti.chopra427@example.net,239841477221,Delhi,H03,2025-10-21 19:28:28
P003679,Neha Joshi,Female,1999-09-17,+91-8107905619,neha.joshi925@,517221085426,Mumbai,H02,2025-12-28 13:41:53
P003680,Komal Iyer,F,30/10/1940,79024-36743,komal.iyer893@example.net,992370520218,Mumbai,H02,2025-10-14 19:16:58
P003681,Varun Menon,MALE,1961-08-25,8996708406,varun.menon861@example.org,934825330458,Bombay,H02,2025-08-28 14:54:59
P003682,Nisha Thakur,f,1935-06-15,637 516 838,nisha.thakur618@example.com,746218811337,Delhi,H03,2025-05-02 11:33:20
P003683,Isha Iyer,f,1954-07-12,8411693170,isha.iyer935@mail.example.com,803070688255,Pune,H01,2025-01-03 15:45:03
P003684,Anjali Shah,F,07/09/1935,73498-75744,anjali.shah219@example.net,222429065501,Bombay,H02,2025-10-30 17:22:34
P003685,Ananya Gupta,F,2007-09-11,07642878511,ananya.gupta479@example.net,472766294410, Pune,H01,2025-02-23 16:07:06
P003686,Tushar Menon,M,10/09/1962,6747551924,tushar.menon881@example.com,520380682002,DELHI,H03,2025-09-22 11:10:01
P003687,Tanvi Bose,FEMALE,2002-09-28,09754333260,tanvi.bose810@mail.example.com,804484811987,pune,H01,2025-06-30 10:07:28
P003688,Sandeep Pandey,M,1941-10-07,09342473536,,259981371154,Chandigarh,H04,2025-09-02 18:29:58
P003689,Karan Nair,M,06-Apr-1937,779 830 8745,karan.nair136@example.net,410093001934,Delhi,H03,2025-10-15 19:13:37
P003690,Anjali Nair,F,09/08/1949,+91-8011406619,anjali nair25@example.org,400628392675,CHANDIGARH,H04,2025-03-13 12:52:51
P003691,Karan Iyer,M,16/07/1979,09265683023,karan.iyer570@example.org,360574899597,Bengaluru,H06,2025-11-30 10:52:53
P003692,Tushar Mehta,M,1984-03-08,91373-62586,tushar.mehta403@example.org,612126444237,Mumbai,H02,2025-06-12 16:31:22
P003693,Mansi Shah,Female,06-Apr-2017,8447749582,mansi.shah253@mail.example.com,561763013318,CHENNAI,H05,2025-03-11 11:44:07
P003694,Kavita Deshmukh,F,27/03/1992,864 472 9937,kavita.deshmukh561@example.net,673409500911,Bangalore,H06,2025-01-04 18:43:04
P003695,Arjun Malhotra,M,08-Aug-2013,959 675 9565,arjun.malhotra773@example.org,627396862059,bengaluru,H06,2025-12-07 21:57:11
P003696,Ritu Malhotra,f,28-Nov-1995,8479870068,ritu.malhotra917@example.org,518754182307,chandigarh,H04,2025-03-02 10:23:22
P003697,Tanvi Reddy,F,03-Jun-1947,7501777918,tanvi.reddy861@example.net,797590410834,Bangalore,H06,2025-10-16 08:53:49
P003698,Aditya Reddy,M,2007-09-15,753767564,aditya.reddy326@example.org,762186259742,DELHI,H03,2025-09-09 16:13:03
P003699,Kunal Menon,O,2011-11-14,9462631865,kunal.menon812@mail.example.com,784970589498,Delhi,H03,2025-03-25 09:46:23
P003700,Deepak Yadav,m,07/10/1968,+91-8786832736,deepak.yadav558@mail.example.com,780996240205,Bangalore,H04,2025-08-04 19:04:21
P003701,Harsh Reddy,Male,07/03/2000,987 028 8776,harsh.reddy48@example.net,904517652408,DELHI,H03,2025-02-10 20:18:05
P003702,Pooja Bose,Female,1995-12-01,+91 97811 07586,pooja.bose155@example.com,407495362851,Delhi,H03,2025-04-20 08:04:01
P003703,Aarti Iyer,Female,1960-03-30,63849-58790,aarti.iyer517@mail.example.com,374224238945,Chennai,H05,2025-11-06 10:05:51
P003704,Meera Pillai,FEMALE,2001-01-21,+91-8754339257,meera.pillai278@mail.example.com,964109346273,Pune,H01,2025-08-30 13:27:31
P003705,Rohan Bose,m,1997-05-22,7001307085,rohan.bose121@example.com,331212710568,PUNE ,H01,2025-01-02 12:09:26
P003706,Amit Desai,male,2024-03-29,9952094813,amit.desai251@example.com,215850194567,Chandigarh,H04,2025-12-18 11:51:11
P003707,Tanvi Reddy,FEMALE,2008-01-11,7327246216,tanvi.reddy22@mail.example.com,893116011996,Bengaluru,H06,2025-02-08 11:14:49
P003708,Aditya Rao,M,23-Jun-2003,86171-85626,aditya.rao139@example.org,662234389907,Bengaluru,H06,2025-11-06 08:22:31
P003709,Swati Kulkarni,F,1950-09-14,+91 87997 57490,swati.kulkarni531@mail.example.com,269896946670,Chennai,H05,2025-04-10 20:51:29
P003710,Siddharth Bose,m,2012-01-19,+91 62718 75849,siddharth.bose295@example.org,997978578024,Delhi,H03,2025-04-21 11:56:52
P003711,Pallavi Naik,F,16/06/1935,08169676666,pallavi.naik422@example.org,884432268414,Bengaluru,H06,2025-11-17 10:23:52
P003712,Priya Mehta,F,2003-12-29,+91-8049899979,priya.mehta320@mail.example.com,461967251843,Pune,H01,2025-02-28 17:19:30
P003713,Rajesh Jain,Male,1966-10-26,651 128 8025,rajesh.jain265@example.org,842453459997,New Delhi,H01,2025-06-16 10:07:26
P003714,Shweta Bhatt,F,1946-05-11,+91-8748020763,shweta.bhatt363@example.com,264812756368,Pune,H01,2025-06-03 18:18:55
P003715,Sneha Reddy,F,1960-04-26,+91-7685857534,sneha.reddy937@mail.example.com,253907681144,Chennai,H06,2025-05-18 17:44:42
P003716,Arjun Pandey,male,1958-06-22,08217328622,arjun.pandey167@example.org,991483336716,Bengaluru,H06,2025-03-14 19:45:52
P003717,  Yash Iyer ,M,1964-09-02,+91-9407400385,yash.iyer585@mail.example.com,997913556977,Pune,H01,2025-08-17 16:03:02
P003718,Manish Gupta,Male,03/01/1969,63736-5547,manish.gupta906@example.net,716168052034,CHENNAI,H05,2025-05-26 10:54:55
P003719,Karan Desai,M,1974-09-11,8457876525,karan.desai422@mail.example.com,335505463483,Chandigarh,H06,2025-11-12 19:04:39
P003720,Shweta Rao,F,2000-09-25,+91-9367623135,shweta rao19@example.org,613650030231,Chennai,H04,2025-11-20 12:26:13
P003721,Isha Singh,female,15-Aug-1998,+91 67797 78457,isha.singh391@example.org,389191766401,Delhi,H03,2025-07-21 12:09:39
P003722,Pooja Jain,F,20/01/2004,+91 79315 25244,pooja.jain926@example.com,734388820924,chandigarh,H04,2025-04-08 11:31:44
P003723,Siddharth Shah,M,14/02/1936,09042165100,siddharth.shah213@mail.example.com,239755811031,Bengaluru,H06,2025-12-02 20:40:48
P003724,Pooja Naik,FEMALE,1945-07-14,09950214268,pooja.naik627@example.com,829899736609,Chandigarh,H04,2025-10-18 07:10:58
P003725,Vikram Verma,Male,1956-01-03,07966846676,vikram.verma38@example.org,784343603661,Delhi,H03,2025-06-24 14:41:06
P003726,Bhavna Thakur,F,1948-06-25,+91 81993 81737,bhavna.thakur385@mail.example.com,812799028728,Madras,H05,2025-11-09 19:02:27
P003727,Siddharth Menon,M,1983-07-31,88510-64702,siddharth.menon937@mail.example.com,270988945969,Delhi,H03,2025-08-23 16:20:16
P003728,Rekha Malhotra,F,09-Jun-1982,94919-15467,rekha.malhotra451@mail.example.com,747907725111,Delhi,H03,2025-10-06 09:47:03
P003729,Swati Joshi,f,29/12/1985,+91-8825363441,swati.joshi595@example.org,792940043325,Chennai,H05,2025-03-02 15:17:31
P003730,Amit Naik,Male,1944-12-30,07163665235,amit.naik695@example.org,275003892851,Chennai,H05,2025-03-10 09:59:39
P003731,Komal Joshi,F,17-Mar-2000,75520-51111,komal.joshi577@example.net,400326058688,Delhi,H03,2025-06-06 08:22:01
P003732,Sneha Joshi,female,1967-01-25,6707414044,sneha.joshi852@example.org,988923621064,mumbai,H02,2025-12-14 14:06:12
P003733,Pallavi Bhatt,F,2006-03-24,+91-6199587997,pallavi.bhatt769@example.net,204151504266,Chennai,H05,2025-12-12 17:04:44
P003734,Komal Yadav,F,1992-02-10,73492-94701,komal.yadav900@example.org,657147140806,pune,H01,2025-11-09 13:11:59
P003735,Tushar Shah,M,2007-03-04,09930392783,tushar.shah383@example.net,693001870178,Chennai,H05,2025-11-01 08:01:31
P003736,Anil Mehta,m,1945-07-05,07351218928,anil.mehta144@mail.example.com,802590913370,Bengaluru,H06,2025-04-04 10:18:02
P003737,Shruti Menon,F,1935-06-04,78773-7064,shruti.menon44@example.com,796123390873,Chennai,H05,2025-04-20 07:06:20
P003738,Jyoti Bhatt,F,18/05/1982,08147140161,jyoti.bhatt454@example.net,910558850605,Delhi,H03,2025-01-04 08:29:16
P003739,Jyoti Sharma,F,1967-12-14,8043699829,jyoti.sharma399@example.net,264830511138,delhi,H03,2025-06-16 07:08:37
P003740,Kavita Naik,F,13/03/1944,+91 97477 47837,kavita.naik553@example.net,495483108876,DELHI,H03,2025-02-03 18:53:39
P003741,Ritu Joshi,F,1980-11-27,694 509 6824,ritu.joshi303@example.org,417679762938,pune,H01,2025-11-26 18:40:39
P003742,Manish Kapoor,M,21/12/2019,+91-9034646807,,486837070829,Mumbai,H02,2025-06-03 17:48:19
P003743,Rahul Deshmukh,M,1950-07-22,85349-01988,rahul.deshmukh202@,280404482348,Pune,H01,2025-02-08 09:23:57
P003744,Sneha Thakur,Other,26-Dec-1984,06517398313,sneha.thakur329@example.net,294415636882,Chandigarh,H04,2025-10-25 08:46:09
P003745,Kunal Agarwal,Male,23/02/1948,0802255144,kunal.agarwal893@example.net,462003090675,DELHI,H03,2025-06-20 15:33:57
P003746,Kunal Naik,M,2003-06-07,+91 69899 77364,kunal.naik498@example.com,900192532778,PUNE ,H02,2025-05-01 18:25:32
P003747,Aditya Reddy,Male,1957-04-28,08981656371,aditya.reddy4@mail.example.com,518185700085,Chennai,H05,2025-11-04 19:07:55
P003748,Aditya Bhatt,M,2012-11-29,70620-69981,aditya.bhatt550@example.net,861327605596,Bengaluru,H06,2025-05-23 17:40:11
P003749,Karan Sharma,M,08-Aug-1980,+91 84400 63072,karan.sharma226@mail.example.com,748644800584,Mumbai,H02,2025-04-30 08:28:04
P003750,Siddharth Sharma,M,1991-03-17,9424359319,siddharth.sharma689@example.com,524734249622,Bengaluru,H06,2025-10-04 13:26:44
P003751,Swati Kapoor,F,2004-07-17,88227-26173,swati.kapoor429@mail.example.com,769194393919,chennai,H05,2025-08-13 20:56:39
P003752,Sneha Jain,O,1969-07-18,6107522275,sneha.jain238@example.com,646693543314,Pune,H01,2025-02-11 11:48:31
P003753,Meera Pillai,F,1981-07-10,958 676 9243,meera.pillai578@example.com,487505471678,delhi,H03,2025-07-14 18:51:28
P003754,Arjun Malhotra,male,07/11/2006,+91 71964 91424,arjun.malhotra21@example.net,255569729531,Chandigarh,H04,2025-03-11 07:47:46
P003755,Aditya Nair,M,1989-11-05,66275-17491,aditya.nair854@example.com,878736047888,pune,H02,2025-09-20 15:10:32
P003756,Neha Gupta,Female,01/04/1967,+91-6174417367,neha.gupta13@example.net,787124012027,DELHI,H03,2025-09-29 14:07:54
P003757,Ritu Kapoor,F,1970-01-22,8154077579,ritu.kapoor438@mail.example.com,930546122522,Mumbai,H02,2025-01-17 18:45:52
P003758,Pallavi Chopra,F,01-Aug-1989,85975-43288,pallavi.chopra661@example.net,594690983364,Delhi,H03,2025-10-07 15:05:51
P003759,Shweta Reddy,female,04-Jul-1996,8224348243,shweta.reddy985@mail.example.com,407031977321,Delhi,H03,2025-09-11 13:28:39
P003760,Komal Chopra,Other,28-Aug-1943,+91-6395856813,komal.chopra548@example.net,859834410101,Chandigarh,H04,2025-02-23 11:34:38
P003761,Shruti Agarwal,F,04-Jun-2011,07886042029,shruti.agarwal28@example.net,421071160954,New Delhi,H03,2025-12-20 18:18:06
P003762,Siddharth Gupta,Male,2004-02-07,608 528 8751,siddharth.gupta278@example.org,856563047938,Mumbai,H02,2025-04-26 09:33:45
P003763,Tushar Bose,M,1991-10-19,719 953 0090,tushar.bose237@example.net,295409248921,Pune,H01,2025-03-19 08:04:51
P003764,Ananya Reddy,female,06/10/1955,9246705767,ananya.reddy774@mail.example.com,382928443997,Pune,H01,2025-11-09 07:29:11
P003765,Jyoti Desai,F,29/06/1969,07656858286,jyoti.desai903@mail.example.com,966311312325,Mumbai,H02,2025-04-09 17:14:39
P003766,Rahul Jain,M,2016-06-24,+91 73353 68918,rahul.jain300@example.net,808784071346,Pune,H01,2025-09-16 12:56:59
P003767,Sanjay Gowda,M,1988-05-17,07183218161,sanjay.gowda296@example.net,355183170788,Delhi,H03,2025-08-08 13:58:41
P003768,Ananya Shah,Female,1998-04-23,+91-8876435200,ananya.shah752@example.net,448656643598,delhi,H03,2025-01-14 08:49:30
P003769,Sandeep Thakur,M,1958-03-15,9398568374,sandeep.thakur157@mail.example.com,652997209676,Bangalore,H06,2025-01-27 13:50:35
P003770,Deepak Desai,Male,1978-08-24,07546849321,deepak.desai655@example.org,587143596856,Delhi,H03,2025-10-05 15:24:49
P003771,Mohit Gowda,M,1965-02-19,94895-05111,mohit.gowda518@mail.example.com,785011296516,chandigarh,H04,2025-05-04 19:51:15
P003772,Sneha Pillai,Female,21/03/1964,+91-9900445152,sneha.pillai24@example.net,662134587975,Bombay,H02,2025-06-11 16:43:36
P003773,Harsh Desai,MALE,02/08/1972,+91 73524 10657,harsh.desai400@example.com,347006838273,Chennai,H05,2025-06-19 13:38:00
P003774,Radhika Reddy,f,10-Dec-1955,62039-95098,radhika.reddy749@mail.example.com,690477140911,MUMBAI ,H02,2025-08-12 12:22:54
P003775,Komal Thakur,F,04/02/2020,+91 92771 79592,komal.thakur715.example.com,200048929783,Delhi,H03,2025-07-12 16:09:58
P003776,Mansi Bose,f,1954-04-02,67635-88579,mansi.bose515@example.net,845956440189,Bengaluru,H01,2025-03-18 19:06:47
P003777,Rahul Chopra,MALE,29-Nov-1943,08481057078,rahul.chopra554@mail.example.com,729290602738,Chennai,H05,2025-08-26 20:58:56
P003778,Deepak Malhotra,M,13-May-1975,9929118959,deepak.malhotra879@example.com,581062030823,Mumbai,H02,2025-09-18 14:04:55
P003779,Sunita Sharma,FEMALE,1969-10-10,+91 72808 78861,sunita.sharma737@example.org,258273482940,Mumbai,H01,2025-01-24 21:09:49
P003780,Komal Bhatt,F,22-Mar-1992,08314316642,komal.bhatt4@mail.example.com,858812348637,Chennai,H05,2025-07-04 15:48:04
P003781,Anil Verma,O,2019-08-26,06311649026,anil.verma427@example.org,401534312323,Chandigarh,H04,2025-07-18 17:41:53
P003782,Komal Jain,F,1977-08-15,7046637803,komal.jain141@example.net,893376183815,Chandigarh,H04,2025-12-07 19:58:18
P003783,Sunita Iyer,female,2012-03-25,08240046343,sunita.iyer727@mail.example.com,209127870631,Mumbai,H02,2025-07-05 07:47:35
P003784,Pranav Patil,M,1980-07-10,6736908171,pranav.patil548@example.org,302772610174,Chennai,H05,2025-04-09 13:14:52
P003785,Neha Pillai,F,1963-04-03,06484577092,neha.pillai481@example.com,330128484504,chennai,H05,2025-06-29 12:00:05
P003786,Ritu Joshi,F,2009-03-26,+91-6496124279,ritu.joshi177@example.net,412558622913,DELHI,H03,2025-04-12 12:58:51
P003787,Anjali Singh,FEMALE,1980-06-26,07397431546,anjali.singh345@mail.example.com,940288075144,Bangalore,H06,2025-09-11 12:32:42
P003788,Suresh Jain,M,2005-08-09,66288-04455,suresh.jain349@mail.example.com,909892272799,DELHI,H03,2025-06-17 09:28:53
P003789,Isha Verma,F,21/11/1988,+91-7312760466,isha.verma968@example.com,473044369001,Delhi,H03,2025-07-25 08:55:43
P003790,Bhavna Kapoor,FEMALE,1942-06-04,619 922 0408,bhavna.kapoor380@example.com,413573444120,New Delhi,H05,2025-04-10 16:53:47
P003791,Mansi Menon,,1946-12-20,+91 68130 94575,mansi.menon637@example.net,714074886724,Mumbai,H02,2025-07-23 13:22:26
P003792,Meera Pillai,Female,21/04/1949,613 739 4292,meera.pillai987@mail.example.com,254614635511,Pune,H01,2025-12-25 21:19:37
P003793,Komal Bhatt,F,1939-10-09,689 690 1272,komal.bhatt605@example.net,981688425046,Delhi,H03,2025-01-07 13:10:28
P003794,Arjun Kapoor,M,16/04/1940,7650778224,arjun.kapoor366@example.org,812405711686,Chennai,H05,2025-09-20 19:45:15
P003795,Amit Pandey,M,1965-05-06,75226-69945,amit.pandey771@example.com,728249074016,Pune,H01,2025-07-20 09:14:15
P003796,Amit Gowda,M,30-May-2022,837 271 3214,amit.gowda328@mail.example.com,429204253973,pune,H01,2025-12-05 20:00:15
P003797,Sneha Joshi,FEMALE,19-Jul-1955,+91-9727207112,sneha.joshi109@example.net,814423994627,Delhi,H03,2025-11-11 20:06:08
P003798,Bhavna Bose,F,1974-10-21,9459556032,bhavna.bose73@example.org,688752148659,Bombay,H02,2025-12-25 17:56:05
P003799,Kavita Iyer,Female,1952-03-20,86386-13625,kavita.iyer3@example.org,398147137467,Mumbai,H02,2025-09-07 12:54:41
P003800,Sneha Verma,Female,1964-04-24,+91-6268375527,sneha.verma751@example.net,489432018950, Pune,H01,2025-04-29 17:28:07
P003801,Kunal Reddy,M,1952-02-08,08328073177,kunal.reddy600@example.org,535382030830,Bengaluru,H06,2025-05-28 19:32:41
P003802,  Kavita Patil ,F,1963-09-01,+91-7731309521,kavita.patil512@,381811742014,Bengaluru,H06,2025-01-17 15:17:40
P003803,Gaurav Sharma,MALE,27/01/1970,63114-91442,gaurav.sharma854@example.net,630054920179, Pune,H01,2025-10-22 10:32:38
P003804,Meera Bhatt,F,2018-02-20,74956-55343,meera.bhatt932@mail.example.com,764571341809,bengaluru,H06,2025-05-20 18:26:30
P003805,Radhika Bose,F,1986-04-24,63717-59847,radhika bose715@mail.example.com,791078481069,Chandigarh,H04,2025-02-11 12:23:01
P003806,Priya Gupta,F,23-Dec-1974,08661410112,priya.gupta331@example.com,283566944164,Mumbai,H02,2025-10-14 08:33:57
P003807,Radhika Kapoor,f,14/01/1986,07444797811,radhika kapoor717@example.net,817628356481,Mumbai,H02,2025-12-14 18:57:53
P003808,Rahul Joshi,M,1945-02-20,07830517126,rahul.joshi944@example.org,487985229749,mumbai,H02,2025-05-29 17:45:34
P003809,Jyoti Patil,female,2020-01-27,809 939 9820,jyoti.patil996@example.org,352055309571,Delhi,H01,2025-02-23 19:43:55
P003810,Rohan Sharma,male,2015-01-28,77786-47909,rohan.sharma1@example.net,503972371757,Chandigarh,H02,2025-03-13 19:13:15
P003811,Ritu Pandey,FEMALE,13/06/2022,75383-20117,ritu.pandey40@example.org,484870322039,MUMBAI ,H02,2025-11-16 14:30:43
P003812,Arjun Bose,male,1988-07-25,+91 96309 72080,arjun.bose248@example.com,358896834101,Delhi,H03,2025-06-18 21:43:32
P003813,Neha Deshmukh,F,1945-12-25,8851163349,neha.deshmukh977.example.com,875463421756,Mumbai,H02,2025-05-17 18:52:33
P003814,Shruti Malhotra,F,2005-02-12,7025673564,shruti.malhotra783@mail.example.com,814030422458,New Delhi,H03,2025-06-06 13:26:16
P003815,Aarti Kapoor,f,2003-09-24,+91-9437666615,aarti.kapoor681@example.org,979721543679,Chandigarh,H04,2025-05-24 10:12:04
P003816,Suresh Bhatt,M,1946-02-01,+91 81588 18039,suresh.bhatt636@example.org,335640068822,Pune,H01,2025-11-03 11:26:45
P003817,Prakash Iyer,m,25-Mar-1987,+91 79389 64268,prakash.iyer884@mail.example.com,793365734106,Pune,H01,2025-11-10 07:09:34
P003818,Siddharth Singh,O,28/03/2011,782 565 0307,siddharth.singh81@example.com,964811037507,Chennai,H05,2025-02-05 11:12:18
P003819,Siddharth Bose,male,1976-09-23,7255323957,siddharth.bose548@example.com,461727630902,Chennai,H03,2025-07-07 21:47:38
P003820,Karan Rao,M,14/01/1971,+91 89280 53205,karan.rao113@mail.example.com,256880659824,Delhi,H03,2025-01-08 21:54:16
P003821,Mohit Shah,M,14-Sep-1973,08728264386,mohit.shah960@example.net,914509974779,Chandigarh,H04,2025-09-03 14:17:18
P003822,Vikram Rao,M,2025-09-11,+91 60080 67332,vikram.rao42@example.net,647652475027,Bengaluru,H06,2025-02-17 16:15:31
P003823,Jyoti Reddy,female,29/12/1980,+91-8799652853,jyoti.reddy280@example.com,493028154842,Delhi,H03,2025-03-18 16:50:58
P003824,Suresh Kulkarni,male,30-Dec-1964,+91 97157 14269,suresh.kulkarni802@example.com,973575343141,Bengaluru,H06,2025-06-14 07:38:55
P003825,Arjun Patil,M,2016-01-04,929 823 0595,arjun.patil587@example.com,780306939851,Delhi,H03,2025-06-13 13:43:26
P003826,Yash Malhotra,M,1983-07-16,+91-9592019292,,928001562949,mumbai,H02,2025-08-07 14:39:27
P003827,Priya Shah,female,1980-07-30,7352986457,priya.shah562@example.org,647797436004,Bengaluru,H06,2025-10-10 14:10:11
P003828,Neha Iyer,F,1946-04-29,+91 71830 64362,neha.iyer595@mail.example.com,412001801067,Chandigarh,H04,2025-01-10 09:16:49
P003829,Sanjay Joshi,M,27-Jan-1976,+91-8145448930,sanjay.joshi713@example.org,825728248927,Mumbai,H02,2025-06-12 21:43:38
P003830,Kunal Singh,M,1954-05-27,+91 92566 74992,kunal.singh212@example.com,386776466564,Delhi,H03,2025-02-14 13:30:49
P003831,Karan Pillai,m,25/02/1978,09372827991,karan.pillai469@mail.example.com,984226091674,Pune,H01,2025-05-27 10:12:40
P003832,Pallavi Gowda,f,1965-06-14,08027012179,pallavi.gowda819@mail.example.com,524597425782,bengaluru,H06,2025-05-18 12:28:02
P003833,Suresh Kulkarni,MALE,1994-02-02,+91-8161849524,suresh.kulkarni343@example.com,382195242227,New Delhi,H02,2025-03-27 13:40:05
P003834,Ananya Rao,F,1980-02-11,06143834416,ananya.rao642@example.com,514936342896,delhi,H05,2025-01-01 16:29:13
P003835,Sandeep Verma,M,19-Nov-1962,6254513099,sandeep.verma679@example.com,361624444754,Pune,H01,2025-11-02 18:30:19
P003836,Pooja Bhatt,female,1957-08-03,72651-97516,pooja.bhatt673@example.com,499112868481,Chandigarh,H04,2025-05-12 15:54:14
P003837,Radhika Jain,F,1948-10-08,06841138918,radhika.jain748@example.com,407320579764,Mumbai,H02,2025-11-13 11:27:03
P003838,Shruti Kapoor,F,27/05/1979,9310758017,shruti.kapoor696@mail.example.com,766081570381,Delhi,H03,2025-12-31 18:18:55
P003839,Sanjay Menon,m,22/10/1958,6663768180,sanjay.menon409@example.com,721620374183,Delhi,H03,2025-06-05 17:12:34
P003840,Jyoti Patil,f,1942-02-18,+91-7073660855,jyoti.patil219@example.org,328934526456,Chennai,H06,2025-02-22 17:13:12
P003841,Kunal Menon,male,21-Jun-1964,+91-7112284168,kunal.menon157@mail.example.com,771146252601, Pune,H01,2025-12-18 18:42:35
P003842,Jyoti Gupta,female,1957-04-15,+91-7318071345,jyoti.gupta824@example.net,562057259473,Mumbai,H02,2025-04-14 10:40:49
P003843,Jyoti Bose,Female,25/07/1975,+91 82043 86849,jyoti.bose97@example.com,374061487601,Delhi,H03,2025-04-08 17:31:11
P003844,Varun Gowda,Male,17/01/1973,7582648507,varun.gowda840@,876763674676,Mumbai,H02,2025-01-02 09:08:20
P003845,Rohan Chopra,m,07-Aug-1951,+91-8034308384,rohan.chopra401@example.com,736375504376,Delhi,H03,2025-06-13 08:08:40
P003846,Vikram Mishra,male,2010-07-12,8746327820,vikram.mishra674@example.net,459466479676,delhi,H03,2025-03-02 15:49:14
P003847,Jyoti Menon,Female,1980-09-17,+91 65032 40531,jyoti.menon176@example.net,946325145704,Chandigarh,H04,2025-01-08 07:04:41
P003848,Vikram Mehta,male,1937-12-30,8879592969,vikram.mehta257@example.com,868656404689,Chandigarh,H04,2025-07-14 11:27:33
P003849,Arjun Kapoor,M,1937-11-19,6654294005,arjun.kapoor313@example.net,678298181905,Chennai,H05,2025-10-12 14:39:25
P003850,Suresh Verma,male,1942-09-27,+91 86096 53221,suresh.verma194@example.net,612072765318,Chennai,H05,2025-10-31 09:15:36
P003851,Anjali Mehta,F,22/01/1977,67569-09260,anjali.mehta495@example.net,666401617715,Delhi,H03,2025-10-21 11:02:39
P003852,Rohan Gupta,M,21/10/1943,+91 78141 40987,rohan.gupta142@mail.example.com,298697855309,Bengaluru,H06,2025-04-03 11:29:21
P003853,Rekha Agarwal,female,1994-01-26,07040719232,rekha.agarwal129@mail.example.com,427853593333,Delhi,H03,2025-06-20 12:58:36
P003854,Harsh Nair,m,1986-09-01,954 246 6757,harsh.nair402@example.net,927130205472,Pune,H01,2025-10-04 09:15:22
P003855,Yash Patil,M,1948-08-16,+91-6053768178,yash.patil468@example.com,426324249561,Pune,H01,2025-05-15 13:39:25
P003856,Mohit Mehta,M,1940-06-04,6883218674,mohit.mehta777@example.org,728760681049,Delhi,H05,2025-06-22 13:07:05
P003857,Rohan Iyer,MALE,28-Jun-1999,88515-69025,rohan.iyer271@example.net,536179262017,Bombay,H02,2025-08-10 09:33:57
P003858,Radhika Chopra,F,29/06/2001,631 914 6465,radhika.chopra242@,266689311255,Bengaluru,H06,2025-01-10 11:58:33
P003859,Komal Joshi,F,26/01/1978,6187918701,komal.joshi392@example.org,684089610983,PUNE ,H01,2025-01-22 08:25:32
P003860,Jyoti Shah,FEMALE,1960-07-17,952 037 2253,jyoti.shah372@mail.example.com,678346299561,Chennai,H05,2025-07-10 10:26:27
P003861,Nikhil Reddy,M,1967-08-26,661 226 7344,nikhil.reddy648@example.org,627259904582,Chandigarh,H04,2025-11-11 07:44:27
P003862,Sunita Nair,FEMALE,1974-09-13,09198099131,sunita.nair760@example.org,888654465138,PUNE ,H01,2025-01-13 18:25:04
P003863,Pranav Jain,MALE,1985-08-08,+91 93684 34921,pranav.jain195@example.net,913234714487,Pune,H01,2025-09-07 18:22:45
P003864,Sandeep Gupta,M,10/06/1977,98607-65220,sandeep.gupta344@example.net,884267101665,CHENNAI,H05,2025-03-11 11:37:18
P003865,Rahul Patil,Male,1991-02-18,+91 69788 01995,rahul.patil111@example.com,905292720357,Bengaluru,H06,2025-12-04 12:42:24
P003866,Gaurav Thakur,M,1987-02-19,65750-94936,gaurav.thakur761@mail.example.com,280492398957,bengaluru,H05,2025-05-31 09:51:39
P003867,Kunal Reddy,M,21/06/1971,8374377358,kunal.reddy263@example.net,661367391680,New Delhi,H03,2025-02-12 10:34:24
P003868,Rahul Malhotra,Male,27-Apr-1936,9288598661,rahul.malhotra659@example.com,527307075119,Chandigarh,H04,2025-02-27 09:23:42
P003869,Nisha Mishra,FEMALE,1981-07-25,699 445 7126,nisha.mishra912@example.com,538598162823,Bengaluru,H06,2025-06-16 15:42:22
P003870,Anjali Gowda,F,1991-02-02,+91 63979 47762,anjali gowda395@example.net,532356427874,Delhi,H03,2025-08-19 19:43:18
P003871,Nikhil Kulkarni,MALE,1937-08-18,85127-64385,nikhil.kulkarni605@,782945729384,Pune,H01,2025-09-09 15:18:17
P003872,Aarti Yadav,FEMALE,29-Jul-1961,+91-8496890351,aarti.yadav930@mail.example.com,391568808834,CHENNAI,H05,2025-08-31 17:53:50
P003873,Ananya Kapoor,F,13/09/2012,+91-9001063111,ananya.kapoor603@example.com,998103471465,pune,H01,2025-12-20 18:36:22
P003874,Isha Rao,F,1972-06-16,61880-35394,isha.rao588@example.net,292365080367,Delhi,H03,2025-02-08 11:53:16
P003875,Vikram Agarwal,M,1998-01-24,+91 90868 60271,vikram.agarwal835@example.org,815166042388,Bangalore,H06,2025-12-21 12:07:39
P003876,Priya Kapoor,f,06/07/1975,+91 81987 2371,priya.kapoor28@example.com,700493943339,Delhi,H03,2025-04-13 20:34:13
P003877,Siddharth Desai,M,1981-07-30,9010941330,siddharth.desai428@example.net,471191835360,Pune,H01,2025-10-10 17:10:35
P003878,Divya Malhotra,F,30/08/1984,63756-27927,divya.malhotra374@example.net,660716729345,Bombay,H02,2025-11-13 08:59:48
P003879,Varun Nair,M,27/09/2006,+91 61327 52865,varun.nair64@example.net,388606441631,Bengaluru,H06,2025-10-16 14:54:53
P003880,Tanvi Reddy,O,11/02/1971,746 215 3796,tanvi.reddy73@example.org,567909358188,Pune,H04,2025-10-20 21:50:14
P003881,Radhika Jain,F,1949-04-18,+91-8992965175,radhika.jain472@example.com,675171588146,Delhi,H03,2025-10-08 20:29:55
P003882,Shweta Thakur,female,1970-06-26,73720-01519,shweta.thakur831@example.net,464401371084,Mumbai,H02,2025-06-01 14:51:48
P003883,Sanjay Sharma,MALE,1963-07-19,+91 78017 86449,sanjay.sharma711@example.org,378154947173,Mumbai,H02,2025-08-31 13:12:50
P003884,Anjali Shah,Female,2006-02-01,97993-04678,anjali.shah842@example.net,296425456867,Pune,H01,2025-01-10 19:38:50
P003885,Rajesh Gowda,M,28/03/2024,64531-78116,rajesh.gowda874@example.org,391709599041,Chennai,H05,2025-03-03 12:07:08
P003886,Ananya Pandey,F,2014-06-20,9273056641,,899323455412,Chandigarh,H01,2025-04-24 19:52:08
P003887,Rahul Reddy,M,25/10/1956,09142946509,rahul.reddy283@example.net,706732893741,Mumbai,H02,2025-10-30 13:53:56
P003888,Kavita Desai,female,07/09/1999,971 169 3802,kavita.desai775@example.net,403097635506,PUNE ,H01,2025-08-15 17:22:12
P003889,Sandeep Shah,male,06/08/1964,+91 78478 79029,sandeep.shah415@example.com,596334278943,Mumbai,H02,2025-06-15 21:54:21
P003890,Prakash Kapoor,m,1960-09-29,61533-62155,prakash.kapoor21@example.com,517133558353,Mumbai,H02,2025-10-11 10:17:31
P003891,Siddharth Pandey,M,1970-07-26,951 805 0640,siddharth.pandey80@example.net,333094599657,Chennai,H05,2025-12-03 09:47:24
P003892,Shruti Desai,female,1971-05-19,+91 80305 57790,shruti.desai436@example.com,955149135673,Mumbai,H02,2025-12-09 12:12:01
P003893,Vikram Bose,male,1978-08-21,87734-6138,,200409291867,Pune,H01,2025-05-22 07:58:29
P003894,Rajesh Reddy,M,18/11/1974,6690035461,rajesh.reddy161@example.org,311723021701,Delhi,H03,2025-05-16 16:22:20
P003895,Nikhil Singh,male,12/09/1971,7727947283,nikhil.singh909.example.net,928048364688,New Delhi,H03,2025-11-03 11:27:17
P003896,Siddharth Desai,M,1937-05-07,+91-7628368575,siddharth.desai355@example.net,907408585616,Chandigarh,H04,2025-05-29 16:29:35
P003897,Prakash Verma,M,1985-11-18,79170-26904,prakash.verma835@mail.example.com,613367623057,Delhi,H03,2025-04-05 14:46:54
P003898,Anjali Agarwal,f,26/03/1965,+91-8524835924,anjali.agarwal767@mail.example.com,437701939092,DELHI,H03,2025-06-16 12:50:33
P003899,Karan Agarwal,M,2006-05-20,08755203051,karan.agarwal476@example.org,771040527168,Pune,H02,2025-06-18 12:55:57
P003900,Sandeep Verma,M,1982-02-01,804 934 1205,sandeep.verma184@example.com,391005536597,Mumbai,H02,2025-05-08 19:05:56
P003901,Kavita Bhatt,F,20-Apr-1972,06364724060,kavita.bhatt718@example.org,849412967106,Delhi,H03,2025-10-20 21:41:49
P003902,Nisha Menon,F,02/05/2016,609 662 9447,nisha.menon128@example.org,945158596979,Mumbai,H02,2025-08-24 21:30:01
P003903,Mansi Rao,f,24/02/1949,8938422730,mansi.rao161@mail.example.com,974839968351,chennai,H05,2025-12-03 12:13:53
P003904,Anil Patil,male,14-Jun-1937,8265127296,anil.patil893@example.org,791364199360,Chandigarh,H04,2025-09-21 15:26:51
P003905,Swati Malhotra,F,1993-10-23,+91 72988 7641,swati.malhotra837@example.com,414708490609,Bengaluru,H06,2025-06-22 21:41:21
P003906,Amit Bose,m,2024-06-14,82596-46324,amit.bose498@mail.example.com,990922378942,Mumbai,H02,2025-02-22 08:24:44
P003907,Jyoti Malhotra,F,12-Apr-1953,97312-38728,jyoti.malhotra469@example.net,631744124607,Bengaluru,H06,2025-02-20 16:45:23
P003908,Meera Jain,F,1984-10-19,95722-30906,meera jain773@example.com,206790232897,Delhi,H03,2025-03-22 07:34:07
P003909,Varun Gowda,MALE,24/11/1970,+91 97525 38958,varun.gowda201@mail.example.com,838351760996,Chennai,H05,2025-12-02 16:22:38
P003910,Radhika Verma,F,1966-03-30,08156373403,radhika.verma215@example.net,535954726784,Delhi,H03,2025-05-25 12:54:33
P003911,Tushar Menon,Male,05/02/1994,96596-18558,tushar.menon154@example.com,956644881336,chandigarh,H04,2025-11-01 10:23:27
P003912,Pooja Verma,F,1963-11-06,849 302 6648,pooja.verma995@mail.example.com,564956548282,Bengaluru,H06,2025-09-18 12:51:33
P003913,Aditya Jain,M,19/03/1995,+91 97894 74191,aditya.jain111@example.net,343674468861,Pune,H01,2025-11-06 08:47:56
P003914,Varun Patil,MALE,17/11/1961,09433172879,varun.patil564@example.org,713577365320,Bangalore,H06,2025-07-05 18:50:12
P003915,Sanjay Pandey,M,04-Dec-1937,655 754 6635,sanjay.pandey315@mail.example.com,554551968289,Delhi,H03,2025-02-04 21:12:53
P003916,Yash Verma,M,1940-10-01,+91-7729381470,yash.verma218@mail.example.com,687585295417,Delhi,H03,2025-06-14 11:11:48
P003917,Rohan Malhotra,M,1952-12-03,06236633596,rohan.malhotra950@example.org,236331468076,Bengaluru,H06,2025-09-21 20:31:03
P003918,Rahul Jain,M,1963-10-21,+91 78319 30668,rahul.jain670@example.org,576783107830,Chennai,H02,2025-11-09 16:55:44
P003919,Meera Gowda,F,1993-05-12,900 438 7601,meera.gowda925@example.net,651624459119,Mumbai,H02,2025-10-24 16:27:52
P003920,Mansi Reddy,female,23-Jul-1940,08547420823,mansi.reddy950@example.net,692348722559,Delhi,H03,2025-08-14 10:10:33
P003921,Sandeep Nair,M,1956-04-06,919 953 6590,sandeep.nair120@mail.example.com,758727679806,Madras,H05,2025-12-09 13:35:15
P003922,  Harsh Desai ,M,13/09/2004,65836-53961,harsh.desai12@example.com,978201579793,Delhi,H03,2025-10-08 17:14:48
P003923,Suresh Patil,M,18/12/2004,09598227761,suresh.patil654@example.org,736711543084,Delhi,H03,2025-03-12 11:46:21
P003924,Vikram Chopra,M,18/10/1949,85244-52581,vikram.chopra31@example.com,446442538133,Pune,H05,2025-10-14 18:59:14
P003925,Bhavna Bhatt,F,1970-01-24,08505518031,bhavna.bhatt380.example.net,554011554771,Delhi,H03,2025-07-01 21:16:12
P003926,Komal Gupta,F,20/05/1998,6822953509,komal.gupta741@example.net,262415197362,Mumbai,H02,2025-08-18 14:13:59
P003927,Gaurav Menon,MALE,1999-07-31,+91 67388 91007,gaurav.menon686@mail.example.com,346111409328,CHANDIGARH,H04,2025-09-19 07:31:08
P003928,Pranav Agarwal,M,1962-08-15,955 397 2314,pranav.agarwal11@example.net,964340297175,Chennai,H05,2025-11-28 21:55:01
P003929,Nisha Gupta,F,2022-11-16,9448786499,nisha.gupta214@example.com,819414425974,Delhi,H02,2025-11-19 20:51:49
P003930,Karan Agarwal,male,2003-03-07,6392865335,karan.agarwal205@mail.example.com,976054741421,Bengaluru,H06,2025-11-20 07:07:02
P003931,Priya Mishra,F,1966-07-13,880 955 3443,priya.mishra511@mail.example.com,898924595950,chennai,H05,2025-07-05 09:33:25
P003932,Ananya Kapoor,F,1944-08-19,+91-8211196768,ananya.kapoor862@mail.example.com,877965353600,Bengaluru,H06,2025-06-28 16:47:14
P003933,Sunita Patil,f,1972-05-14,0864207800,sunita.patil576@example.com,232630107800,Pune,H01,2025-02-25 17:43:03
P003934,Ananya Pandey,Female,2006-09-21,06426005226,ananya.pandey423@example.com,719868462209,bengaluru,H06,2025-08-22 19:29:23
P003935,Pranav Rao,M,1963-05-28,09721050992,pranav.rao427@example.net,448691142591,CHENNAI,H05,2025-11-01 18:26:00
P003936,Rajesh Menon,M,28-Feb-1961,82223-60482,rajesh.menon192@example.org,455674392811,Bengaluru,H06,2025-07-04 17:05:53
P003937,Kavita Bose,F,2007-06-05,09909167951,kavita.bose960@example.com,763624509675,Mumbai,H02,2025-11-07 08:48:23
P003938,Varun Pandey,Male,2014-10-02,64811-81412,varun.pandey16@mail.example.com,402242858366,Chandigarh,H04,2025-12-28 12:37:43
P003939,Swati Naik,f,20-May-1964,94021-02099,swati.naik177@example.org,864782156298,Delhi,H03,2025-02-16 17:13:51
P003940,Pooja Rao,f,08-Feb-2008,08931246476,pooja.rao392@example.net,892776600117,Bengaluru,H06,2025-10-20 09:54:55
P003941,Varun Bose,MALE,1964-03-30,81691-15398,varun.bose639@example.org,627732881895,Delhi,H03,2025-03-11 17:32:46
P003942,Rohan Bose,M,04-Aug-1971,8719085069,rohan.bose234@example.com,204570243759,bengaluru,H06,2025-03-06 16:46:32
P003943,Harsh Patil,m,1979-01-13,+91-8313613251,harsh.patil332@mail.example.com,737280262190,bengaluru,H06,2025-02-19 20:35:59
P003944,Prakash Jain,Male,04-Aug-1980,696 002 1324,prakash.jain865@example.org,480929370052,Delhi,H03,2025-01-11 14:21:26
P003945,Radhika Shah,FEMALE,2006-11-08,8564927435,radhika.shah772@example.org,379171746956,Chandigarh,H04,2025-03-15 09:25:17
P003946,Meera Chopra,O,1965-03-30,+91-6220872038,meera.chopra593@example.org,382403100924,Bengaluru,H06,2025-12-02 15:55:49
P003947,Nikhil Pandey,MALE,2006-11-05,65508-67198,nikhil.pandey385@example.net,693239266913,Bengaluru,H06,2025-07-03 12:42:32
P003948,Shruti Kulkarni,,29-Apr-1978,06050910044,shruti.kulkarni908@example.com,461839152202,Chandigarh ,H04,2025-09-28 18:30:21
P003949,Arjun Sharma,M,18/09/1959,656 068 7759,arjun.sharma11@mail.example.com,430268490243,Bengaluru,H06,2025-12-15 09:27:56
P003950,Siddharth Bose,M,16/04/2019,+91-8183092467,siddharth.bose750@,480662506756,Pune,H01,2025-01-10 14:44:25
P003951,Anil Rao,M,2003-12-17,+91-8040968469,anil.rao855@mail.example.com,216923536133,Bengaluru,H02,2025-08-15 19:20:29
P003952,  Tushar Mehta ,M,1957-11-08,07287269366,tushar.mehta647@example.org,505704764101,Chennai,H05,2025-08-11 17:55:12
P003953,Nikhil Nair,male,2000-07-25,98424-21716,nikhil.nair120@example.com,735357937782,Pune,H01,2025-03-17 21:53:04
P003954,Siddharth Bose,M,2001-02-05,7186262518,siddharth.bose435@mail.example.com,208210212878,Pune,H01,2025-12-12 09:12:58
P003955,Deepak Desai,M,26/01/2013,745 444 8282,deepak.desai201.example.net,418312212642,Mumbai,H06,2025-11-10 11:58:29
P003956,Arjun Chopra,M,1949-12-12,+91-9961213105,arjun.chopra576@example.org,881203938023,Bombay,H02,2025-12-14 19:19:51
P003957,Ritu Kapoor,F,26-Jan-1969,+91-9581279806,ritu.kapoor751@example.net,983405315519,Bengaluru,H06,2025-08-04 09:32:37
P003958,Anjali Gowda,F,1982-10-23,09961276849,anjali.gowda210@example.com,517006437373,Bengaluru,H06,2025-11-26 07:27:42
P003959,Bhavna Sharma,female,06-May-1968,+91-6144499428,bhavna.sharma57@mail.example.com,905775700290,Mumbai,H02,2025-06-17 12:24:56
P003960,  Shweta Bose ,F,05/04/1991,+91 64435 47983,shweta.bose41@example.org,202034477468,bengaluru,H06,2025-12-23 12:01:16
P003961,Swati Yadav,f,1971-05-02,+91 93683 54120,swati.yadav748@example.org,609417649529,Pune,H01,2025-12-15 20:30:32
P003962,Nikhil Joshi,M,1974-06-07,715 984 0911,nikhil.joshi913@example.org,626370651134,Chennai,H05,2025-03-04 08:05:15
P003963,Harsh Malhotra,M,20/02/1967,755 365 4185,harsh.malhotra714@example.org,990462311402,Delhi,H03,2025-04-23 19:26:01
P003964,Kavita Bose,F,01-Dec-2015,978 300 7512,kavita.bose543@example.org,425944190960,bengaluru,H05,2025-12-13 09:14:56
P003965,Rekha Deshmukh,F,1986-04-09,9337143004,rekha.deshmukh777@example.net,243363775356,chennai,H05,2025-01-26 12:30:19
P003966,Tanvi Gowda,other,09/11/1994,09601909643,tanvi.gowda699@example.com,264105507824,Mumbai,H02,2025-07-27 19:52:54
P003967,Shruti Chopra,F,2002-12-20,+91 70344 60565,shruti.chopra909@example.com,401453507914,Chandigarh,H04,2025-01-25 11:03:08
P003968,  Radhika Mehta ,female,25/06/1987,07244015259,radhika.mehta910@example.com,666400074458,delhi,H03,2025-11-15 17:46:41
P003969,Siddharth Rao,M,1949-11-01,+91-7449575353,siddharth.rao166@mail.example.com,820631797835,Delhi,H03,2025-08-11 10:06:30
P003970,Neha Reddy,f,1983-03-12,+91 90987 34022,neha.reddy107@example.org,451856518670,Chandigarh,H04,2025-06-30 18:43:19
P003971,Siddharth Nair,male,29/11/1993,98280-00415,,803804256092,CHENNAI,H05,2025-11-18 11:34:11
P003972,Radhika Joshi,F,22/06/2024,8779553002,radhika.joshi773@example.net,596439535669,chennai,H05,2025-11-22 11:24:01
P003973,Divya Bose,f,27-Aug-2008,8433228208,divya.bose742@mail.example.com,265449206719,Bombay,H02,2025-05-25 11:52:34
P003974,Manish Patil,M,05-Jan-1953,7009348100,manish.patil518@example.org,615937391472,Pune,H01,2025-12-29 13:43:04
P003975,Tushar Sharma,male,2015-11-08,+91 88491 0213,tushar.sharma563@mail.example.com,593616721971,Pune,H01,2025-05-10 17:53:51
P003976,Shweta Joshi,F,20-May-1985,70542-98246,shweta.joshi916@example.org,312270593473,Mumbai,H02,2025-09-21 18:56:08
P003977,Arjun Singh,M,18/12/1987,08662408346,arjun.singh191@example.net,710470321482,Chandigarh,H04,2025-02-01 15:53:01
P003978,Anil Reddy,m,27/07/2006,+91-7361327985,anil.reddy332@example.com,425794516829,PUNE ,H04,2025-03-10 11:06:42
P003979,Karan Shah,M,1985-06-28,85585-71985,karan.shah319@,885303935694,Chennai,H05,2025-06-07 13:38:13
P003980,Pooja Rao,female,12-Nov-2003,8009481519,pooja.rao819@example.org,492415616367,chandigarh,H04,2025-09-10 12:44:47
P003981,Shweta Mehta,Female,09/09/1992,6460342990,shweta.mehta821@mail.example.com,309553820723,Bengaluru,H06,2025-10-26 19:35:00
P003982,Pooja Bhatt,Female,15/09/1944,+91-8481210683,pooja.bhatt188@example.org,557481527862,Chennai,H05,2025-10-08 20:57:05
P003983,Sandeep Pillai,M,1996-04-12,06313689648,sandeep.pillai393@example.com,217221264657,Bengaluru,H06,2025-04-01 10:58:05
P003984,Bhavna Pandey,F,24/11/1938,637 806 4562,bhavna.pandey250@mail.example.com,378805826621,Pune,H01,2025-09-13 21:56:23
P003985,Anil Reddy,M,07-Sep-1953,8188883533,anil.reddy969@example.com,426691424302,delhi,H02,2025-09-03 13:21:10
P003986,Sneha Patil,F,1973-08-29,9045768860,sneha.patil338@example.net,517181901880,Mumbai,H02,2025-01-31 16:37:48
P003987,Anil Yadav,MALE,1944-06-22,7598446067,anil.yadav653@mail.example.com,345163710178,Pune,H01,2025-06-21 19:52:05
P003988,Sunita Nair,F,1949-07-30,+91-7692661598,sunita.nair469@example.org,635243982915,Mumbai,H02,2025-12-03 12:15:38
P003989,Tushar Shah,Male,1981-01-18,73262-95161,tushar.shah113@example.net,387674855927,Delhi,H03,2025-11-18 09:27:45
P003990,Tanvi Verma,F,2006-05-15,09114569658,,247652479816,BANGALORE ,H06,2025-12-24 14:15:14
P003991,Varun Gowda,MALE,11/10/1988,9467942950,varun.gowda512@example.net,747715748786,Pune,H01,2025-05-09 10:21:49
P003992,Pallavi Deshmukh,f,1998-01-27,09614632131,pallavi.deshmukh148@mail.example.com,213290072289,Madras,H01,2025-04-02 14:23:02
P003993,Kunal Patil,Male,24-Sep-1973,+91 99863 43139,kunal.patil978@example.org,520294773784,Chennai,H05,2025-01-22 12:56:28
P003994,Varun Pandey,M,1967-09-09,888 699 7596,varun.pandey724@mail.example.com,302491944981,Mumbai,H02,2025-07-09 07:37:57
P003995,Shruti Kulkarni,F,2009-01-25,+91 74370 49867,shruti.kulkarni513@example.org,943395376203,Bengaluru,H06,2025-02-09 15:11:34
P003996,Bhavna Iyer,F,13/10/2003,08552734562,bhavna.iyer215@example.com,874108272070,Bengaluru,H06,2025-10-22 15:27:30
P003997,Mansi Gowda,F,09/06/1941,+91 69748 86900,mansi.gowda558@example.net,748274949613,Chennai,H05,2025-05-03 11:36:30
P003998,Anil Naik,m,1938-10-09,83101-5528,anil.naik317@example.net,762705715715,Mumbai,H02,2025-11-20 21:48:47
P003999,Rekha Deshmukh,F,26/12/1985,+91 80689 41899,rekha.deshmukh330@example.com,952487543399, Pune,H01,2025-05-04 19:26:24
P004000,Sneha Kapoor,F,1953-05-14,7213831535,sneha kapoor235@example.net,328870394006,Pune,H01,2025-11-03 19:00:18
